EEG1,EEG2,EEG3,EEG4,EEG5,EEG6,EEG7,EEG8,AccX,AccY,AccZ,GyroX,GyroY,GyroZ,Battery,Counter,Timestamp
-386325.5,-294400.28125,-277172.625,-362574.53125,170110.28125,-371345.71875,-440353.59375,-750000.0625,0.373046875,0.893798828125,0.60107421875,-0.12195122241973877,2.591463327407837,0.060975611209869385,86.66666412353516,133446.0,873403.896274541
-386226.34375,-294332.6875,-277099.59375,-362570.5,169667.0,-371365.21875,-440335.09375,-750000.0625,0.373046875,0.89404296875,0.60009765625,-0.09146341681480408,2.5,0.0,86.66666412353516,133447.0,873403.896304041
-386222.9375,-294345.46875,-277136.59375,-362589.1875,169908.125,-371345.96875,-440364.40625,-750000.0625,0.371337890625,0.894775390625,0.60107421875,-0.12195122241973877,2.4695122241973877,0.060975611209869385,86.66666412353516,133448.0,873403.896320333
-386321.65625,-294419.15625,-277219.375,-362598.3125,170425.171875,-371323.375,-440390.6875,-750000.0625,0.371337890625,0.892822265625,0.60107421875,-0.09146341681480408,2.4390244483947754,0.060975611209869385,86.66666412353516,133449.0,873403.896335291
-386348.90625,-294422.90625,-277201.0625,-362588.125,170221.40625,-371348.75,-440370.65625,-750000.0625,0.37109375,0.893798828125,0.601806640625,-0.12195122241973877,2.5,0.12195122241973877,86.66666412353516,133450.0,873403.896349833
-386258.15625,-294357.375,-277123.1875,-362584.0,169728.59375,-371380.84375,-440347.15625,-750000.0625,0.37109375,0.895263671875,0.60107421875,-0.18292683362960815,2.408536672592163,0.15243902802467346,86.66666412353516,133451.0,873403.89636425
-386227.59375,-294350.75,-277138.28125,-362599.03125,169843.578125,-371366.71875,-440369.59375,-750000.0625,0.37255859375,0.894287109375,0.60302734375,-0.15243902802467346,2.4390244483947754,0.18292683362960815,86.66666412353516,133452.0,873403.896378916
-386315.65625,-294420.125,-277223.59375,-362609.40625,170385.375,-371335.53125,-440400.4375,-750000.0625,0.3720703125,0.896484375,0.599609375,-0.15243902802467346,2.4390244483947754,0.21341463923454285,86.66666412353516,133453.0,873403.896393125
-386368.3125,-294442.5625,-277227.0,-362601.09375,170331.734375,-371352.875,-440386.84375,-750000.0625,0.37353515625,0.89404296875,0.60107421875,-0.15243902802467346,2.5,0.3048780560493469,86.66666412353516,133454.0,873403.8964075
-386284.53125,-294378.8125,-277146.53125,-362592.875,169776.96875,-371386.46875,-440359.40625,-750000.0625,0.37109375,0.892333984375,0.6005859375,-0.15243902802467346,2.5,0.24390244483947754,86.66666412353516,133455.0,873403.896421541
-386231.53125,-294353.15625,-277139.1875,-362605.09375,169759.171875,-371379.5,-440372.1875,-750000.0625,0.3720703125,0.892333984375,0.602294921875,-0.15243902802467346,2.5304877758026123,0.24390244483947754,86.66666412353516,133456.0,873403.896435541
-386307.96875,-294417.1875,-277224.125,-362620.5625,170310.546875,-371349.75,-440407.875,-750000.0625,0.3740234375,0.892578125,0.6005859375,-0.24390244483947754,2.591463327407837,0.24390244483947754,86.66666412353516,133457.0,873403.89644975
-386383.15625,-294457.9375,-277251.5625,-362616.8125,170412.375,-371358.9375,-440404.375,-750000.0625,0.373779296875,0.892822265625,0.599853515625,-0.21341463923454285,2.5609755516052246,0.24390244483947754,86.66666412353516,133458.0,873403.896463666
-386316.65625,-294402.0625,-277174.78125,-362606.0,169876.921875,-371396.21875,-440373.875,-750000.0625,0.3740234375,0.893798828125,0.6005859375,-0.15243902802467346,2.5,0.15243902802467346,86.66666412353516,133459.0,873403.896477541
-386248.15625,-294365.3125,-277148.5,-362616.90625,169732.0,-371400.96875,-440380.96875,-750000.0625,0.37353515625,0.89404296875,0.601318359375,-0.15243902802467346,2.4390244483947754,0.27439025044441223,86.66666412353516,133460.0,873403.896491458
-386306.375,-294419.0625,-277227.0625,-362634.78125,170227.3125,-371370.21875,-440418.3125,-750000.0625,0.37060546875,0.893798828125,0.60302734375,-0.12195122241973877,2.5,0.12195122241973877,86.66666412353516,133461.0,873403.896505208
-386390.5,-294468.78125,-277269.8125,-362629.53125,170473.359375,-371364.125,-440418.9375,-750000.0625,0.37060546875,0.89501953125,0.602294921875,-0.18292683362960815,2.5304877758026123,0.18292683362960815,86.66666412353516,133462.0,873403.896518958
-386344.90625,-294422.71875,-277200.78125,-362615.84375,169973.75,-371398.03125,-440385.59375,-750000.0625,0.37158203125,0.893310546875,0.603271484375,-0.21341463923454285,2.4695122241973877,0.18292683362960815,86.66666412353516,133463.0,873403.89653275
-386258.34375,-294370.15625,-277153.75,-362621.5625,169679.953125,-371405.0,-440382.5625,-750000.0625,0.37451171875,0.89306640625,0.60546875,-0.15243902802467346,2.5304877758026123,0.15243902802467346,86.66666412353516,133464.0,873403.896546416
-386295.90625,-294412.625,-277222.0625,-362642.21875,170117.25,-371383.25,-440421.625,-750000.0625,0.372314453125,0.893798828125,0.602783203125,-0.030487805604934692,2.378048896789551,0.12195122241973877,86.66666412353516,133465.0,873403.89656175
-386391.5625,-294475.90625,-277284.9375,-362644.0,170490.96875,-371372.09375,-440434.40625,-750000.0625,0.373291015625,0.8935546875,0.600341796875,-0.09146341681480408,2.408536672592163,0.060975611209869385,86.66666412353516,133466.0,873403.898172208
-386369.9375,-294446.25,-277231.625,-362630.59375,170082.109375,-371405.53125,-440404.90625,-750000.0625,0.372314453125,0.894287109375,0.600830078125,-0.12195122241973877,2.4390244483947754,0.030487805604934692,86.66666412353516,133467.0,873403.898195791
-386274.0,-294383.84375,-277167.1875,-362630.84375,169705.984375,-371424.03125,-440392.5625,-750000.0625,0.373046875,0.893310546875,0.601318359375,-0.09146341681480408,2.408536672592163,-0.09146341681480408,86.66666412353516,133468.0,873403.900642041
-386286.15625,-294407.96875,-277215.625,-362648.75,170023.375,-371398.90625,-440424.0625,-750000.0625,0.3740234375,0.894287109375,0.60302734375,-0.15243902802467346,2.4695122241973877,0.030487805604934692,86.66666412353516,133469.0,873403.900693458
-386390.3125,-294483.875,-277295.46875,-362657.84375,170492.484375,-371381.21875,-440447.65625,-750000.0625,0.376708984375,0.89453125,0.600341796875,-0.12195122241973877,2.4390244483947754,0.18292683362960815,86.66666412353516,133470.0,873403.930837083
-386396.21875,-294472.34375,-277261.84375,-362646.15625,170199.0625,-371410.625,-440423.4375,-750000.0625,0.373779296875,0.893310546875,0.601318359375,-0.09146341681480408,2.5304877758026123,0.12195122241973877,86.66666412353516,133471.0,873403.931921416
-386296.34375,-294404.125,-277186.5,-362641.9375,169726.90625,-371433.5,-440403.9375,-750000.0625,0.372314453125,0.89404296875,0.600830078125,-0.12195122241973877,2.5609755516052246,0.09146341681480408,86.66666412353516,133472.0,873403.931939916
-386281.96875,-294408.3125,-277214.84375,-362658.3125,169925.375,-371415.09375,-440429.3125,-750000.0625,0.37255859375,0.89501953125,0.599365234375,-0.12195122241973877,2.5,0.030487805604934692,86.66666412353516,133473.0,873403.935593541
-386377.34375,-294479.5,-277299.5,-362667.59375,170460.484375,-371390.25,-440457.21875,-750000.0625,0.371826171875,0.895751953125,0.600830078125,-0.18292683362960815,2.4695122241973877,0.030487805604934692,86.66666412353516,133474.0,873403.935629208
-386412.5,-294488.0,-277287.25,-362657.21875,170308.84375,-371411.96875,-440438.1875,-750000.0625,0.371337890625,0.892822265625,0.60009765625,-0.15243902802467346,2.408536672592163,0.15243902802467346,86.66666412353516,133475.0,873403.937026416
-386322.09375,-294421.8125,-277207.125,-362651.6875,169783.3125,-371442.71875,-440413.0625,-750000.0625,0.373046875,0.893310546875,0.599853515625,-0.18292683362960815,2.4390244483947754,0.24390244483947754,86.66666412353516,133476.0,873403.940517875
-386283.375,-294410.46875,-277215.625,-362666.875,169847.859375,-371431.71875,-440433.78125,-750000.0625,0.371826171875,0.895751953125,0.605712890625,-0.15243902802467346,2.317073106765747,0.21341463923454285,86.66666412353516,133477.0,873403.972845458
-386368.59375,-294479.40625,-277302.34375,-362680.125,170402.8125,-371402.9375,-440466.875,-750000.0625,0.371826171875,0.89453125,0.606689453125,-0.15243902802467346,2.4695122241973877,0.21341463923454285,86.66666412353516,133478.0,873403.972872916
-386427.96875,-294507.375,-277313.96875,-362673.5,170403.625,-371417.5,-440457.125,-750000.0625,0.372802734375,0.895263671875,0.606689453125,-0.15243902802467346,2.3475608825683594,0.24390244483947754,86.66666412353516,133479.0,873403.972888875
-386350.71875,-294447.65625,-277234.59375,-362665.09375,169857.96875,-371452.8125,-440428.96875,-750000.0625,0.37451171875,0.894287109375,0.60595703125,-0.18292683362960815,2.378048896789551,0.27439025044441223,86.66666412353516,133480.0,873403.972903791
-386292.875,-294419.78125,-277220.71875,-362677.15625,169788.59375,-371449.4375,-440440.59375,-750000.0625,0.372314453125,0.89404296875,0.60400390625,-0.21341463923454285,2.408536672592163,0.24390244483947754,86.66666412353516,133481.0,873403.972918875
-386362.34375,-294480.125,-277303.875,-362693.0,170325.203125,-371419.28125,-440476.96875,-750000.0625,0.37255859375,0.89306640625,0.60302734375,-0.21341463923454285,2.4390244483947754,0.12195122241973877,86.66666412353516,133482.0,873403.972933083
-386437.875,-294521.4375,-277335.4375,-362687.53125,170479.53125,-371422.5,-440473.84375,-750000.0625,0.373779296875,0.89404296875,0.60107421875,-0.24390244483947754,2.408536672592163,0.21341463923454285,86.66666412353516,133483.0,873403.974250125
-386376.90625,-294468.84375,-277261.15625,-362676.375,169951.21875,-371458.625,-440443.0,-750000.0625,0.37451171875,0.89453125,0.601806640625,-0.21341463923454285,2.5,0.12195122241973877,86.66666412353516,133484.0,873403.97552675
-386299.125,-294424.25,-277225.28125,-362683.59375,169754.703125,-371462.65625,-440444.25,-750000.0625,0.373291015625,0.89404296875,0.601806640625,-0.12195122241973877,2.5304877758026123,0.12195122241973877,86.66666412353516,133485.0,873403.976731791
-386349.8125,-294473.59375,-277299.75,-362701.84375,170233.203125,-371433.59375,-440481.0,-750000.0625,0.3720703125,0.894287109375,0.602783203125,-0.18292683362960815,2.5,0.12195122241973877,86.66666412353516,133486.0,873403.977983375
-386440.375,-294529.5625,-277351.09375,-362700.3125,170526.90625,-371426.1875,-440486.8125,-750000.0625,0.37109375,0.8935546875,0.604736328125,-0.21341463923454285,2.4695122241973877,0.15243902802467346,86.66666412353516,133487.0,873403.97919125
-386407.03125,-294491.9375,-277289.9375,-362689.34375,170062.4375,-371462.84375,-440456.78125,-750000.0625,0.37255859375,0.891845703125,0.603515625,-0.12195122241973877,2.4695122241973877,0.15243902802467346,86.66666412353516,133488.0,873403.980674083
-386316.1875,-294436.75,-277236.8125,-362692.71875,169744.875,-371475.8125,-440451.0625,-750000.0625,0.370849609375,0.892333984375,0.602783203125,-0.09146341681480408,2.3475608825683594,0.21341463923454285,86.66666412353516,133489.0,873404.014836416
-386343.5625,-294471.625,-277296.46875,-362710.4375,170133.875,-371448.8125,-440485.46875,-750000.0625,0.371337890625,0.8935546875,0.602294921875,-0.15243902802467346,2.408536672592163,0.18292683362960815,86.66666412353516,133490.0,873404.014865666
-386442.625,-294539.40625,-277364.75,-362713.75,170546.40625,-371434.0625,-440501.21875,-750000.0625,0.374755859375,0.89306640625,0.601806640625,-0.09146341681480408,2.5,0.12195122241973877,86.66666412353516,133491.0,873404.014880708
-386432.0625,-294516.96875,-277318.4375,-362701.125,170177.15625,-371466.875,-440473.40625,-750000.0625,0.372802734375,0.893798828125,0.601806640625,-0.09146341681480408,2.5,0.18292683362960815,86.66666412353516,133492.0,873404.018135083
-386333.53125,-294451.78125,-277250.21875,-362699.96875,169757.03125,-371486.53125,-440458.28125,-750000.0625,0.370849609375,0.892578125,0.599853515625,-0.060975611209869385,2.5304877758026123,0.12195122241973877,86.66666412353516,133493.0,873404.018152416
-386336.9375,-294468.5,-277292.53125,-362718.375,170035.890625,-371464.71875,-440488.96875,-750000.0625,0.369384765625,0.8935546875,0.601318359375,-0.060975611209869385,2.5,0.060975611209869385,86.66666412353516,133494.0,873404.020581875
-386434.75,-294538.5,-277371.90625,-362724.8125,170535.671875,-371442.28125,-440511.75,-750000.0625,0.371337890625,0.89208984375,0.599365234375,-0.09146341681480408,2.5,0.12195122241973877,86.66666412353516,133495.0,873404.020636291
-386452.625,-294535.71875,-277347.15625,-362714.375,170289.453125,-371470.34375,-440490.03125,-750000.0625,0.373046875,0.8935546875,0.601318359375,-0.060975611209869385,2.5,0.18292683362960815,86.66666412353516,133496.0,873404.021836083
-386356.0625,-294468.9375,-277269.8125,-362710.15625,169792.96875,-371496.625,-440468.9375,-750000.0625,0.3720703125,0.892333984375,0.602294921875,-0.12195122241973877,2.4390244483947754,0.12195122241973877,86.66666412353516,133497.0,873404.022966208
-386335.15625,-294468.6875,-277291.53125,-362726.34375,169947.828125,-371481.25,-440492.90625,-750000.0625,0.37158203125,0.893310546875,0.601806640625,-0.060975611209869385,2.378048896789551,0.15243902802467346,86.66666412353516,133498.0,873404.024125666
-386429.03125,-294540.75,-277378.53125,-362738.3125,170494.1875,-371455.9375,-440524.1875,-750000.0625,0.372314453125,0.89501953125,0.601806640625,-0.060975611209869385,2.4695122241973877,0.12195122241973877,86.66666412353516,133499.0,873404.02550825
-386475.4375,-294557.28125,-277375.40625,-362730.1875,170397.71875,-371475.4375,-440507.90625,-750000.0625,0.373291015625,0.89453125,0.602294921875,-0.12195122241973877,2.317073106765747,0.060975611209869385,86.66666412353516,133500.0,873404.034132541
-386388.4375,-294493.34375,-277294.75,-362722.6875,169866.640625,-371508.34375,-440481.96875,-750000.0625,0.372314453125,0.8955078125,0.60205078125,-0.060975611209869385,2.5,0.060975611209869385,86.66666412353516,133501.0,873404.062324791
-386341.40625,-294474.5,-277293.6875,-362735.28125,169886.40625,-371499.59375,-440498.4375,-750000.0625,0.37451171875,0.894775390625,0.6015625,-0.15243902802467346,2.5,0.060975611209869385,86.66666412353516,133502.0,873404.062351458
-386423.75,-294542.625,-277381.21875,-362750.84375,170434.28125,-371470.34375,-440533.9375,-750000.0625,0.373291015625,0.895263671875,0.59765625,-0.09146341681480408,2.5609755516052246,0.0,86.66666412353516,133503.0,873404.062366875
-386486.59375,-294572.84375,-277397.5625,-362741.90625,170489.546875,-371478.125,-440523.75,-750000.0625,0.372314453125,0.893310546875,0.598388671875,-0.21341463923454285,2.5,0.12195122241973877,86.66666412353516,133504.0,873404.0655895
-386411.6875,-294512.3125,-277317.75,-362730.625,169940.40625,-371512.375,-440492.90625,-750000.0625,0.372314453125,0.89501953125,0.59814453125,-0.12195122241973877,2.408536672592163,0.09146341681480408,86.66666412353516,133505.0,873404.065606916
-386346.9375,-294479.0625,-277297.0,-362742.53125,169830.25,-371513.625,-440502.28125,-750000.0625,0.37255859375,0.89453125,0.60205078125,-0.15243902802467346,2.5304877758026123,0.15243902802467346,86.66666412353516,133506.0,873404.068072125
-386411.15625,-294536.28125,-277378.34375,-362760.21875,170350.0625,-371484.21875,-440539.5625,-750000.0625,0.372802734375,0.894775390625,0.6005859375,-0.09146341681480408,2.4695122241973877,0.18292683362960815,86.66666412353516,133507.0,873404.068097291
-386494.46875,-294585.0,-277418.3125,-362756.90625,170554.8125,-371484.125,-440541.0,-750000.0625,0.373291015625,0.894287109375,0.6005859375,-0.12195122241973877,2.5304877758026123,0.12195122241973877,86.66666412353516,133508.0,873404.069287458
-386441.28125,-294536.90625,-277347.34375,-362744.84375,170041.875,-371520.5,-440509.78125,-750000.0625,0.373291015625,0.894287109375,0.6025390625,-0.21341463923454285,2.4390244483947754,0.21341463923454285,86.66666412353516,133509.0,873404.070573375
-386358.21875,-294487.53125,-277304.40625,-362750.125,169802.453125,-371527.21875,-440507.65625,-750000.0625,0.3740234375,0.893310546875,0.6015625,-0.21341463923454285,2.5,0.15243902802467346,86.66666412353516,133510.0,873404.073852416
-386402.28125,-294532.78125,-277374.96875,-362768.8125,170252.609375,-371499.75,-440545.09375,-750000.0625,0.37255859375,0.894287109375,0.599365234375,-0.12195122241973877,2.378048896789551,0.18292683362960815,86.66666412353516,133511.0,873404.11083675
-386498.125,-294593.9375,-277433.34375,-362769.78125,170592.171875,-371489.9375,-440554.65625,-750000.0625,0.371826171875,0.892578125,0.60009765625,-0.18292683362960815,2.408536672592163,0.18292683362960815,86.66666412353516,133512.0,873404.113782125
-386473.8125,-294562.71875,-277377.1875,-362758.0,170156.140625,-371524.78125,-440524.625,-750000.0625,0.372314453125,0.89306640625,0.599609375,-0.21341463923454285,2.5,0.21341463923454285,86.66666412353516,133513.0,873404.113808458
-386378.78125,-294503.625,-277317.75,-362759.34375,169795.5625,-371540.1875,-440515.6875,-750000.0625,0.372802734375,0.893798828125,0.60205078125,-0.18292683362960815,2.408536672592163,0.24390244483947754,86.66666412353516,133514.0,873404.113823666
-386397.46875,-294531.71875,-277371.1875,-362776.9375,170150.515625,-371515.125,-440547.875,-750000.0625,0.372314453125,0.894775390625,0.601318359375,-0.24390244483947754,2.4695122241973877,0.18292683362960815,86.66666412353516,133515.0,873404.113838166
-386494.65625,-294597.96875,-277443.1875,-362780.875,170597.09375,-371496.1875,-440565.65625,-750000.0625,0.372314453125,0.892822265625,0.600830078125,-0.18292683362960815,2.4695122241973877,0.18292683362960815,86.66666412353516,133516.0,873404.113852958
-386494.03125,-294582.125,-277404.09375,-362769.0,170265.3125,-371527.65625,-440539.65625,-750000.0625,0.37451171875,0.892578125,0.6015625,-0.15243902802467346,2.5304877758026123,0.15243902802467346,86.66666412353516,133517.0,873404.115836458
-386396.9375,-294516.59375,-277332.03125,-362766.3125,169815.765625,-371550.09375,-440521.9375,-750000.0625,0.373779296875,0.895263671875,0.60009765625,-0.060975611209869385,2.4695122241973877,0.060975611209869385,86.66666412353516,133518.0,873404.115859708
-386393.625,-294529.5625,-277369.15625,-362785.4375,170059.578125,-371532.40625,-440552.09375,-750000.0625,0.375244140625,0.89453125,0.602783203125,-0.15243902802467346,2.408536672592163,0.12195122241973877,86.66666412353516,133519.0,873404.115874166
-386492.40625,-294602.59375,-277453.1875,-362795.28125,170577.0625,-371509.0625,-440579.625,-750000.0625,0.373291015625,0.892578125,0.601806640625,-0.15243902802467346,2.408536672592163,-0.030487805604934692,86.66666412353516,133520.0,873404.120862333
-386519.40625,-294606.4375,-277435.3125,-362785.4375,170380.015625,-371534.375,-440559.84375,-750000.0625,0.372314453125,0.892578125,0.603515625,0.0,2.4695122241973877,0.0,86.66666412353516,133521.0,873404.12087925
-386424.75,-294538.5,-277355.09375,-362778.8125,169872.1875,-371563.5,-440534.90625,-750000.0625,0.37158203125,0.894287109375,0.60205078125,-0.09146341681480408,2.408536672592163,0.060975611209869385,86.66666412353516,133522.0,873404.120893333
-386396.46875,-294533.21875,-277370.5,-362795.375,169984.65625,-371551.78125,-440557.875,-750000.0625,0.369873046875,0.894287109375,0.599609375,-0.09146341681480408,2.5,0.09146341681480408,86.66666412353516,133523.0,873404.123095791
-386485.34375,-294602.78125,-277457.03125,-362807.15625,170531.109375,-371521.84375,-440589.4375,-750000.0625,0.37255859375,0.895263671875,0.6025390625,-0.24390244483947754,2.4390244483947754,0.060975611209869385,86.66666412353516,133524.0,873404.123115458
-386541.15625,-294626.03125,-277461.40625,-362799.84375,170486.671875,-371537.59375,-440575.3125,-750000.0625,0.372314453125,0.896240234375,0.60107421875,-0.18292683362960815,2.4695122241973877,0.12195122241973877,86.66666412353516,133525.0,873404.12669675
-386456.75,-294562.8125,-277380.5,-362791.0,169925.46875,-371570.125,-440548.5,-750000.0625,0.372802734375,0.894287109375,0.603271484375,-0.060975611209869385,2.4695122241973877,0.030487805604934692,86.66666412353516,133526.0,873404.155800208
-386402.65625,-294538.0625,-277372.375,-362803.15625,169906.875,-371565.03125,-440561.75,-750000.0625,0.369873046875,0.8935546875,0.604736328125,-0.09146341681480408,2.5,0.12195122241973877,86.66666412353516,133527.0,873404.157058375
-386477.65625,-294601.34375,-277457.03125,-362818.34375,170454.140625,-371535.53125,-440597.3125,-750000.0625,0.3701171875,0.89599609375,0.605712890625,0.0,2.5,0.060975611209869385,86.66666412353516,133528.0,873404.15708
-386550.71875,-294640.59375,-277484.3125,-362814.15625,170561.875,-371543.125,-440593.65625,-750000.0625,0.37255859375,0.894775390625,0.60400390625,-0.18292683362960815,2.4695122241973877,0.09146341681480408,86.66666412353516,133529.0,873404.157094583
-386481.6875,-294582.5,-277406.15625,-362801.34375,170021.671875,-371577.46875,-440561.46875,-750000.0625,0.37060546875,0.89404296875,0.60107421875,-0.09146341681480408,2.378048896789551,0.21341463923454285,86.66666412353516,133530.0,873404.160791583
-386409.625,-294542.625,-277376.84375,-362810.21875,169866.546875,-371580.0625,-440566.21875,-750000.0625,0.37158203125,0.893798828125,0.602783203125,-0.12195122241973877,2.5304877758026123,0.12195122241973877,86.66666412353516,133531.0,873404.160862416
-386467.375,-294596.53125,-277455.15625,-362828.8125,170363.5625,-371551.15625,-440604.03125,-750000.0625,0.37353515625,0.893310546875,0.600341796875,-0.060975611209869385,2.5609755516052246,0.12195122241973877,86.66666412353516,133532.0,873404.160878708
-386555.4375,-294649.71875,-277501.75,-362826.65625,170616.234375,-371547.78125,-440608.125,-750000.0625,0.37255859375,0.893310546875,0.599853515625,-0.12195122241973877,2.591463327407837,0.21341463923454285,86.66666412353516,133533.0,873404.1680535
-386512.4375,-294608.15625,-277436.65625,-362815.84375,170128.34375,-371586.03125,-440578.71875,-750000.0625,0.3701171875,0.894287109375,0.599609375,-0.15243902802467346,2.408536672592163,0.21341463923454285,86.66666412353516,133534.0,873404.16814975
-386425.375,-294555.59375,-277387.65625,-362820.40625,169854.390625,-371597.5625,-440574.4375,-750000.0625,0.37158203125,0.894287109375,0.60205078125,-0.12195122241973877,2.378048896789551,0.18292683362960815,86.66666412353516,133535.0,873404.169449083
-386461.125,-294595.0,-277452.21875,-362839.0,170268.703125,-371568.34375,-440609.65625,-750000.0625,0.369140625,0.89501953125,0.6025390625,-0.12195122241973877,2.408536672592163,0.21341463923454285,86.66666412353516,133536.0,873404.169466708
-386561.34375,-294660.71875,-277516.9375,-362841.84375,170647.796875,-371555.46875,-440622.71875,-750000.0625,0.37158203125,0.8955078125,0.6005859375,-0.18292683362960815,2.4390244483947754,0.15243902802467346,86.66666412353516,133537.0,873404.202133583
-386541.9375,-294631.65625,-277465.34375,-362829.15625,170240.09375,-371589.4375,-440594.28125,-750000.0625,0.37158203125,0.8955078125,0.601318359375,-0.18292683362960815,2.4390244483947754,0.24390244483947754,86.66666412353516,133538.0,873404.202153041
-386444.75,-294569.71875,-277400.96875,-362829.0625,169838.390625,-371606.34375,-440581.84375,-750000.0625,0.372314453125,0.894775390625,0.603515625,-0.18292683362960815,2.378048896789551,0.18292683362960815,86.66666412353516,133539.0,873404.205647375
-386457.375,-294594.125,-277450.40625,-362848.65625,170160.4375,-371585.0625,-440614.9375,-750000.0625,0.3720703125,0.89599609375,0.6015625,-0.15243902802467346,2.4390244483947754,0.24390244483947754,86.66666412353516,133540.0,873404.20566425
-386555.1875,-294663.0625,-277527.03125,-362854.5625,170637.515625,-371564.75,-440635.9375,-750000.0625,0.372314453125,0.8955078125,0.598876953125,-0.12195122241973877,2.378048896789551,0.24390244483947754,86.66666412353516,133541.0,873404.208174541
-386563.0625,-294652.125,-277494.21875,-362842.03125,170352.5625,-371593.375,-440611.28125,-750000.0625,0.372314453125,0.894775390625,0.59814453125,-0.27439025044441223,2.408536672592163,0.24390244483947754,86.66666412353516,133542.0,873404.210571708
-386464.78125,-294585.1875,-277418.125,-362837.75,169885.6875,-371618.59375,-440590.4375,-750000.0625,0.3720703125,0.8955078125,0.6005859375,-0.21341463923454285,2.408536672592163,0.15243902802467346,86.66666412353516,133543.0,873404.210589166
-386450.5625,-294590.0,-277445.84375,-362855.1875,170078.265625,-371600.625,-440616.4375,-750000.0625,0.373291015625,0.894287109375,0.60107421875,-0.21341463923454285,2.408536672592163,0.09146341681480408,86.66666412353516,133544.0,873404.211803416
-386545.71875,-294661.78125,-277531.15625,-362865.46875,170610.0625,-371574.15625,-440645.34375,-750000.0625,0.372802734375,0.8955078125,0.60302734375,-0.21341463923454285,2.5,0.21341463923454285,86.66666412353516,133545.0,873404.212977333
-386582.4375,-294672.15625,-277521.59375,-362856.15625,170465.3125,-371597.03125,-440628.0625,-750000.0625,0.37060546875,0.895751953125,0.60302734375,-0.15243902802467346,2.4695122241973877,0.18292683362960815,86.66666412353516,133546.0,873404.214198416
-386491.4375,-294606.625,-277441.5625,-362849.8125,169925.65625,-371627.96875,-440603.21875,-750000.0625,0.372314453125,0.89599609375,0.60107421875,-0.15243902802467346,2.591463327407837,0.09146341681480408,86.66666412353516,133547.0,873404.215519791
-386454.40625,-294595.0,-277448.53125,-362864.84375,169986.625,-371617.0625,-440622.8125,-750000.0625,0.373779296875,0.892578125,0.6015625,-0.09146341681480408,2.5,0.15243902802467346,86.66666412353516,133548.0,873404.2473735
-386541.21875,-294664.125,-277535.875,-362878.78125,170546.765625,-371588.90625,-440656.5,-750000.0625,0.37109375,0.8935546875,0.598876953125,-0.12195122241973877,2.378048896789551,0.09146341681480408,86.66666412353516,133549.0,873404.24739425
-386601.21875,-294690.84375,-277546.0,-362870.03125,170555.078125,-371599.71875,-440643.1875,-750000.0625,0.371337890625,0.89599609375,0.598388671875,-0.060975611209869385,2.5,0.030487805604934692,86.66666412353516,133550.0,873404.2474085
-386520.84375,-294629.6875,-277465.34375,-362859.75,170011.390625,-371635.46875,-440615.03125,-750000.0625,0.372314453125,0.895263671875,0.599609375,-0.060975611209869385,2.5609755516052246,0.12195122241973877,86.66666412353516,133551.0,873404.250641583
-386460.9375,-294599.5625,-277450.0625,-362871.0,169946.03125,-371633.34375,-440625.65625,-750000.0625,0.37255859375,0.893798828125,0.60205078125,-0.09146341681480408,2.5609755516052246,0.0,86.66666412353516,133552.0,873404.250665
-386530.40625,-294659.03125,-277533.21875,-362887.0,170472.375,-371601.5,-440661.6875,-750000.0625,0.37353515625,0.894775390625,0.6025390625,-0.12195122241973877,2.5609755516052246,0.060975611209869385,86.66666412353516,133553.0,873404.253189208
-386608.5625,-294702.65625,-277566.8125,-362882.71875,170633.3125,-371604.8125,-440659.8125,-750000.0625,0.373779296875,0.895263671875,0.60009765625,-0.09146341681480408,2.5,0.12195122241973877,86.66666412353516,133554.0,873404.255607291
-386551.4375,-294653.46875,-277495.375,-362873.59375,170107.5,-371643.4375,-440631.75,-750000.0625,0.373291015625,0.89501953125,0.600830078125,-0.18292683362960815,2.5,0.12195122241973877,86.66666412353516,133555.0,873404.255634041
-386476.0625,-294611.09375,-277461.0625,-362882.90625,169917.6875,-371651.5,-440634.59375,-750000.0625,0.372314453125,0.895263671875,0.6015625,-0.12195122241973877,2.4695122241973877,0.12195122241973877,86.66666412353516,133556.0,873404.256677541
-386525.3125,-294657.78125,-277532.59375,-362898.09375,170388.0625,-371619.75,-440668.40625,-750000.0625,0.372802734375,0.89453125,0.601318359375,-0.18292683362960815,2.5,0.030487805604934692,86.66666412353516,133557.0,873404.258005625
-386616.59375,-294713.90625,-277584.53125,-362896.125,170687.390625,-371611.0625,-440674.375,-750000.0625,0.371337890625,0.894287109375,0.601806640625,-0.18292683362960815,2.5304877758026123,0.18292683362960815,86.66666412353516,133558.0,873404.259164791
-386582.90625,-294677.4375,-277523.5625,-362884.5,170214.609375,-371647.5625,-440644.71875,-750000.0625,0.3720703125,0.89306640625,0.599365234375,-0.18292683362960815,2.4695122241973877,0.21341463923454285,86.66666412353516,133559.0,873404.289762
-386492.5,-294621.375,-277469.09375,-362888.0,169874.6875,-371658.09375,-440637.5625,-750000.0625,0.3720703125,0.894287109375,0.60107421875,-0.21341463923454285,2.5,0.27439025044441223,86.66666412353516,133560.0,873404.289787625
-386523.4375,-294658.5,-277531.34375,-362909.4375,170275.234375,-371636.375,-440674.65625,-750000.0625,0.370849609375,0.89404296875,0.603515625,-0.15243902802467346,2.408536672592163,0.18292683362960815,86.66666412353516,133561.0,873404.289803041
-386625.1875,-294726.15625,-277600.71875,-362913.5625,170696.0625,-371621.34375,-440689.9375,-750000.0625,0.371337890625,0.893310546875,0.600341796875,-0.18292683362960815,2.4695122241973877,0.18292683362960815,86.66666412353516,133562.0,873404.293111375
-386612.40625,-294701.40625,-277553.78125,-362899.4375,170329.953125,-371653.28125,-440662.125,-750000.0625,0.37158203125,0.8955078125,0.6025390625,-0.15243902802467346,2.408536672592163,0.3048780560493469,86.66666412353516,133563.0,873404.293129458
-386512.4375,-294634.875,-277483.75,-362897.1875,169904.28125,-371672.59375,-440645.96875,-750000.0625,0.372802734375,0.894775390625,0.603271484375,-0.18292683362960815,2.408536672592163,0.24390244483947754,86.66666412353516,133564.0,873404.293143791
-386515.5,-294652.3125,-277525.96875,-362915.875,170179.484375,-371651.65625,-440676.8125,-750000.0625,0.373779296875,0.895751953125,0.600830078125,-0.21341463923454285,2.378048896789551,0.3048780560493469,86.66666412353516,133565.0,873404.295718
-386614.90625,-294724.90625,-277607.40625,-362924.75,170679.984375,-371631.0,-440702.09375,-750000.0625,0.373291015625,0.892822265625,0.59912109375,-0.21341463923454285,2.3475608825683594,0.21341463923454285,86.66666412353516,133566.0,873404.2969175
-386633.5,-294722.15625,-277582.65625,-362913.5625,170441.796875,-371658.1875,-440679.84375,-750000.0625,0.37060546875,0.892822265625,0.600830078125,-0.12195122241973877,2.5,0.21341463923454285,86.66666412353516,133567.0,873404.30067825
-386537.3125,-294655.09375,-277504.875,-362909.09375,169953.640625,-371686.1875,-440658.03125,-750000.0625,0.37109375,0.892822265625,0.6005859375,-0.15243902802467346,2.5609755516052246,0.21341463923454285,86.66666412353516,133568.0,873404.300731458
-386514.3125,-294653.84375,-277525.875,-362925.375,170093.375,-371669.625,-440681.71875,-750000.0625,0.37109375,0.892822265625,0.601806640625,-0.12195122241973877,2.4695122241973877,0.18292683362960815,86.66666412353516,133569.0,873404.331431208
-386607.5625,-294726.0,-277612.15625,-362936.53125,170637.859375,-371642.1875,-440712.28125,-750000.0625,0.37353515625,0.89404296875,0.598876953125,-0.030487805604934692,2.408536672592163,0.12195122241973877,86.66666412353516,133570.0,873404.33145675
-386652.53125,-294742.34375,-277609.65625,-362927.5,170545.328125,-371661.15625,-440697.375,-750000.0625,0.373046875,0.89404296875,0.600830078125,-0.060975611209869385,2.5609755516052246,0.09146341681480408,86.66666412353516,133571.0,873404.331472
-386563.9375,-294676.5625,-277527.84375,-362918.84375,170007.28125,-371693.96875,-440669.75,-750000.0625,0.37353515625,0.892333984375,0.60205078125,-0.060975611209869385,2.5304877758026123,0.060975611209869385,86.66666412353516,133572.0,873404.331486291
-386517.1875,-294657.6875,-277526.84375,-362933.0625,170030.078125,-371687.78125,-440686.28125,-750000.0625,0.3720703125,0.892578125,0.6005859375,-0.12195122241973877,2.591463327407837,0.030487805604934692,86.66666412353516,133573.0,873404.331500333
-386597.03125,-294722.40625,-277612.78125,-362948.15625,170574.484375,-371655.0625,-440720.0,-750000.0625,0.372314453125,0.892333984375,0.60302734375,-0.12195122241973877,2.4390244483947754,0.030487805604934692,86.66666412353516,133574.0,873404.334292541
-386662.90625,-294755.6875,-277632.1875,-362941.46875,170636.078125,-371663.8125,-440712.5625,-750000.0625,0.3720703125,0.894775390625,0.602294921875,-0.15243902802467346,2.5,-0.030487805604934692,86.66666412353516,133575.0,873404.334345708
-386588.09375,-294696.75,-277553.40625,-362930.46875,170085.6875,-371699.125,-440683.3125,-750000.0625,0.37158203125,0.894287109375,0.602294921875,-0.12195122241973877,2.5304877758026123,-0.030487805604934692,86.66666412353516,133576.0,873404.335494458
-386520.75,-294660.8125,-277530.0625,-362940.03125,169957.125,-371697.1875,-440690.75,-750000.0625,0.371337890625,0.896240234375,0.603271484375,-0.12195122241973877,2.591463327407837,0.030487805604934692,86.66666412353516,133577.0,873404.33679525
-386582.375,-294716.59375,-277609.46875,-362956.21875,170482.03125,-371667.9375,-440726.25,-750000.0625,0.372802734375,0.895263671875,0.59619140625,-0.12195122241973877,2.5304877758026123,0.060975611209869385,86.66666412353516,133578.0,873404.337965291
-386665.59375,-294765.78125,-277649.875,-362953.09375,170695.171875,-371667.21875,-440727.75,-750000.0625,0.372314453125,0.894775390625,0.599365234375,-0.18292683362960815,2.5,0.09146341681480408,86.66666412353516,133579.0,873404.372127333
-386615.34375,-294720.28125,-277580.0625,-362941.375,170193.421875,-371705.3125,-440697.375,-750000.0625,0.37158203125,0.894775390625,0.601318359375,-0.15243902802467346,2.591463327407837,0.060975611209869385,86.66666412353516,133580.0,873404.411501416
-386535.15625,-294674.75,-277538.84375,-362949.40625,169960.515625,-371716.65625,-440697.8125,-750000.0625,0.370849609375,0.896240234375,0.5986328125,-0.24390244483947754,2.5609755516052246,0.15243902802467346,86.66666412353516,133581.0,873404.411527416
-386574.59375,-294715.71875,-277606.53125,-362965.96875,170392.984375,-371684.375,-440732.0625,-750000.0625,0.3720703125,0.895751953125,0.60302734375,-0.27439025044441223,2.378048896789551,0.060975611209869385,86.66666412353516,133582.0,873404.411542708
-386667.65625,-294775.0,-277665.25,-362966.3125,170736.75,-371673.375,-440742.25,-750000.0625,0.371337890625,0.895751953125,0.602294921875,-0.21341463923454285,2.4390244483947754,0.15243902802467346,86.66666412353516,133583.0,873404.411557041
-386641.90625,-294743.5,-277610.1875,-362955.125,170298.75,-371710.03125,-440714.4375,-750000.0625,0.37158203125,0.89501953125,0.600830078125,-0.27439025044441223,2.3475608825683594,0.24390244483947754,86.66666412353516,133584.0,873404.412655125
-386547.40625,-294683.4375,-277550.0,-362956.65625,169931.375,-371724.8125,-440703.71875,-750000.0625,0.369873046875,0.895751953125,0.601318359375,-0.21341463923454285,2.378048896789551,0.3048780560493469,86.66666412353516,133585.0,873404.415156
-386566.53125,-294710.625,-277602.59375,-362974.625,170291.140625,-371700.125,-440735.625,-750000.0625,0.371826171875,0.895751953125,0.6015625,-0.18292683362960815,2.408536672592163,0.21341463923454285,86.66666412353516,133586.0,873404.415234041
-386668.375,-294780.4375,-277676.96875,-362980.625,170743.546875,-371681.875,-440754.40625,-750000.0625,0.372314453125,0.89404296875,0.6044921875,-0.24390244483947754,2.3475608825683594,0.21341463923454285,86.66666412353516,133587.0,873404.416513625
-386669.0,-294766.5,-277640.3125,-362969.625,170418.28125,-371714.78125,-440730.96875,-750000.0625,0.373779296875,0.894775390625,0.603271484375,-0.24390244483947754,2.3475608825683594,0.27439025044441223,86.66666412353516,133588.0,873404.418983
-386569.9375,-294699.53125,-277566.375,-362966.03125,169955.875,-371735.625,-440712.21875,-750000.0625,0.373291015625,0.89404296875,0.602783203125,-0.21341463923454285,2.378048896789551,0.3048780560493469,86.66666412353516,133589.0,873404.423959666
-386565.09375,-294711.875,-277601.59375,-362984.1875,170188.421875,-371716.5625,-440741.0,-750000.0625,0.37255859375,0.893798828125,0.60009765625,-0.18292683362960815,2.5,0.3048780560493469,86.66666412353516,133590.0,873404.424016541
-386661.65625,-294783.375,-277684.40625,-362992.40625,170715.734375,-371692.4375,-440767.1875,-750000.0625,0.37158203125,0.892822265625,0.60009765625,-0.15243902802467346,2.5,0.21341463923454285,86.66666412353516,133591.0,873404.42511325
-386686.6875,-294784.71875,-277665.15625,-362980.0,170527.359375,-371715.3125,-440745.1875,-750000.0625,0.37353515625,0.89306640625,0.599853515625,-0.030487805604934692,2.591463327407837,0.18292683362960815,86.66666412353516,133592.0,873404.4262225
-386592.90625,-294717.3125,-277585.59375,-362974.53125,170010.859375,-371744.03125,-440721.59375,-750000.0625,0.373779296875,0.89404296875,0.600341796875,-0.09146341681480408,2.5304877758026123,0.15243902802467346,86.66666412353516,133593.0,873404.428896583
-386562.875,-294710.78125,-277599.625,-362990.4375,170108.9375,-371731.59375,-440743.40625,-750000.0625,0.37353515625,0.892822265625,0.6015625,-0.09146341681480408,2.5,0.18292683362960815,86.66666412353516,133594.0,873404.428940916
-386651.90625,-294781.4375,-277687.0,-363003.15625,170664.78125,-371704.5,-440775.875,-750000.0625,0.371337890625,0.89306640625,0.6025390625,-0.09146341681480408,2.5609755516052246,0.030487805604934692,86.66666412353516,133595.0,873404.463386166
-386704.3125,-294803.78125,-277691.71875,-362994.65625,170627.3125,-371720.5,-440763.34375,-750000.0625,0.372802734375,0.89306640625,0.60302734375,-0.060975611209869385,2.5609755516052246,0.060975611209869385,86.66666412353516,133596.0,873404.463412541
-386621.34375,-294740.5625,-277611.0,-362986.15625,170083.90625,-371754.9375,-440735.4375,-750000.0625,0.37353515625,0.894775390625,0.601806640625,-0.12195122241973877,2.5304877758026123,-0.030487805604934692,86.66666412353516,133597.0,873404.463427708
-386567.4375,-294715.09375,-277601.34375,-362998.21875,170048.765625,-371747.875,-440747.53125,-750000.0625,0.37548828125,0.894775390625,0.601318359375,-0.12195122241973877,2.4695122241973877,0.0,86.66666412353516,133598.0,873404.463442125
-386646.46875,-294780.25,-277687.34375,-363014.875,170596.46875,-371718.53125,-440782.9375,-750000.0625,0.3740234375,0.890869140625,0.6015625,-0.15243902802467346,2.5304877758026123,-0.060975611209869385,86.66666412353516,133599.0,873404.46345625
-386719.4375,-294821.21875,-277714.6875,-363009.6875,170710.46875,-371724.8125,-440779.8125,-750000.0625,0.373046875,0.892822265625,0.60107421875,-0.09146341681480408,2.4695122241973877,-0.060975611209869385,86.66666412353516,133600.0,873404.463470375
-386655.75,-294768.625,-277640.3125,-363000.46875,170178.3125,-371763.0625,-440752.0,-750000.0625,0.3740234375,0.893798828125,0.6025390625,-0.030487805604934692,2.5,0.030487805604934692,86.66666412353516,133601.0,873404.463484333
-386580.75,-294726.78125,-277609.375,-363008.5,170018.453125,-371765.65625,-440755.5625,-750000.0625,0.37158203125,0.8955078125,0.603271484375,-0.12195122241973877,2.4390244483947754,0.15243902802467346,86.66666412353516,133602.0,873404.463498166
-386636.1875,-294778.75,-277686.1875,-363025.59375,170507.515625,-371735.4375,-440791.78125,-750000.0625,0.371826171875,0.894775390625,0.60107421875,-0.09146341681480408,2.4390244483947754,0.12195122241973877,86.66666412353516,133603.0,873404.463512041
-386727.5625,-294835.5,-277735.8125,-363025.78125,170767.5,-371733.375,-440798.21875,-750000.0625,0.371337890625,0.895263671875,0.60302734375,0.09146341681480408,2.5304877758026123,0.030487805604934692,86.66666412353516,133604.0,873404.463525875
-386684.03125,-294792.15625,-277670.28125,-363013.6875,170279.4375,-371770.75,-440768.09375,-750000.0625,0.3720703125,0.89501953125,0.600830078125,-0.030487805604934692,2.5,0.09146341681480408,86.66666412353516,133605.0,873404.463539708
-386595.0625,-294737.53125,-277620.375,-363017.625,169992.34375,-371780.78125,-440762.90625,-750000.0625,0.370849609375,0.894287109375,0.600341796875,-0.12195122241973877,2.4390244483947754,0.21341463923454285,86.66666412353516,133606.0,873404.463553416
-386628.75,-294775.625,-277684.75,-363036.125,170408.71875,-371753.0625,-440798.3125,-750000.0625,0.371337890625,0.89404296875,0.598876953125,-0.09146341681480408,2.621951103210449,0.24390244483947754,86.66666412353516,133607.0,873404.463567208
-386725.15625,-294838.90625,-277748.59375,-363037.3125,170794.59375,-371739.1875,-440810.5625,-750000.0625,0.371826171875,0.893310546875,0.59912109375,-0.15243902802467346,2.621951103210449,0.3048780560493469,86.66666412353516,133608.0,873404.464917541
-386707.53125,-294811.5625,-277697.09375,-363023.71875,170393.421875,-371772.28125,-440781.125,-750000.0625,0.37255859375,0.89404296875,0.60009765625,-0.060975611209869385,2.4695122241973877,0.12195122241973877,86.66666412353516,133609.0,873404.466586291
-386611.40625,-294749.25,-277631.90625,-363023.875,169987.078125,-371790.15625,-440768.34375,-750000.0625,0.371337890625,0.894287109375,0.60107421875,-0.21341463923454285,2.3475608825683594,0.15243902802467346,86.66666412353516,133610.0,873404.468933125
-386624.375,-294772.5625,-277680.46875,-363043.84375,170305.625,-371767.96875,-440800.4375,-750000.0625,0.372314453125,0.89453125,0.6015625,-0.18292683362960815,2.408536672592163,0.12195122241973877,86.66666412353516,133611.0,873404.469008041
-386724.875,-294844.1875,-277757.71875,-363050.09375,170788.703125,-371747.25,-440822.0,-750000.0625,0.37255859375,0.89501953125,0.6044921875,-0.12195122241973877,2.4695122241973877,0.12195122241973877,86.66666412353516,133612.0,873404.503495416
-386735.0625,-294836.84375,-277726.15625,-363037.65625,170507.6875,-371776.46875,-440798.75,-750000.0625,0.37255859375,0.893798828125,0.600830078125,-0.09146341681480408,2.4695122241973877,0.15243902802467346,86.66666412353516,133613.0,873404.503519166
-386636.53125,-294768.625,-277649.875,-363033.375,170037.859375,-371801.6875,-440777.90625,-750000.0625,0.372314453125,0.892333984375,0.6005859375,-0.21341463923454285,2.3475608825683594,0.24390244483947754,86.66666412353516,133614.0,873404.5035335
-386620.53125,-294772.3125,-277677.25,-363050.53125,170223.546875,-371783.90625,-440804.21875,-750000.0625,0.3740234375,0.892333984375,0.600830078125,-0.09146341681480408,2.4390244483947754,0.18292683362960815,86.66666412353516,133615.0,873404.5035475
-386714.5,-294843.1875,-277762.625,-363060.5625,170758.46875,-371757.4375,-440832.46875,-750000.0625,0.373779296875,0.8935546875,0.599365234375,-0.09146341681480408,2.3475608825683594,0.12195122241973877,86.66666412353516,133616.0,873404.504524541
-386750.8125,-294852.9375,-277752.78125,-363050.90625,170621.59375,-371779.15625,-440814.65625,-750000.0625,0.373291015625,0.892333984375,0.6015625,-0.15243902802467346,2.4390244483947754,0.21341463923454285,86.66666412353516,133617.0,873404.506695208
-386659.25,-294786.15625,-277670.96875,-363043.1875,170086.046875,-371809.28125,-440788.375,-750000.0625,0.37109375,0.892578125,0.601318359375,-0.060975611209869385,2.5,0.15243902802467346,86.66666412353516,133618.0,873404.506746
-386621.875,-294773.71875,-277677.0625,-363058.3125,170147.015625,-371800.625,-440807.78125,-750000.0625,0.37109375,0.895263671875,0.601806640625,-0.15243902802467346,2.408536672592163,0.12195122241973877,86.66666412353516,133619.0,873404.508978625
-386705.21875,-294840.78125,-277762.96875,-363071.1875,170699.46875,-371770.3125,-440840.875,-750000.0625,0.37109375,0.894775390625,0.602783203125,-0.15243902802467346,2.4695122241973877,0.12195122241973877,86.66666412353516,133620.0,873404.510773333
-386764.5625,-294868.0625,-277775.15625,-363062.6875,170714.40625,-371781.3125,-440829.40625,-750000.0625,0.3740234375,0.8955078125,0.601318359375,-0.15243902802467346,2.408536672592163,0.15243902802467346,86.66666412353516,133621.0,873404.542439333
-386689.5625,-294809.40625,-277696.8125,-363054.5625,170156.765625,-371816.625,-440801.78125,-750000.0625,0.371826171875,0.89306640625,0.602783203125,-0.15243902802467346,2.408536672592163,0.18292683362960815,86.66666412353516,133622.0,873404.542464666
-386632.53125,-294781.6875,-277681.8125,-363067.34375,170077.828125,-371814.65625,-440812.4375,-750000.0625,0.3740234375,0.89306640625,0.602294921875,-0.09146341681480408,2.408536672592163,0.12195122241973877,86.66666412353516,133623.0,873404.542478916
-386705.90625,-294844.28125,-277766.8125,-363086.03125,170615.421875,-371787.28125,-440850.0625,-750000.0625,0.37451171875,0.891845703125,0.602783203125,-0.060975611209869385,2.378048896789551,0.18292683362960815,86.66666412353516,133624.0,873404.542493
-386782.09375,-294887.71875,-277800.53125,-363081.1875,170782.796875,-371789.8125,-440849.34375,-750000.0625,0.37255859375,0.891845703125,0.60302734375,-0.09146341681480408,2.4695122241973877,0.15243902802467346,86.66666412353516,133625.0,873404.54596325
-386723.71875,-294837.03125,-277728.03125,-363070.46875,170265.9375,-371828.15625,-440819.6875,-750000.0625,0.37353515625,0.8916015625,0.603515625,-0.18292683362960815,2.4695122241973877,0.09146341681480408,86.66666412353516,133626.0,873404.545979583
-386645.84375,-294792.15625,-277691.09375,-363077.71875,170058.0625,-371834.59375,-440820.75,-750000.0625,0.373779296875,0.8935546875,0.6025390625,-0.24390244483947754,2.408536672592163,0.09146341681480408,86.66666412353516,133627.0,873404.545993541
-386693.59375,-294838.71875,-277763.15625,-363094.78125,170523.78125,-371803.5625,-440856.34375,-750000.0625,0.373779296875,0.89306640625,0.603271484375,-0.18292683362960815,2.4695122241973877,0.18292683362960815,86.66666412353516,133628.0,873404.551586916
-386785.21875,-294896.75,-277816.90625,-363094.0,170830.09375,-371796.25,-440864.03125,-750000.0625,0.373291015625,0.8935546875,0.602294921875,-0.030487805604934692,2.408536672592163,0.3048780560493469,86.66666412353516,133629.0,873404.551602916
-386749.65625,-294858.21875,-277754.9375,-363080.125,170370.453125,-371831.375,-440832.625,-750000.0625,0.37353515625,0.89404296875,0.6005859375,-0.030487805604934692,2.5304877758026123,0.21341463923454285,86.66666412353516,133630.0,873404.551617
-386661.21875,-294803.875,-277702.0,-363085.65625,170054.125,-371847.90625,-440827.0,-750000.0625,0.374267578125,0.89404296875,0.602783203125,-0.12195122241973877,2.4695122241973877,0.12195122241973877,86.66666412353516,133631.0,873404.551631166
-386688.3125,-294837.46875,-277762.0,-363105.53125,170429.640625,-371822.15625,-440862.78125,-750000.0625,0.372314453125,0.894775390625,0.601318359375,-0.12195122241973877,2.5304877758026123,0.09146341681480408,86.66666412353516,133632.0,873404.553475
-386787.0,-294904.71875,-277831.03125,-363108.75,170850.125,-371805.1875,-440878.25,-750000.0625,0.37255859375,0.895751953125,0.603515625,-0.09146341681480408,2.4390244483947754,0.15243902802467346,86.66666412353516,133633.0,873404.597164166
-386780.125,-294885.3125,-277788.28125,-363097.84375,170487.84375,-371839.0625,-440852.65625,-750000.0625,0.372802734375,0.89599609375,0.602294921875,-0.15243902802467346,2.4695122241973877,0.09146341681480408,86.66666412353516,133634.0,873404.597192625
-386683.3125,-294821.46875,-277719.25,-363097.125,170060.65625,-371859.4375,-440837.09375,-750000.0625,0.372314453125,0.895263671875,0.601318359375,-0.21341463923454285,2.408536672592163,0.12195122241973877,86.66666412353516,133635.0,873404.601574333
-386686.15625,-294836.75,-277759.5,-363115.1875,170333.25,-371838.15625,-440866.0,-750000.0625,0.3720703125,0.89453125,0.60107421875,-0.12195122241973877,2.5,0.12195122241973877,86.66666412353516,133636.0,873404.601592166
-386781.65625,-294906.59375,-277839.34375,-363121.78125,170836.078125,-371814.46875,-440890.46875,-750000.0625,0.371337890625,0.893798828125,0.59912109375,-0.15243902802467346,2.4695122241973877,0.12195122241973877,86.66666412353516,133637.0,873404.601606916
-386800.0625,-294904.09375,-277814.65625,-363110.09375,170603.359375,-371840.9375,-440868.3125,-750000.0625,0.37109375,0.896484375,0.601806640625,-0.18292683362960815,2.5304877758026123,0.060975611209869385,86.66666412353516,133638.0,873404.603921208
-386704.84375,-294837.65625,-277737.78125,-363106.15625,170091.140625,-371868.84375,-440847.5625,-750000.0625,0.3701171875,0.89599609375,0.602783203125,-0.18292683362960815,2.4695122241973877,0.12195122241973877,86.66666412353516,133639.0,873404.603987541
-386680.0,-294834.53125,-277756.8125,-363122.0625,170233.03125,-371852.90625,-440870.625,-750000.0625,0.37109375,0.895263671875,0.60107421875,-0.12195122241973877,2.4695122241973877,0.030487805604934692,86.66666412353516,133640.0,873404.605098875
-386771.625,-294906.21875,-277843.28125,-363133.6875,170785.125,-371826.8125,-440901.46875,-750000.0625,0.37109375,0.89501953125,0.602294921875,-0.18292683362960815,2.408536672592163,0.060975611209869385,86.66666412353516,133641.0,873404.606521666
-386816.6875,-294922.25,-277841.03125,-363123.84375,170701.4375,-371844.59375,-440885.375,-750000.0625,0.369873046875,0.892822265625,0.601806640625,-0.12195122241973877,2.5,0.060975611209869385,86.66666412353516,133642.0,873404.608793708
-386729.25,-294856.78125,-277759.84375,-363115.625,170166.875,-371877.875,-440858.375,-750000.0625,0.37109375,0.894775390625,0.602783203125,-0.15243902802467346,2.4390244483947754,0.09146341681480408,86.66666412353516,133643.0,873404.608825833
-386681.25,-294836.5,-277756.71875,-363128.5,170177.15625,-371869.46875,-440873.3125,-750000.0625,0.373291015625,0.89599609375,0.60302734375,-0.21341463923454285,2.408536672592163,0.12195122241973877,86.66666412353516,133644.0,873404.610464375
-386761.09375,-294903.0,-277843.4375,-363143.78125,170722.984375,-371839.34375,-440908.8125,-750000.0625,0.370849609375,0.89599609375,0.602783203125,-0.15243902802467346,2.4390244483947754,0.09146341681480408,86.66666412353516,133645.0,873404.610522541
-386829.3125,-294938.15625,-277864.46875,-363137.4375,170792.1875,-371848.53125,-440901.75,-750000.0625,0.371337890625,0.894775390625,0.60302734375,-0.12195122241973877,2.4390244483947754,0.18292683362960815,86.66666412353516,133646.0,873404.645568833
-386758.40625,-294880.3125,-277786.0625,-363126.96875,170238.3125,-371882.96875,-440871.71875,-750000.0625,0.372314453125,0.89599609375,0.601318359375,-0.18292683362960815,2.378048896789551,0.09146341681480408,86.66666412353516,133647.0,873404.645597458
-386693.5,-294845.53125,-277762.4375,-363137.34375,170111.796875,-371882.15625,-440878.0625,-750000.0625,0.37353515625,0.894287109375,0.599609375,-0.18292683362960815,2.5304877758026123,0.15243902802467346,86.66666412353516,133648.0,873404.648291458
-386759.03125,-294904.71875,-277844.34375,-363156.3125,170633.390625,-371854.875,-440916.6875,-750000.0625,0.372314453125,0.8935546875,0.603515625,-0.18292683362960815,2.5,0.15243902802467346,86.66666412353516,133649.0,873404.648308791
-386842.09375,-294953.625,-277885.28125,-363151.65625,170853.421875,-371853.1875,-440917.40625,-750000.0625,0.3740234375,0.892822265625,0.602294921875,-0.27439025044441223,2.408536672592163,0.09146341681480408,86.66666412353516,133650.0,873404.648323208
-386790.3125,-294904.625,-277814.9375,-363138.5,170349.0,-371889.75,-440885.65625,-750000.0625,0.37353515625,0.893798828125,0.6005859375,-0.21341463923454285,2.4695122241973877,0.24390244483947754,86.66666412353516,133651.0,873404.650582333
-386707.625,-294856.15625,-277772.375,-363145.9375,170095.53125,-371899.0625,-440885.125,-750000.0625,0.37255859375,0.893798828125,0.600341796875,-0.21341463923454285,2.5,0.24390244483947754,86.66666412353516,133652.0,873404.650599166
-386747.6875,-294898.1875,-277840.0625,-363163.71875,170538.0,-371869.90625,-440920.15625,-750000.0625,0.372802734375,0.892578125,0.60302734375,-0.18292683362960815,2.4390244483947754,0.21341463923454285,86.66666412353516,133653.0,873404.653245583
-386844.5,-294960.6875,-277901.21875,-363165.6875,170890.4375,-371861.15625,-440932.0625,-750000.0625,0.37158203125,0.892822265625,0.598876953125,-0.18292683362960815,2.5,0.27439025044441223,86.66666412353516,133654.0,873404.653283291
-386820.28125,-294928.9375,-277845.3125,-363152.5625,170461.828125,-371895.84375,-440902.1875,-750000.0625,0.3740234375,0.893798828125,0.600830078125,-0.15243902802467346,2.621951103210449,0.24390244483947754,86.66666412353516,133655.0,873404.653300166
-386726.40625,-294868.59375,-277784.0,-363153.625,170095.609375,-371911.5625,-440891.1875,-750000.0625,0.373779296875,0.89306640625,0.605224609375,-0.21341463923454285,2.5609755516052246,0.18292683362960815,86.66666412353516,133656.0,873404.657058208
-386745.875,-294897.28125,-277838.4375,-363173.75,170439.921875,-371888.40625,-440925.875,-750000.0625,0.3740234375,0.893798828125,0.602294921875,-0.21341463923454285,2.5,0.15243902802467346,86.66666412353516,133657.0,873404.657140458
-386844.78125,-294966.125,-277912.1875,-363178.46875,170895.0,-371869.46875,-440944.65625,-750000.0625,0.373779296875,0.8935546875,0.60107421875,-0.24390244483947754,2.378048896789551,0.15243902802467346,86.66666412353516,133658.0,873404.660402083
-386848.25,-294953.34375,-277875.09375,-363166.5,170574.65625,-371900.21875,-440919.28125,-750000.0625,0.37255859375,0.8935546875,0.602783203125,-0.15243902802467346,2.5304877758026123,0.12195122241973877,86.66666412353516,133659.0,873404.712589375
-386750.53125,-294886.21875,-277800.53125,-363163.1875,170107.328125,-371921.21875,-440899.4375,-750000.0625,0.37255859375,0.894287109375,0.6015625,-0.24390244483947754,2.5609755516052246,0.060975611209869385,86.66666412353516,133660.0,873404.712618041
-386745.875,-294896.5,-277834.59375,-363181.6875,170335.046875,-371901.90625,-440927.15625,-750000.0625,0.37255859375,0.895751953125,0.602783203125,-0.15243902802467346,2.5609755516052246,0.18292683362960815,86.66666412353516,133661.0,873404.71377775
-386842.28125,-294969.90625,-277919.53125,-363191.8125,170863.078125,-371880.625,-440956.75,-750000.0625,0.3720703125,0.89404296875,0.60205078125,-0.060975611209869385,2.5609755516052246,0.09146341681480408,86.66666412353516,133662.0,873404.713795166
-386869.53125,-294973.1875,-277902.71875,-363180.53125,170682.21875,-371903.875,-440936.53125,-750000.0625,0.372802734375,0.89306640625,0.60107421875,-0.09146341681480408,2.4695122241973877,0.060975611209869385,86.66666412353516,133663.0,873404.717953125
-386775.125,-294905.0625,-277822.25,-363174.4375,170180.109375,-371935.1875,-440912.46875,-750000.0625,0.371826171875,0.894287109375,0.6015625,-0.09146341681480408,2.5304877758026123,0.12195122241973877,86.66666412353516,133664.0,873404.718073375
-386742.40625,-294896.40625,-277834.34375,-363189.84375,170270.3125,-371922.375,-440933.03125,-750000.0625,0.372314453125,0.894775390625,0.601318359375,-0.12195122241973877,2.4695122241973877,0.09146341681480408,86.66666412353516,133665.0,873404.7201885
-386830.03125,-294965.96875,-277921.3125,-363202.625,170814.796875,-371892.71875,-440965.84375,-750000.0625,0.373046875,0.892333984375,0.600830078125,-0.12195122241973877,2.4695122241973877,0.09146341681480408,86.66666412353516,133666.0,873404.721601916
-386882.6875,-294988.5625,-277927.03125,-363193.6875,170784.40625,-371907.1875,-440952.875,-750000.0625,0.372314453125,0.89599609375,0.601806640625,-0.12195122241973877,2.4695122241973877,0.12195122241973877,86.66666412353516,133667.0,873404.752748958
-386800.4375,-294925.71875,-277846.125,-363185.09375,170235.0,-371941.0,-440924.71875,-750000.0625,0.370849609375,0.89404296875,0.6025390625,-0.15243902802467346,2.591463327407837,0.060975611209869385,86.66666412353516,133668.0,873404.752777458
-386745.4375,-294899.78125,-277836.21875,-363197.6875,170198.78125,-371936.59375,-440937.4375,-750000.0625,0.3720703125,0.89208984375,0.60107421875,-0.18292683362960815,2.5,0.060975611209869385,86.66666412353516,133669.0,873404.752793166
-386818.40625,-294962.375,-277920.4375,-363212.90625,170738.984375,-371906.375,-440973.28125,-750000.0625,0.370361328125,0.894287109375,0.599853515625,-0.09146341681480408,2.378048896789551,0.0,86.66666412353516,133670.0,873404.752807708
-386891.71875,-295002.4375,-277948.3125,-363207.4375,170863.625,-371911.5625,-440969.34375,-750000.0625,0.373779296875,0.893798828125,0.603515625,-0.12195122241973877,2.4390244483947754,0.18292683362960815,86.66666412353516,133671.0,873404.752823208
-386826.34375,-294947.28125,-277872.15625,-363195.5625,170322.703125,-371947.25,-440937.6875,-750000.0625,0.37353515625,0.89404296875,0.60107421875,-0.060975611209869385,2.408536672592163,0.15243902802467346,86.66666412353516,133672.0,873404.752837916
-386755.90625,-294907.21875,-277842.09375,-363205.84375,170145.140625,-371949.375,-440941.625,-750000.0625,0.37158203125,0.8955078125,0.60546875,-0.030487805604934692,2.4695122241973877,0.09146341681480408,86.66666412353516,133673.0,873404.752852125
-386809.375,-294959.34375,-277918.8125,-363224.25,170642.875,-371921.21875,-440980.25,-750000.0625,0.37060546875,0.895751953125,0.60498046875,-0.030487805604934692,2.621951103210449,0.030487805604934692,86.66666412353516,133674.0,873404.752866208
-386897.625,-295014.40625,-277967.375,-363222.90625,170910.640625,-371917.5625,-440985.96875,-750000.0625,0.370849609375,0.894287109375,0.604736328125,-0.15243902802467346,2.5,0.09146341681480408,86.66666412353516,133675.0,873404.752880208
-386856.125,-294973.65625,-277902.375,-363210.65625,170431.96875,-371954.65625,-440955.84375,-750000.0625,0.3740234375,0.89501953125,0.601806640625,-0.15243902802467346,2.4695122241973877,0.09146341681480408,86.66666412353516,133676.0,873404.752894083
-386767.625,-294919.8125,-277851.21875,-363214.25,170144.96875,-371965.65625,-440949.84375,-750000.0625,0.37353515625,0.8935546875,0.599609375,-0.09146341681480408,2.5609755516052246,0.12195122241973877,86.66666412353516,133677.0,873404.752907958
-386800.15625,-294957.71875,-277915.6875,-363233.1875,170547.46875,-371938.125,-440985.78125,-750000.0625,0.371337890625,0.894287109375,0.6015625,-0.12195122241973877,2.5304877758026123,0.12195122241973877,86.66666412353516,133678.0,873404.75292225
-386897.15625,-295022.5625,-277982.3125,-363236.9375,170938.1875,-371925.875,-441001.0,-750000.0625,0.372802734375,0.8935546875,0.60009765625,-0.18292683362960815,2.3475608825683594,0.18292683362960815,86.66666412353516,133679.0,873404.75559225
-386880.1875,-294995.71875,-277931.6875,-363223.53125,170542.828125,-371958.59375,-440971.84375,-750000.0625,0.37158203125,0.894287109375,0.59912109375,-0.18292683362960815,2.5,0.21341463923454285,86.66666412353516,133680.0,873404.75560925
-386784.15625,-294933.40625,-277866.53125,-363223.625,170144.609375,-371977.375,-440958.78125,-750000.0625,0.3720703125,0.894287109375,0.60302734375,-0.18292683362960815,2.408536672592163,0.27439025044441223,86.66666412353516,133681.0,873404.757532166
-386793.90625,-294955.40625,-277913.90625,-363243.21875,170450.296875,-371955.375,-440991.15625,-750000.0625,0.372802734375,0.893798828125,0.601806640625,-0.24390244483947754,2.4695122241973877,0.15243902802467346,86.66666412353516,133682.0,873404.758806541
-386892.96875,-295026.5,-277992.125,-363249.90625,170934.25,-371934.8125,-441013.40625,-750000.0625,0.37109375,0.89306640625,0.59765625,-0.18292683362960815,2.3475608825683594,0.15243902802467346,86.66666412353516,133683.0,873404.760254708
-386904.40625,-295018.71875,-277961.46875,-363237.9375,170663.703125,-371963.15625,-440988.90625,-750000.0625,0.37060546875,0.8935546875,0.598876953125,-0.12195122241973877,2.5,0.12195122241973877,86.66666412353516,133684.0,873404.76990325
-386811.40625,-294954.0625,-277886.375,-363235.4375,170180.90625,-371989.0,-440968.4375,-750000.0625,0.371337890625,0.891845703125,0.599853515625,-0.12195122241973877,2.378048896789551,0.09146341681480408,86.66666412353516,133685.0,873404.800069333
-386795.96875,-294958.1875,-277911.75,-363251.34375,170358.109375,-371970.75,-440993.5625,-750000.0625,0.37255859375,0.894287109375,0.60205078125,-0.18292683362960815,2.4390244483947754,0.060975611209869385,86.66666412353516,133686.0,873404.800097416
-386887.6875,-295028.375,-277995.875,-363260.28125,170898.84375,-371944.28125,-441022.4375,-750000.0625,0.372802734375,0.89501953125,0.602783203125,-0.18292683362960815,2.5,0.12195122241973877,86.66666412353516,133687.0,873404.800112625
-386925.78125,-295039.1875,-277988.75,-363251.4375,170769.390625,-371966.28125,-441006.1875,-750000.0625,0.3740234375,0.895751953125,0.60205078125,-0.12195122241973877,2.591463327407837,0.09146341681480408,86.66666412353516,133688.0,873404.802383916
-386834.21875,-294972.3125,-277906.9375,-363243.75,170241.890625,-371997.5,-440979.71875,-750000.0625,0.3740234375,0.893310546875,0.6044921875,-0.21341463923454285,2.5609755516052246,0.12195122241973877,86.66666412353516,133689.0,873404.802402333
-386793.71875,-294957.71875,-277910.78125,-363258.125,170295.265625,-371988.375,-440997.78125,-750000.0625,0.373291015625,0.89453125,0.604248046875,-0.15243902802467346,2.5304877758026123,0.12195122241973877,86.66666412353516,133690.0,873404.80241675
-386876.15625,-295024.34375,-277997.21875,-363271.375,170842.25,-371957.15625,-441030.9375,-750000.0625,0.37158203125,0.895263671875,0.60107421875,-0.18292683362960815,2.4695122241973877,0.12195122241973877,86.66666412353516,133691.0,873404.803958041
-386937.125,-295053.5,-278011.09375,-363263.78125,170865.9375,-371968.6875,-441020.84375,-750000.0625,0.372314453125,0.8935546875,0.602294921875,-0.21341463923454285,2.5304877758026123,0.12195122241973877,86.66666412353516,133692.0,873404.803974416
-386860.59375,-294993.0625,-277931.78125,-363254.84375,170307.421875,-372003.75,-440992.0625,-750000.0625,0.37158203125,0.893310546875,0.6005859375,-0.12195122241973877,2.5,0.12195122241973877,86.66666412353516,133693.0,873404.803988583
-386799.25,-294962.125,-277914.625,-363266.28125,170224.71875,-372002.21875,-441002.34375,-750000.0625,0.371337890625,0.89501953125,0.602783203125,-0.15243902802467346,2.4695122241973877,0.09146341681480408,86.66666412353516,133694.0,873404.8040035
-386866.6875,-295021.46875,-277996.78125,-363282.1875,170757.765625,-371971.5625,-441038.375,-750000.0625,0.3740234375,0.893798828125,0.600341796875,-0.18292683362960815,2.5304877758026123,0.030487805604934692,86.66666412353516,133695.0,873404.806757625
-386945.625,-295066.0,-278031.03125,-363276.71875,170934.15625,-371972.375,-441036.3125,-750000.0625,0.372802734375,0.892822265625,0.6025390625,-0.15243902802467346,2.591463327407837,0.09146341681480408,86.66666412353516,133696.0,873404.821695708
-386892.6875,-295018.71875,-277960.21875,-363267.4375,170412.03125,-372010.71875,-441006.8125,-750000.0625,0.371826171875,0.89306640625,0.602294921875,-0.09146341681480408,2.4695122241973877,0.09146341681480408,86.66666412353516,133697.0,873404.82171675
-386815.53125,-294973.65625,-277921.9375,-363274.6875,170198.25,-372016.28125,-441006.8125,-750000.0625,0.371826171875,0.893310546875,0.603759765625,-0.060975611209869385,2.408536672592163,0.09146341681480408,86.66666412353516,133698.0,873404.821730625
-386861.21875,-295020.9375,-277994.375,-363292.5625,170663.96875,-371987.65625,-441044.625,-750000.0625,0.373046875,0.894775390625,0.603271484375,-0.12195122241973877,2.408536672592163,0.060975611209869385,86.66666412353516,133699.0,873404.823406833
-386951.0625,-295077.09375,-278049.1875,-363291.5625,170978.421875,-371979.59375,-441052.125,-750000.0625,0.36962890625,0.89501953125,0.603271484375,-0.15243902802467346,2.3475608825683594,0.15243902802467346,86.66666412353516,133700.0,873404.832038916
-386915.84375,-295038.1875,-277987.21875,-363277.28125,170521.8125,-372013.40625,-441020.125,-750000.0625,0.372314453125,0.893798828125,0.601806640625,-0.24390244483947754,2.4695122241973877,0.18292683362960815,86.66666412353516,133701.0,873404.861612291
-386826.34375,-294983.03125,-277931.78125,-363280.5625,170189.40625,-372027.71875,-441012.25,-750000.0625,0.373046875,0.89501953125,0.603271484375,-0.21341463923454285,2.4695122241973877,0.3048780560493469,86.66666412353516,133702.0,873404.86163575
-386852.46875,-295016.5625,-277990.96875,-363300.96875,170564.640625,-372003.40625,-441048.28125,-750000.0625,0.371337890625,0.89453125,0.6044921875,-0.21341463923454285,2.4695122241973877,0.18292683362960815,86.66666412353516,133703.0,873404.865287625
-386951.0,-295084.25,-278061.6875,-363305.34375,170991.65625,-371988.0,-441065.90625,-750000.0625,0.372802734375,0.893798828125,0.601318359375,-0.15243902802467346,2.5,0.15243902802467346,86.66666412353516,133704.0,873404.865315208
-386945.0,-295064.84375,-278018.15625,-363292.28125,170639.296875,-372019.65625,-441038.53125,-750000.0625,0.37109375,0.892822265625,0.59765625,-0.15243902802467346,2.5304877758026123,0.21341463923454285,86.66666412353516,133705.0,873404.865332791
-386847.71875,-294999.84375,-277948.5,-363291.125,170217.75,-372041.5625,-441022.71875,-750000.0625,0.37353515625,0.89404296875,0.5966796875,-0.21341463923454285,2.4695122241973877,0.15243902802467346,86.66666412353516,133706.0,873404.865347458
-386847.625,-295014.78125,-277988.28125,-363309.375,170473.890625,-372020.75,-441052.5,-750000.0625,0.37255859375,0.8935546875,0.59716796875,-0.18292683362960815,2.5304877758026123,0.15243902802467346,86.66666412353516,133707.0,873404.866988
-386944.375,-295084.96875,-278068.5,-363316.34375,170979.125,-371996.3125,-441075.90625,-750000.0625,0.371337890625,0.892822265625,0.59912109375,-0.24390244483947754,2.5304877758026123,0.18292683362960815,86.66666412353516,133708.0,873404.87015475
-386967.71875,-295085.6875,-278047.125,-363306.875,170754.90625,-372024.5,-441055.875,-750000.0625,0.373779296875,0.8935546875,0.599609375,-0.12195122241973877,2.5304877758026123,0.12195122241973877,86.66666412353516,133709.0,873404.87017725
-386873.8125,-295017.625,-277968.09375,-363301.40625,170232.765625,-372048.0,-441031.75,-750000.0625,0.372314453125,0.892822265625,0.6025390625,-0.12195122241973877,2.5609755516052246,0.15243902802467346,86.66666412353516,133710.0,873404.871313166
-386848.4375,-295014.9375,-277987.40625,-363318.3125,170367.953125,-372034.59375,-441056.0625,-750000.0625,0.374267578125,0.89501953125,0.601806640625,-0.12195122241973877,2.5,0.030487805604934692,86.66666412353516,133711.0,873404.874281875
-386938.75,-295085.59375,-278073.21875,-363328.84375,170925.9375,-372008.5625,-441086.46875,-750000.0625,0.3740234375,0.895751953125,0.601806640625,-0.21341463923454285,2.591463327407837,0.09146341681480408,86.66666412353516,133712.0,873404.905958833
-386985.6875,-295103.90625,-278071.96875,-363318.9375,170849.578125,-372025.90625,-441070.71875,-750000.0625,0.373291015625,0.896484375,0.60205078125,-0.15243902802467346,2.5,0.030487805604934692,86.66666412353516,133713.0,873404.905984541
-386899.9375,-295040.15625,-277990.875,-363310.8125,170316.984375,-372060.625,-441043.5625,-750000.0625,0.371337890625,0.893798828125,0.6025390625,-0.09146341681480408,2.591463327407837,0.09146341681480408,86.66666412353516,133714.0,873404.905999958
-386853.0,-295020.84375,-277988.8125,-363325.46875,170317.515625,-372054.34375,-441060.28125,-750000.0625,0.37158203125,0.892822265625,0.603271484375,-0.030487805604934692,2.4695122241973877,0.060975611209869385,86.66666412353516,133715.0,873404.906014333
-386930.78125,-295085.40625,-278074.5625,-363340.21875,170862.453125,-372023.0625,-441095.125,-750000.0625,0.373291015625,0.89453125,0.601318359375,-0.060975611209869385,2.5304877758026123,0.09146341681480408,86.66666412353516,133716.0,873404.907763541
-386998.46875,-295119.5625,-278096.125,-363334.03125,170941.140625,-372031.90625,-441088.96875,-750000.0625,0.37158203125,0.89404296875,0.60107421875,-0.15243902802467346,2.4390244483947754,0.060975611209869385,86.66666412353516,133717.0,873404.9077825
-386928.0,-295061.8125,-278017.875,-363323.3125,170397.71875,-372067.9375,-441058.75,-750000.0625,0.370849609375,0.893798828125,0.599853515625,-0.15243902802467346,2.4390244483947754,0.0,86.66666412353516,133718.0,873404.909324083
-386858.71875,-295024.34375,-277991.875,-363332.0625,170263.78125,-372067.3125,-441063.9375,-750000.0625,0.371337890625,0.8955078125,0.59814453125,-0.060975611209869385,2.408536672592163,-0.030487805604934692,86.66666412353516,133719.0,873404.910551166
-386918.71875,-295078.15625,-278070.1875,-363347.8125,170776.0,-372035.65625,-441099.25,-750000.0625,0.372314453125,0.89501953125,0.60107421875,-0.09146341681480408,2.4695122241973877,0.0,86.66666412353516,133720.0,873404.910618166
-387004.90625,-295130.09375,-278113.71875,-363346.125,171002.296875,-372035.5,-441102.125,-750000.0625,0.370849609375,0.895263671875,0.600341796875,-0.12195122241973877,2.5609755516052246,0.12195122241973877,86.66666412353516,133721.0,873404.947177041
-386958.0625,-295084.78125,-278045.0625,-363334.9375,170497.671875,-372071.6875,-441070.8125,-750000.0625,0.3720703125,0.892578125,0.59912109375,-0.12195122241973877,2.5304877758026123,0.15243902802467346,86.66666412353516,133722.0,873404.947200583
-386875.96875,-295035.59375,-278001.25,-363341.03125,170243.9375,-372080.71875,-441069.125,-750000.0625,0.37060546875,0.893798828125,0.599853515625,-0.21341463923454285,2.5304877758026123,0.15243902802467346,86.66666412353516,133723.0,873404.947214833
-386915.21875,-295078.4375,-278069.125,-363358.90625,170680.6875,-372052.65625,-441105.78125,-750000.0625,0.37060546875,0.89501953125,0.598876953125,-0.27439025044441223,2.5304877758026123,0.27439025044441223,86.66666412353516,133724.0,873404.947229041
-387009.90625,-295139.9375,-278128.65625,-363359.4375,171037.25,-372041.3125,-441116.0625,-750000.0625,0.371337890625,0.89453125,0.5986328125,-0.18292683362960815,2.4695122241973877,0.12195122241973877,86.66666412353516,133725.0,873404.948725
-386985.75,-295108.90625,-278074.375,-363347.625,170611.84375,-372076.875,-441088.0625,-750000.0625,0.370849609375,0.89404296875,0.602294921875,-0.09146341681480408,2.317073106765747,0.09146341681480408,86.66666412353516,133726.0,873404.948748666
-386893.6875,-295050.8125,-278015.375,-363351.03125,170253.328125,-372097.4375,-441079.40625,-750000.0625,0.3740234375,0.89404296875,0.604248046875,-0.060975611209869385,2.4390244483947754,0.060975611209869385,86.66666412353516,133727.0,873404.952368875
-386910.21875,-295077.0,-278067.875,-363370.15625,170586.015625,-372072.40625,-441112.46875,-750000.0625,0.3720703125,0.89306640625,0.605224609375,-0.15243902802467346,2.408536672592163,0.18292683362960815,86.66666412353516,133728.0,873404.952444625
-387008.125,-295145.21875,-278141.4375,-363374.46875,171041.8125,-372052.03125,-441131.15625,-750000.0625,0.37158203125,0.893310546875,0.603759765625,-0.09146341681480408,2.4390244483947754,0.12195122241973877,86.66666412353516,133729.0,873404.954317583
-387009.90625,-295130.5625,-278103.25,-363360.78125,170727.1875,-372081.09375,-441104.53125,-750000.0625,0.37255859375,0.892578125,0.601806640625,-0.15243902802467346,2.4695122241973877,0.12195122241973877,86.66666412353516,133730.0,873404.95433525
-386912.0,-295063.5,-278029.0625,-363357.46875,170256.1875,-372103.15625,-441085.5625,-750000.0625,0.37353515625,0.892822265625,0.60205078125,-0.18292683362960815,2.4390244483947754,0.18292683362960815,86.66666412353516,133731.0,873404.956736291
-386904.0625,-295072.71875,-278062.40625,-363375.71875,170484.984375,-372085.375,-441113.65625,-750000.0625,0.373046875,0.896484375,0.6005859375,-0.24390244483947754,2.4695122241973877,0.18292683362960815,86.66666412353516,133732.0,873404.957973041
-387000.34375,-295144.59375,-278146.09375,-363385.09375,171011.9375,-372060.78125,-441140.8125,-750000.0625,0.3720703125,0.8974609375,0.599853515625,-0.15243902802467346,2.5,0.24390244483947754,86.66666412353516,133733.0,873404.9612925
-387033.5,-295152.5625,-278131.6875,-363375.78125,170837.875,-372085.09375,-441121.6875,-750000.0625,0.37255859375,0.895263671875,0.6025390625,-0.12195122241973877,2.5304877758026123,0.24390244483947754,86.66666412353516,133734.0,873405.010643125
-386944.0,-295087.8125,-278053.1875,-363371.15625,170325.84375,-372115.34375,-441098.1875,-750000.0625,0.37255859375,0.89208984375,0.599365234375,-0.12195122241973877,2.4390244483947754,0.09146341681480408,86.66666412353516,133735.0,873405.010666583
-386910.3125,-295079.78125,-278065.28125,-363386.875,170411.125,-372104.6875,-441120.34375,-750000.0625,0.3720703125,0.892822265625,0.602783203125,-0.12195122241973877,2.378048896789551,0.09146341681480408,86.66666412353516,133736.0,873405.01068125
-386996.75,-295148.15625,-278151.71875,-363398.9375,170961.96875,-372075.8125,-441152.90625,-750000.0625,0.37255859375,0.890869140625,0.6015625,-0.09146341681480408,2.4390244483947754,0.060975611209869385,86.66666412353516,133737.0,873405.015274333
-387051.65625,-295172.5625,-278159.3125,-363391.25,170937.203125,-372091.46875,-441141.28125,-750000.0625,0.37255859375,0.8935546875,0.597412109375,-0.09146341681480408,2.4695122241973877,0.12195122241973877,86.66666412353516,133738.0,873405.015302958
-386968.25,-295107.9375,-278078.0625,-363382.0625,170383.234375,-372124.28125,-441112.5625,-750000.0625,0.37255859375,0.894775390625,0.59814453125,-0.060975611209869385,2.378048896789551,0.09146341681480408,86.66666412353516,133739.0,873405.015319875
-386912.0,-295080.9375,-278066.96875,-363394.46875,170346.578125,-372120.59375,-441125.1875,-750000.0625,0.372314453125,0.89453125,0.6005859375,-0.060975611209869385,2.4390244483947754,0.12195122241973877,86.66666412353516,133740.0,873405.016934333
-386984.59375,-295143.4375,-278150.90625,-363409.59375,170885.171875,-372089.75,-441160.59375,-750000.0625,0.37158203125,0.89599609375,0.602783203125,-0.09146341681480408,2.5,0.09146341681480408,86.66666412353516,133741.0,873405.01703275
-387059.53125,-295184.8125,-278180.5,-363404.9375,171015.796875,-372094.9375,-441157.46875,-750000.0625,0.3720703125,0.89501953125,0.60009765625,-0.12195122241973877,2.4390244483947754,0.15243902802467346,86.66666412353516,133742.0,873405.017082666
-386995.78125,-295130.8125,-278104.96875,-363393.6875,170479.4375,-372131.25,-441127.0625,-750000.0625,0.370849609375,0.896728515625,0.597900390625,-0.15243902802467346,2.4695122241973877,0.030487805604934692,86.66666412353516,133743.0,873405.021548333
-386921.03125,-295088.96875,-278072.875,-363401.8125,170303.84375,-372135.0,-441130.375,-750000.0625,0.371826171875,0.894775390625,0.60009765625,-0.18292683362960815,2.5,0.030487805604934692,86.66666412353516,133744.0,873405.021659375
-386976.125,-295141.1875,-278150.125,-363420.78125,170792.625,-372106.3125,-441168.0,-750000.0625,0.372314453125,0.89404296875,0.60009765625,-0.18292683362960815,2.5304877758026123,0.09146341681480408,86.66666412353516,133745.0,873405.022609041
-387065.25,-295195.90625,-278199.28125,-363419.15625,171065.328125,-372101.375,-441173.1875,-750000.0625,0.370849609375,0.895263671875,0.60302734375,-0.21341463923454285,2.5,0.15243902802467346,86.66666412353516,133746.0,873405.023776958
-387027.4375,-295154.96875,-278134.90625,-363407.28125,170586.8125,-372137.40625,-441142.15625,-750000.0625,0.374267578125,0.8955078125,0.603759765625,-0.15243902802467346,2.5,0.24390244483947754,86.66666412353516,133747.0,873405.026638291
-386937.75,-295100.96875,-278083.3125,-363410.9375,170300.53125,-372150.09375,-441137.34375,-750000.0625,0.373779296875,0.89306640625,0.602783203125,-0.15243902802467346,2.378048896789551,0.21341463923454285,86.66666412353516,133748.0,873405.02665575
-386969.6875,-295138.25,-278146.375,-363429.34375,170700.984375,-372123.03125,-441172.84375,-750000.0625,0.374267578125,0.8935546875,0.600341796875,-0.060975611209869385,2.4695122241973877,0.21341463923454285,86.66666412353516,133749.0,873405.05863225
-387068.46875,-295204.3125,-278212.78125,-363431.6875,171096.4375,-372108.34375,-441186.875,-750000.0625,0.372802734375,0.895263671875,0.60009765625,-0.15243902802467346,2.4695122241973877,0.18292683362960815,86.66666412353516,133750.0,873405.058658583
-387055.875,-295180.53125,-278164.25,-363419.6875,170705.375,-372142.34375,-441158.96875,-750000.0625,0.3701171875,0.895263671875,0.600341796875,-0.15243902802467346,2.4695122241973877,0.27439025044441223,86.66666412353516,133751.0,873405.058730375
-386959.125,-295117.0625,-278097.625,-363419.4375,170290.875,-372159.5,-441145.03125,-750000.0625,0.3701171875,0.894775390625,0.6015625,-0.18292683362960815,2.4695122241973877,0.3353658616542816,86.66666412353516,133752.0,873405.058745
-386969.125,-295138.78125,-278144.125,-363438.375,170597.28125,-372139.03125,-441176.59375,-750000.0625,0.37158203125,0.89404296875,0.6025390625,-0.21341463923454285,2.378048896789551,0.396341472864151,86.66666412353516,133753.0,873405.058759625
-387070.6875,-295211.46875,-278223.96875,-363446.15625,171087.046875,-372119.53125,-441200.1875,-750000.0625,0.371826171875,0.895263671875,0.60107421875,-0.15243902802467346,2.408536672592163,0.24390244483947754,86.66666412353516,133754.0,873405.058773916
-387081.6875,-295202.34375,-278193.9375,-363434.0,170820.34375,-372147.34375,-441175.875,-750000.0625,0.373291015625,0.89453125,0.60009765625,-0.21341463923454285,2.408536672592163,0.27439025044441223,86.66666412353516,133755.0,873405.058788125
-386984.15625,-295134.40625,-278117.03125,-363429.71875,170333.96875,-372172.8125,-441155.125,-750000.0625,0.37255859375,0.894287109375,0.599853515625,-0.3048780560493469,2.4390244483947754,0.21341463923454285,86.66666412353516,133756.0,873405.058802166
-386967.15625,-295136.46875,-278141.8125,-363446.4375,170508.3125,-372155.5625,-441179.96875,-750000.0625,0.37255859375,0.8955078125,0.598876953125,-0.24390244483947754,2.5304877758026123,0.15243902802467346,86.66666412353516,133757.0,873405.059733333
-387062.375,-295208.96875,-278228.34375,-363457.96875,171050.5625,-372130.71875,-441210.5625,-750000.0625,0.3740234375,0.89208984375,0.600830078125,-0.27439025044441223,2.4695122241973877,0.15243902802467346,86.66666412353516,133758.0,873405.061939458
-387104.0625,-295221.84375,-278221.0,-363448.84375,170928.34375,-372151.53125,-441192.5,-750000.0625,0.37255859375,0.89111328125,0.60205078125,-0.15243902802467346,2.378048896789551,0.18292683362960815,86.66666412353516,133759.0,873405.0619755
-387014.09375,-295155.5,-278140.375,-363441.96875,170396.109375,-372182.21875,-441166.5625,-750000.0625,0.3740234375,0.891845703125,0.600830078125,-0.12195122241973877,2.378048896789551,0.15243902802467346,86.66666412353516,133760.0,873405.065529375
-386972.0,-295140.40625,-278143.59375,-363456.09375,170430.796875,-372172.46875,-441184.8125,-750000.0625,0.373291015625,0.89453125,0.600830078125,-0.12195122241973877,2.378048896789551,0.09146341681480408,86.66666412353516,133761.0,873405.099292666
-387058.53125,-295212.09375,-278232.46875,-363471.90625,170986.546875,-372146.1875,-441221.75,-750000.0625,0.371826171875,0.892822265625,0.6005859375,-0.060975611209869385,2.4390244483947754,0.0,86.66666412353516,133762.0,873405.099321208
-387121.21875,-295242.9375,-278247.9375,-363465.28125,171015.515625,-372158.0625,-441213.15625,-750000.0625,0.371337890625,0.892578125,0.600830078125,-0.060975611209869385,2.4390244483947754,0.030487805604934692,86.66666412353516,133763.0,873405.09933725
-387042.53125,-295180.1875,-278167.09375,-363453.9375,170467.453125,-372191.78125,-441182.21875,-750000.0625,0.37158203125,0.891845703125,0.603759765625,-0.12195122241973877,2.5,0.12195122241973877,86.66666412353516,133764.0,873405.099351875
-386979.25,-295147.375,-278148.40625,-363464.9375,170374.734375,-372189.28125,-441191.6875,-750000.0625,0.372314453125,0.89208984375,0.601318359375,-0.09146341681480408,2.4390244483947754,0.09146341681480408,86.66666412353516,133765.0,873405.100584916
-387044.25,-295204.59375,-278229.15625,-363480.21875,170902.59375,-372158.25,-441227.09375,-750000.0625,0.373291015625,0.89404296875,0.599365234375,0.0,2.4695122241973877,0.030487805604934692,86.66666412353516,133766.0,873405.103258958
-387123.4375,-295250.09375,-278265.53125,-363476.125,171084.984375,-372159.59375,-441226.21875,-750000.0625,0.373046875,0.895751953125,0.59716796875,-0.15243902802467346,2.4390244483947754,0.0,86.66666412353516,133767.0,873405.103306166
-387066.9375,-295199.9375,-278193.3125,-363464.84375,170564.46875,-372196.34375,-441195.4375,-750000.0625,0.37060546875,0.896728515625,0.59765625,-0.12195122241973877,2.378048896789551,-0.030487805604934692,86.66666412353516,133768.0,873405.105546791
-386986.125,-295152.625,-278153.34375,-363471.1875,170345.6875,-372202.5,-441195.09375,-750000.0625,0.370361328125,0.894775390625,0.600341796875,-0.18292683362960815,2.408536672592163,0.09146341681480408,86.66666412353516,133769.0,873405.10556875
-387033.0625,-295199.9375,-278226.375,-363489.78125,170808.8125,-372173.625,-441232.28125,-750000.0625,0.3701171875,0.892822265625,0.597900390625,-0.12195122241973877,2.408536672592163,0.18292683362960815,86.66666412353516,133770.0,873405.114767416
-387127.21875,-295259.75,-278282.78125,-363490.3125,171128.359375,-372166.03125,-441240.96875,-750000.0625,0.37109375,0.893798828125,0.60107421875,-0.18292683362960815,2.5,0.09146341681480408,86.66666412353516,133771.0,873405.1451305
-387099.03125,-295226.65625,-278224.21875,-363479.15625,170676.484375,-372202.15625,-441211.90625,-750000.0625,0.371826171875,0.89208984375,0.59912109375,-0.09146341681480408,2.5,0.18292683362960815,86.66666412353516,133772.0,873405.14514925
-387006.34375,-295170.0,-278167.1875,-363481.9375,170348.359375,-372218.40625,-441204.75,-750000.0625,0.37255859375,0.892822265625,0.6015625,-0.09146341681480408,2.5,0.18292683362960815,86.66666412353516,133773.0,873405.145163708
-387029.65625,-295201.625,-278224.9375,-363501.25,170714.046875,-372192.5,-441239.71875,-750000.0625,0.370361328125,0.894287109375,0.603271484375,-0.18292683362960815,2.5304877758026123,0.21341463923454285,86.66666412353516,133774.0,873405.145178041
-387125.96875,-295267.25,-278295.84375,-363504.4375,171142.125,-372175.0625,-441256.875,-750000.0625,0.371337890625,0.894287109375,0.59912109375,-0.21341463923454285,2.5304877758026123,0.3048780560493469,86.66666412353516,133775.0,873405.148729291
-387120.21875,-295248.65625,-278252.75,-363491.59375,170789.859375,-372206.78125,-441229.78125,-750000.0625,0.3720703125,0.89404296875,0.598876953125,-0.12195122241973877,2.408536672592163,0.27439025044441223,86.66666412353516,133776.0,873405.148746458
-387021.96875,-295183.3125,-278181.9375,-363490.3125,170363.46875,-372229.5,-441213.25,-750000.0625,0.3720703125,0.893798828125,0.60009765625,-0.15243902802467346,2.5304877758026123,0.27439025044441223,86.66666412353516,133777.0,873405.158875666
-387022.59375,-295199.21875,-278222.09375,-363510.0,170624.546875,-372210.5625,-441244.34375,-750000.0625,0.37255859375,0.8935546875,0.60009765625,-0.15243902802467346,2.408536672592163,0.3353658616542816,86.66666412353516,133778.0,873405.158892541
-387118.53125,-295268.875,-278302.1875,-363516.34375,171128.359375,-372184.1875,-441267.59375,-750000.0625,0.373046875,0.8935546875,0.5986328125,-0.12195122241973877,2.378048896789551,0.27439025044441223,86.66666412353516,133779.0,873405.158906375
-387140.71875,-295268.40625,-278280.65625,-363505.53125,170908.6875,-372210.5625,-441246.40625,-750000.0625,0.372314453125,0.8916015625,0.602294921875,-0.21341463923454285,2.408536672592163,0.21341463923454285,86.66666412353516,133780.0,873405.158921416
-387045.65625,-295201.46875,-278201.875,-363499.90625,170400.578125,-372238.34375,-441223.96875,-750000.0625,0.371337890625,0.8916015625,0.6025390625,-0.27439025044441223,2.378048896789551,0.24390244483947754,86.66666412353516,133781.0,873405.187828875
-387022.59375,-295200.75,-278222.34375,-363518.84375,170535.765625,-372226.8125,-441249.0,-750000.0625,0.370361328125,0.8935546875,0.59912109375,-0.12195122241973877,2.5304877758026123,0.15243902802467346,86.66666412353516,133782.0,873405.187845958
-387113.875,-295272.0,-278309.0,-363530.28125,171084.71875,-372198.125,-441279.40625,-750000.0625,0.373046875,0.894287109375,0.598876953125,-0.030487805604934692,2.408536672592163,0.12195122241973877,86.66666412353516,133783.0,873405.1920285
-387163.15625,-295290.0625,-278308.1875,-363520.8125,171015.796875,-372214.65625,-441263.125,-750000.0625,0.372802734375,0.893798828125,0.599609375,-0.09146341681480408,2.378048896789551,-0.030487805604934692,86.66666412353516,133784.0,873405.192044875
-387075.875,-295225.15625,-278227.375,-363513.3125,170463.875,-372247.75,-441237.75,-750000.0625,0.372802734375,0.89501953125,0.60107421875,-0.09146341681480408,2.4390244483947754,0.030487805604934692,86.66666412353516,133785.0,873405.194341375
-387024.84375,-295202.4375,-278221.625,-363524.9375,170458.609375,-372239.875,-441251.5,-750000.0625,0.372802734375,0.89501953125,0.599365234375,-0.09146341681480408,2.4695122241973877,0.030487805604934692,86.66666412353516,133786.0,873405.194358208
-387102.8125,-295267.78125,-278307.375,-363539.6875,171012.84375,-372210.0,-441286.375,-750000.0625,0.371826171875,0.89501953125,0.600830078125,-0.09146341681480408,2.4390244483947754,0.060975611209869385,86.66666412353516,133787.0,873405.196697791
-387171.46875,-295304.09375,-278330.625,-363534.3125,171096.609375,-372218.78125,-441281.1875,-750000.0625,0.3701171875,0.891845703125,0.603759765625,-0.030487805604934692,2.4390244483947754,0.0,86.66666412353516,133788.0,873405.196715583
-387099.9375,-295245.25,-278250.96875,-363521.8125,170551.671875,-372252.5625,-441248.75,-750000.0625,0.370849609375,0.891845703125,0.60400390625,-0.09146341681480408,2.4695122241973877,-0.09146341681480408,86.66666412353516,133789.0,873405.196730208
-387031.28125,-295208.53125,-278225.75,-363531.625,170420.078125,-372254.09375,-441255.34375,-750000.0625,0.37060546875,0.894775390625,0.60009765625,-0.060975611209869385,2.5304877758026123,-0.09146341681480408,86.66666412353516,133790.0,873405.201417
-387091.71875,-295263.3125,-278305.3125,-363549.0625,170927.28125,-372224.40625,-441292.625,-750000.0625,0.369873046875,0.895263671875,0.60107421875,-0.09146341681480408,2.4390244483947754,-0.060975611209869385,86.66666412353516,133791.0,873405.201433375
-387176.8125,-295314.1875,-278348.6875,-363546.28125,171158.9375,-372222.625,-441295.3125,-750000.0625,0.37255859375,0.8955078125,0.602294921875,-0.060975611209869385,2.408536672592163,0.09146341681480408,86.66666412353516,133792.0,873405.203956291
-387127.75,-295267.96875,-278279.40625,-363533.5,170654.671875,-372258.375,-441263.84375,-750000.0625,0.372314453125,0.8935546875,0.60302734375,-0.15243902802467346,2.408536672592163,0.18292683362960815,86.66666412353516,133793.0,873405.203999708
-387043.0,-295217.09375,-278233.71875,-363538.78125,170383.140625,-372266.0625,-441260.90625,-750000.0625,0.371337890625,0.894775390625,0.60302734375,-0.12195122241973877,2.4390244483947754,0.15243902802467346,86.66666412353516,133794.0,873405.205319083
-387084.46875,-295260.8125,-278302.65625,-363558.8125,170825.265625,-372240.15625,-441298.0,-750000.0625,0.371826171875,0.8935546875,0.6044921875,-0.12195122241973877,2.4390244483947754,0.09146341681480408,86.66666412353516,133795.0,873405.234678833
-387183.0,-295324.3125,-278364.25,-363560.6875,171188.078125,-372229.15625,-441308.90625,-750000.0625,0.372802734375,0.894775390625,0.602783203125,-0.15243902802467346,2.4695122241973877,0.21341463923454285,86.66666412353516,133796.0,873405.236288416
-387160.46875,-295293.71875,-278309.96875,-363547.71875,170768.9375,-372263.3125,-441279.75,-750000.0625,0.372314453125,0.89306640625,0.601318359375,-0.12195122241973877,2.5609755516052246,0.396341472864151,86.66666412353516,133797.0,873405.239316833
-387064.8125,-295233.28125,-278248.0,-363548.96875,170392.984375,-372280.5625,-441269.5625,-750000.0625,0.37158203125,0.8935546875,0.60302734375,-0.18292683362960815,2.6524391174316406,0.27439025044441223,86.66666412353516,133798.0,873405.239339875
-387081.53125,-295260.375,-278299.96875,-363568.46875,170726.734375,-372257.65625,-441303.1875,-750000.0625,0.37353515625,0.8935546875,0.6015625,-0.18292683362960815,2.378048896789551,0.3353658616542816,86.66666412353516,133799.0,873405.241521833
-387178.4375,-295327.96875,-278374.25,-363572.84375,171190.046875,-372238.1875,-441322.21875,-750000.0625,0.3740234375,0.894287109375,0.601318359375,-0.24390244483947754,2.408536672592163,0.3048780560493469,86.66666412353516,133800.0,873405.241542458
-387181.375,-295314.03125,-278337.59375,-363560.15625,170882.484375,-372267.6875,-441296.03125,-750000.0625,0.372802734375,0.891845703125,0.60400390625,-0.15243902802467346,2.5,0.24390244483947754,86.66666412353516,133801.0,873405.244692833
-387085.625,-295249.5625,-278265.28125,-363559.0,170429.09375,-372294.0625,-441278.59375,-750000.0625,0.37255859375,0.893798828125,0.599853515625,-0.12195122241973877,2.4695122241973877,0.24390244483947754,86.66666412353516,133802.0,873405.246839708
-387077.6875,-295259.3125,-278298.625,-363577.78125,170641.625,-372276.625,-441307.375,-750000.0625,0.372802734375,0.893798828125,0.602783203125,-0.15243902802467346,2.4695122241973877,0.24390244483947754,86.66666412353516,133803.0,873405.314209291
-387172.53125,-295329.9375,-278381.59375,-363586.09375,171166.078125,-372250.15625,-441334.03125,-750000.0625,0.373291015625,0.89453125,0.60400390625,-0.12195122241973877,2.5609755516052246,0.27439025044441223,86.66666412353516,133804.0,873405.314237625
-387202.75,-295334.84375,-278366.03125,-363574.1875,170996.5625,-372271.875,-441313.375,-750000.0625,0.37353515625,0.893798828125,0.60205078125,-0.15243902802467346,2.4390244483947754,0.12195122241973877,86.66666412353516,133805.0,873405.314252958
-387110.21875,-295268.78125,-278285.5625,-363567.125,170474.515625,-372302.1875,-441288.4375,-750000.0625,0.372802734375,0.895751953125,0.601806640625,-0.18292683362960815,2.5,0.09146341681480408,86.66666412353516,133806.0,873405.31426725
-387080.1875,-295263.25,-278298.09375,-363584.84375,170573.40625,-372294.59375,-441311.15625,-750000.0625,0.372314453125,0.894287109375,0.602783203125,-0.060975611209869385,2.378048896789551,0.18292683362960815,86.66666412353516,133807.0,873405.314281791
-387166.8125,-295330.65625,-278384.4375,-363597.53125,171115.65625,-372262.5,-441343.15625,-750000.0625,0.37255859375,0.893798828125,0.602294921875,-0.09146341681480408,2.5,0.18292683362960815,86.66666412353516,133808.0,873405.314298166
-387225.8125,-295357.1875,-278394.1875,-363591.4375,171099.390625,-372278.0625,-441332.34375,-750000.0625,0.374267578125,0.8935546875,0.603759765625,-0.18292683362960815,2.317073106765747,0.09146341681480408,86.66666412353516,133809.0,873405.314312708
-387139.71875,-295291.3125,-278311.3125,-363580.09375,170531.921875,-372309.34375,-441302.75,-750000.0625,0.3720703125,0.892333984375,0.5986328125,-0.09146341681480408,2.408536672592163,0.09146341681480408,86.66666412353516,133810.0,873405.315147708
-387084.125,-295264.9375,-278300.3125,-363593.0625,170498.125,-372307.8125,-441315.875,-750000.0625,0.373046875,0.8935546875,0.599365234375,-0.18292683362960815,2.5,0.060975611209869385,86.66666412353516,133811.0,873405.317998125
-387155.375,-295326.53125,-278384.1875,-363608.25,171037.34375,-372277.0625,-441351.375,-750000.0625,0.37109375,0.893798828125,0.60205078125,-0.12195122241973877,2.4390244483947754,0.030487805604934692,86.66666412353516,133812.0,873405.318021375
-387230.75,-295367.9375,-278414.125,-363603.53125,171172.703125,-372281.53125,-441348.6875,-750000.0625,0.37109375,0.8916015625,0.603271484375,-0.09146341681480408,2.4695122241973877,-0.030487805604934692,86.66666412353516,133813.0,873405.320152125
-387167.625,-295314.1875,-278338.75,-363592.15625,170633.578125,-372317.3125,-441317.5,-750000.0625,0.370361328125,0.89306640625,0.598388671875,-0.12195122241973877,2.5304877758026123,-0.09146341681480408,86.66666412353516,133814.0,873405.321760416
-387092.53125,-295271.8125,-278305.59375,-363600.65625,170445.734375,-372319.8125,-441320.09375,-750000.0625,0.37255859375,0.893798828125,0.59814453125,-0.09146341681480408,2.408536672592163,-0.12195122241973877,86.66666412353516,133815.0,873405.321802916
-387147.15625,-295324.375,-278382.5625,-363619.78125,170939.078125,-372292.96875,-441358.625,-750000.0625,0.370849609375,0.896728515625,0.599609375,-0.09146341681480408,2.4390244483947754,-0.060975611209869385,86.66666412353516,133816.0,873405.323190416
-387236.375,-295378.84375,-278431.75,-363617.71875,171218.65625,-372287.15625,-441363.09375,-750000.0625,0.3701171875,0.896484375,0.600830078125,-0.12195122241973877,2.4695122241973877,0.0,86.66666412353516,133817.0,873405.324378333
-387195.875,-295337.71875,-278366.9375,-363604.59375,170742.65625,-372322.5,-441331.875,-750000.0625,0.37060546875,0.895751953125,0.60107421875,-0.18292683362960815,2.4695122241973877,0.12195122241973877,86.66666412353516,133818.0,873405.326158041
-387108.78125,-295284.5,-278316.40625,-363609.59375,170438.40625,-372335.28125,-441327.5,-750000.0625,0.372314453125,0.895751953125,0.6005859375,-0.12195122241973877,2.408536672592163,0.15243902802467346,86.66666412353516,133819.0,873405.359653166
-387139.46875,-295320.28125,-278378.09375,-363627.5625,170839.390625,-372307.5625,-441361.46875,-750000.0625,0.372314453125,0.89404296875,0.60205078125,-0.09146341681480408,2.4695122241973877,0.12195122241973877,86.66666412353516,133820.0,873405.359689208
-387239.6875,-295385.71875,-278444.71875,-363630.34375,171242.4375,-372292.8125,-441374.625,-750000.0625,0.37060546875,0.89599609375,0.599365234375,-0.12195122241973877,2.4390244483947754,0.15243902802467346,86.66666412353516,133821.0,873405.359705125
-387223.78125,-295360.96875,-278396.53125,-363617.65625,170858.171875,-372327.03125,-441347.875,-750000.0625,0.371337890625,0.893798828125,0.601318359375,-0.15243902802467346,2.408536672592163,0.18292683362960815,86.66666412353516,133822.0,873405.359719791
-387126.75,-295298.0,-278330.0,-363617.1875,170448.59375,-372346.53125,-441334.21875,-750000.0625,0.372314453125,0.894775390625,0.60400390625,-0.18292683362960815,2.4695122241973877,0.24390244483947754,86.66666412353516,133823.0,873405.359734333
-387133.5625,-295317.15625,-278374.53125,-363634.90625,170740.328125,-372322.9375,-441364.6875,-750000.0625,0.374755859375,0.8955078125,0.6015625,-0.21341463923454285,2.591463327407837,0.15243902802467346,86.66666412353516,133824.0,873405.359748791
-387233.34375,-295388.75,-278453.46875,-363641.59375,171234.203125,-372302.1875,-441387.6875,-750000.0625,0.374267578125,0.89404296875,0.603515625,-0.27439025044441223,2.5,0.15243902802467346,86.66666412353516,133825.0,873405.359762958
-387249.53125,-295385.1875,-278425.40625,-363630.875,170972.78125,-372330.4375,-441364.875,-750000.0625,0.373046875,0.89501953125,0.6015625,-0.18292683362960815,2.5304877758026123,0.15243902802467346,86.66666412353516,133826.0,873405.359777291
-387152.0625,-295317.40625,-278347.53125,-363624.96875,170486.046875,-372355.21875,-441342.78125,-750000.0625,0.370849609375,0.893798828125,0.602294921875,-0.09146341681480408,2.591463327407837,0.18292683362960815,86.66666412353516,133827.0,873405.359791583
-387134.625,-295320.28125,-278373.1875,-363643.84375,170653.609375,-372340.09375,-441369.25,-750000.0625,0.371826171875,0.892578125,0.602294921875,-0.060975611209869385,2.5304877758026123,0.24390244483947754,86.66666412353516,133828.0,873405.3598055
-387231.46875,-295394.65625,-278461.0625,-363656.71875,171196.578125,-372315.96875,-441401.34375,-750000.0625,0.374755859375,0.894775390625,0.601806640625,-0.15243902802467346,2.5,0.24390244483947754,86.66666412353516,133829.0,873405.35981925
-387269.0,-295404.40625,-278452.84375,-363645.53125,171079.265625,-372335.0,-441382.9375,-750000.0625,0.374267578125,0.894775390625,0.601318359375,-0.18292683362960815,2.5609755516052246,0.21341463923454285,86.66666412353516,133830.0,873405.359833166
-387179.0625,-295337.34375,-278372.03125,-363637.9375,170552.65625,-372367.46875,-441356.46875,-750000.0625,0.37353515625,0.89404296875,0.6005859375,-0.12195122241973877,2.591463327407837,0.24390244483947754,86.66666412353516,133831.0,873405.359847
-387137.03125,-295321.53125,-278374.25,-363651.875,170588.609375,-372357.8125,-441373.5625,-750000.0625,0.372314453125,0.89306640625,0.6025390625,-0.15243902802467346,2.4390244483947754,0.12195122241973877,86.66666412353516,133832.0,873405.360553666
-387221.875,-295389.125,-278461.25,-363666.375,171140.25,-372327.3125,-441406.8125,-750000.0625,0.3740234375,0.894775390625,0.602783203125,-0.09146341681480408,2.5,0.09146341681480408,86.66666412353516,133833.0,873405.360576625
-387286.25,-295420.78125,-278478.3125,-363660.65625,171176.09375,-372340.0,-441399.5625,-750000.0625,0.372802734375,0.894287109375,0.60302734375,-0.15243902802467346,2.621951103210449,0.12195122241973877,86.66666412353516,133834.0,873405.363628333
-387209.625,-295360.875,-278398.84375,-363650.46875,170622.3125,-372375.25,-441370.5,-750000.0625,0.374755859375,0.893798828125,0.60009765625,-0.15243902802467346,2.5609755516052246,0.12195122241973877,86.66666412353516,133835.0,873405.364667375
-387147.5,-295329.65625,-278380.96875,-363663.0625,170517.53125,-372373.90625,-441381.15625,-750000.0625,0.37255859375,0.893798828125,0.600830078125,-0.15243902802467346,2.5,0.21341463923454285,86.66666412353516,133836.0,873405.398239916
-387214.8125,-295390.28125,-278462.15625,-363678.96875,171049.3125,-372344.375,-441416.90625,-750000.0625,0.373046875,0.89501953125,0.60302734375,-0.030487805604934692,2.5609755516052246,0.15243902802467346,86.66666412353516,133837.0,873405.398290333
-387295.46875,-295436.78125,-278498.625,-363674.40625,171237.703125,-372345.5625,-441416.1875,-750000.0625,0.37353515625,0.894287109375,0.601318359375,-0.12195122241973877,2.621951103210449,0.18292683362960815,86.66666412353516,133838.0,873405.399799708
-387238.96875,-295385.71875,-278426.46875,-363662.34375,170722.984375,-372382.46875,-441385.1875,-750000.0625,0.37255859375,0.89599609375,0.600830078125,-0.15243902802467346,2.591463327407837,0.15243902802467346,86.66666412353516,133839.0,873405.399820333
-387157.875,-295337.90625,-278386.59375,-363668.875,170504.46875,-372389.375,-441385.1875,-750000.0625,0.3720703125,0.894287109375,0.60009765625,-0.15243902802467346,2.5304877758026123,0.060975611209869385,86.66666412353516,133840.0,873405.402282166
-387202.5625,-295382.78125,-278457.21875,-363686.65625,170959.1875,-372358.78125,-441421.375,-750000.0625,0.373291015625,0.893310546875,0.6025390625,-0.09146341681480408,2.5,0.15243902802467346,86.66666412353516,133841.0,873405.402300708
-387294.84375,-295441.96875,-278513.375,-363687.125,171280.796875,-372350.375,-441430.40625,-750000.0625,0.373779296875,0.892822265625,0.6044921875,-0.09146341681480408,2.378048896789551,0.12195122241973877,86.66666412353516,133842.0,873405.403532833
-387264.0,-295406.8125,-278454.8125,-363674.78125,170831.171875,-372386.40625,-441401.1875,-750000.0625,0.373046875,0.893310546875,0.6025390625,-0.09146341681480408,2.5,0.12195122241973877,86.66666412353516,133843.0,873405.405514958
-387170.65625,-295348.09375,-278396.6875,-363676.125,170489.09375,-372399.09375,-441391.4375,-750000.0625,0.37109375,0.893310546875,0.603515625,-0.12195122241973877,2.4390244483947754,0.060975611209869385,86.66666412353516,133844.0,873405.405531416
-387194.4375,-295379.375,-278453.75,-363696.15625,170854.859375,-372374.78125,-441425.6875,-750000.0625,0.370849609375,0.8916015625,0.60302734375,-0.15243902802467346,2.4695122241973877,0.12195122241973877,86.66666412353516,133845.0,873405.407909583
-387295.46875,-295448.3125,-278526.15625,-363701.78125,171290.453125,-372358.6875,-441443.5625,-750000.0625,0.373291015625,0.892333984375,0.60107421875,-0.15243902802467346,2.4390244483947754,0.060975611209869385,86.66666412353516,133846.0,873405.41355775
-387288.9375,-295429.8125,-278483.5,-363687.8125,170944.890625,-372389.90625,-441416.90625,-750000.0625,0.371337890625,0.891845703125,0.602294921875,-0.12195122241973877,2.4695122241973877,0.12195122241973877,86.66666412353516,133847.0,873405.443921375
-387193.90625,-295367.21875,-278413.6875,-363686.65625,170518.421875,-372413.5,-441400.90625,-750000.0625,0.37158203125,0.893798828125,0.599609375,-0.18292683362960815,2.3475608825683594,0.09146341681480408,86.66666412353516,133848.0,873405.443941625
-387195.4375,-295382.9375,-278453.28125,-363705.4375,170769.828125,-372393.84375,-441430.78125,-750000.0625,0.37109375,0.89404296875,0.599365234375,-0.15243902802467346,2.408536672592163,0.060975611209869385,86.66666412353516,133849.0,873405.443955958
-387292.34375,-295452.875,-278534.46875,-363712.40625,171278.46875,-372368.625,-441455.09375,-750000.0625,0.371337890625,0.894775390625,0.600830078125,-0.12195122241973877,2.378048896789551,0.21341463923454285,86.66666412353516,133850.0,873405.443970208
-387313.53125,-295451.34375,-278511.84375,-363700.4375,171064.609375,-372393.03125,-441432.75,-750000.0625,0.37255859375,0.895751953125,0.603271484375,-0.12195122241973877,2.408536672592163,0.12195122241973877,86.66666412353516,133851.0,873405.445090166
-387217.59375,-295383.40625,-278432.71875,-363694.96875,170545.15625,-372420.125,-441409.9375,-750000.0625,0.37060546875,0.895263671875,0.603515625,-0.09146341681480408,2.4695122241973877,0.12195122241973877,86.66666412353516,133852.0,873405.446217875
-387194.96875,-295381.78125,-278452.21875,-363713.125,170677.5625,-372408.84375,-441433.90625,-750000.0625,0.371826171875,0.893798828125,0.6025390625,-0.15243902802467346,2.3475608825683594,0.12195122241973877,86.66666412353516,133853.0,873405.448920291
-387285.0,-295451.34375,-278538.0625,-363723.9375,171231.265625,-372380.875,-441464.3125,-750000.0625,0.37255859375,0.89404296875,0.602294921875,-0.060975611209869385,2.378048896789551,0.15243902802467346,86.66666412353516,133854.0,873405.448937166
-387335.0,-295471.46875,-278539.65625,-363716.15625,171165.90625,-372399.03125,-441450.875,-750000.0625,0.37158203125,0.894287109375,0.6015625,-0.030487805604934692,2.5,0.18292683362960815,86.66666412353516,133855.0,873405.485310125
-387249.875,-295406.8125,-278458.46875,-363707.59375,170623.03125,-372431.75,-441423.25,-750000.0625,0.370849609375,0.89501953125,0.60205078125,-0.15243902802467346,2.5609755516052246,0.09146341681480408,86.66666412353516,133856.0,873405.485326291
-387201.59375,-295385.625,-278454.1875,-363720.90625,170610.6875,-372425.5625,-441438.375,-750000.0625,0.37109375,0.89599609375,0.6025390625,-0.060975611209869385,2.4695122241973877,0.12195122241973877,86.66666412353516,133857.0,873405.485340166
-387283.03125,-295451.78125,-278539.84375,-363736.46875,171160.1875,-372395.4375,-441472.78125,-750000.0625,0.373046875,0.89453125,0.603515625,-0.09146341681480408,2.591463327407837,0.18292683362960815,86.66666412353516,133858.0,873405.485355125
-387354.03125,-295490.6875,-278564.0625,-363731.1875,171248.0625,-372404.375,-441468.21875,-750000.0625,0.371826171875,0.89404296875,0.6005859375,-0.09146341681480408,2.5,0.24390244483947754,86.66666412353516,133859.0,873405.485369083
-387282.5,-295432.46875,-278484.9375,-363718.84375,170707.875,-372439.53125,-441436.59375,-750000.0625,0.373046875,0.89306640625,0.601318359375,-0.09146341681480408,2.317073106765747,0.12195122241973877,86.66666412353516,133860.0,873405.485383083
-387210.34375,-295391.34375,-278457.21875,-363727.4375,170562.40625,-372439.0625,-441441.5,-750000.0625,0.372314453125,0.890869140625,0.6015625,-0.09146341681480408,2.408536672592163,0.21341463923454285,86.66666412353516,133861.0,873405.4869285
-387267.84375,-295444.1875,-278534.9375,-363743.875,171068.984375,-372408.3125,-441477.625,-750000.0625,0.37158203125,0.89208984375,0.599853515625,0.0,2.4390244483947754,0.24390244483947754,86.66666412353516,133862.0,873405.491127416
-387352.15625,-295494.96875,-278578.09375,-363740.40625,171306.453125,-372405.1875,-441479.5,-750000.0625,0.3720703125,0.89306640625,0.600341796875,-0.15243902802467346,2.4695122241973877,0.21341463923454285,86.66666412353516,133863.0,873405.491143416
-387305.125,-295450.625,-278510.0625,-363728.78125,170805.859375,-372442.28125,-441449.375,-750000.0625,0.373046875,0.894287109375,0.604248046875,-0.12195122241973877,2.378048896789551,0.21341463923454285,86.66666412353516,133864.0,873405.491157291
-387220.1875,-295400.03125,-278464.375,-363734.5,170538.09375,-372451.9375,-441446.59375,-750000.0625,0.370849609375,0.89501953125,0.603515625,-0.15243902802467346,2.4695122241973877,0.15243902802467346,86.66666412353516,133865.0,873405.491171125
-387259.4375,-295441.6875,-278532.25,-363753.71875,170969.65625,-372425.125,-441483.34375,-750000.0625,0.370849609375,0.893798828125,0.599609375,-0.18292683362960815,2.5,0.21341463923454285,86.66666412353516,133866.0,873405.520321791
-387355.8125,-295505.25,-278595.1875,-363756.40625,171334.890625,-372414.21875,-441496.21875,-750000.0625,0.37060546875,0.894775390625,0.60205078125,-0.15243902802467346,2.5,0.12195122241973877,86.66666412353516,133867.0,873405.521664583
-387334.1875,-295476.84375,-278541.71875,-363744.59375,170918.515625,-372449.25,-441468.0625,-750000.0625,0.3720703125,0.895263671875,0.602783203125,-0.18292683362960815,2.4390244483947754,0.15243902802467346,86.66666412353516,133868.0,873405.523833375
-387241.125,-295418.0,-278479.65625,-363746.125,170550.875,-372469.125,-441457.40625,-750000.0625,0.3720703125,0.89404296875,0.603759765625,-0.15243902802467346,2.4390244483947754,0.18292683362960815,86.66666412353516,133869.0,873405.523852541
-387255.3125,-295441.0625,-278529.46875,-363763.8125,170876.5,-372441.84375,-441488.15625,-750000.0625,0.372802734375,0.8935546875,0.600341796875,-0.24390244483947754,2.378048896789551,0.09146341681480408,86.66666412353516,133870.0,873405.524935041
-387351.15625,-295507.5,-278603.40625,-363767.40625,171340.96875,-372419.59375,-441506.78125,-750000.0625,0.373291015625,0.8955078125,0.600341796875,-0.21341463923454285,2.378048896789551,0.09146341681480408,86.66666412353516,133871.0,873405.524954333
-387355.65625,-295496.40625,-278569.4375,-363756.40625,171037.25,-372451.3125,-441483.78125,-750000.0625,0.373291015625,0.894775390625,0.600830078125,-0.12195122241973877,2.408536672592163,0.21341463923454285,86.66666412353516,133872.0,873405.524971083
-387258.71875,-295431.5,-278496.375,-363755.0625,170571.34375,-372476.0,-441466.0,-750000.0625,0.372314453125,0.893310546875,0.600341796875,-0.18292683362960815,2.4695122241973877,0.18292683362960815,86.66666412353516,133873.0,873405.524986
-387248.09375,-295439.0,-278527.3125,-363772.59375,170779.3125,-372458.46875,-441493.28125,-750000.0625,0.372802734375,0.89501953125,0.603271484375,-0.15243902802467346,2.4695122241973877,0.15243902802467346,86.66666412353516,133874.0,873405.529511208
-387343.75,-295510.71875,-278611.46875,-363781.96875,171309.765625,-372433.34375,-441520.96875,-750000.0625,0.37255859375,0.8935546875,0.603271484375,-0.12195122241973877,2.408536672592163,-0.030487805604934692,86.66666412353516,133875.0,873405.529527458
-387373.96875,-295515.90625,-278596.78125,-363770.34375,171145.609375,-372455.25,-441501.125,-750000.0625,0.372802734375,0.89453125,0.603759765625,-0.12195122241973877,2.4390244483947754,0.0,86.66666412353516,133876.0,873405.560468
-387280.28125,-295448.40625,-278515.78125,-363763.1875,170617.65625,-372484.59375,-441475.90625,-750000.0625,0.370849609375,0.893310546875,0.60205078125,-0.09146341681480408,2.5,0.030487805604934692,86.66666412353516,133877.0,873405.560484083
-387248.625,-295441.34375,-278526.78125,-363780.1875,170704.296875,-372475.375,-441497.375,-750000.0625,0.37158203125,0.89306640625,0.601806640625,-0.12195122241973877,2.5,0.09146341681480408,86.66666412353516,133878.0,873405.565950208
-387334.71875,-295510.28125,-278612.875,-363792.4375,171255.3125,-372445.0625,-441529.75,-750000.0625,0.371337890625,0.89404296875,0.601318359375,-0.09146341681480408,2.4695122241973877,0.15243902802467346,86.66666412353516,133879.0,873405.565968083
-387391.0625,-295535.84375,-278622.4375,-363784.84375,171244.140625,-372459.375,-441518.5625,-750000.0625,0.373779296875,0.89404296875,0.5986328125,-0.15243902802467346,2.4390244483947754,0.12195122241973877,86.66666412353516,133880.0,873405.565981791
-387308.15625,-295470.84375,-278540.65625,-363774.09375,170690.703125,-372492.09375,-441488.4375,-750000.0625,0.37353515625,0.89501953125,0.598388671875,-0.09146341681480408,2.4695122241973877,0.030487805604934692,86.66666412353516,133881.0,873405.565995708
-387253.0,-295443.9375,-278529.1875,-363787.78125,170629.109375,-372488.25,-441501.125,-750000.0625,0.37255859375,0.89306640625,0.600830078125,-0.24390244483947754,2.4695122241973877,0.12195122241973877,86.66666412353516,133882.0,873405.567565833
-387326.59375,-295505.8125,-278612.78125,-363804.0625,171177.078125,-372459.0,-441536.53125,-750000.0625,0.372314453125,0.89404296875,0.603515625,-0.12195122241973877,2.5,0.12195122241973877,86.66666412353516,133883.0,873405.5676005
-387400.34375,-295547.8125,-278643.0,-363798.5,171318.609375,-372463.125,-441534.3125,-750000.0625,0.370849609375,0.894775390625,0.600341796875,-0.09146341681480408,2.4390244483947754,0.09146341681480408,86.66666412353516,133884.0,873405.569848583
-387337.21875,-295494.1875,-278568.1875,-363786.8125,170788.703125,-372499.40625,-441503.1875,-750000.0625,0.372802734375,0.89404296875,0.60205078125,-0.09146341681480408,2.5304877758026123,0.18292683362960815,86.66666412353516,133885.0,873405.569865416
-387262.03125,-295452.0625,-278535.28125,-363795.375,170613.375,-372505.40625,-441506.40625,-750000.0625,0.371337890625,0.894287109375,0.600830078125,-0.09146341681480408,2.5609755516052246,0.24390244483947754,86.66666412353516,133886.0,873405.571623833
-387315.21875,-295503.03125,-278610.5625,-363813.71875,171089.640625,-372475.46875,-441543.59375,-750000.0625,0.37109375,0.89453125,0.6015625,-0.030487805604934692,2.5304877758026123,0.24390244483947754,86.66666412353516,133887.0,873405.612224291
-387406.34375,-295559.8125,-278661.15625,-363812.375,171372.53125,-372469.5625,-441549.25,-750000.0625,0.3720703125,0.89501953125,0.60009765625,-0.18292683362960815,2.5,0.15243902802467346,86.66666412353516,133888.0,873405.612247375
-387368.34375,-295520.375,-278597.6875,-363799.75,170894.109375,-372505.15625,-441518.5625,-750000.0625,0.37060546875,0.893798828125,0.60107421875,-0.12195122241973877,2.4695122241973877,0.18292683362960815,86.66666412353516,133889.0,873405.612262166
-387279.375,-295466.46875,-278545.65625,-363804.0625,170576.265625,-372516.78125,-441513.03125,-750000.0625,0.37158203125,0.892822265625,0.600341796875,-0.12195122241973877,2.4695122241973877,0.18292683362960815,86.66666412353516,133890.0,873405.612276458
-387310.59375,-295502.9375,-278609.125,-363824.1875,170984.140625,-372492.53125,-441549.78125,-750000.0625,0.37060546875,0.89404296875,0.60009765625,-0.21341463923454285,2.4390244483947754,0.15243902802467346,86.66666412353516,133891.0,873405.6162065
-387406.34375,-295566.25,-278675.375,-363825.96875,171390.859375,-372477.34375,-441563.71875,-750000.0625,0.3720703125,0.894775390625,0.600341796875,-0.27439025044441223,2.4695122241973877,0.18292683362960815,86.66666412353516,133892.0,873405.645588125
-387393.90625,-295542.09375,-278627.8125,-363813.4375,171012.03125,-372510.78125,-441536.0,-750000.0625,0.373046875,0.894775390625,0.60009765625,-0.21341463923454285,2.4695122241973877,0.15243902802467346,86.66666412353516,133893.0,873405.645609666
-387298.59375,-295480.125,-278561.375,-363814.0625,170598.890625,-372531.4375,-441522.875,-750000.0625,0.373779296875,0.892333984375,0.599365234375,-0.09146341681480408,2.5,0.09146341681480408,86.66666412353516,133894.0,873405.645623666
-387306.28125,-295498.71875,-278605.09375,-363832.5,170889.453125,-372507.90625,-441551.90625,-750000.0625,0.375,0.894287109375,0.60107421875,-0.09146341681480408,2.5,0.09146341681480408,86.66666412353516,133895.0,873405.6456375
-387404.625,-295570.625,-278685.21875,-363839.8125,171382.8125,-372487.4375,-441576.3125,-750000.0625,0.37451171875,0.894775390625,0.6015625,-0.09146341681480408,2.4390244483947754,0.030487805604934692,86.66666412353516,133896.0,873405.645651375
-387419.46875,-295566.15625,-278658.75,-363829.34375,171126.390625,-372516.59375,-441554.78125,-750000.0625,0.37451171875,0.89404296875,0.600830078125,-0.09146341681480408,2.408536672592163,0.060975611209869385,86.66666412353516,133897.0,873405.645665333
-387322.28125,-295498.71875,-278581.78125,-363825.0625,170643.765625,-372543.6875,-441533.5,-750000.0625,0.374267578125,0.89453125,0.60107421875,-0.060975611209869385,2.317073106765747,0.09146341681480408,86.66666412353516,133898.0,873405.645682083
-387303.6875,-295500.25,-278605.65625,-363842.15625,170806.484375,-372527.21875,-441558.8125,-750000.0625,0.371337890625,0.89306640625,0.602783203125,-0.18292683362960815,2.317073106765747,0.18292683362960815,86.66666412353516,133899.0,873405.648063625
-387397.9375,-295572.6875,-278691.46875,-363852.59375,171345.4375,-372500.40625,-441588.40625,-750000.0625,0.371826171875,0.893798828125,0.60009765625,-0.12195122241973877,2.4695122241973877,0.18292683362960815,86.66666412353516,133900.0,873405.650282583
-387438.15625,-295585.1875,-278683.4375,-363841.15625,171233.40625,-372518.71875,-441569.625,-750000.0625,0.371826171875,0.89404296875,0.60107421875,-0.18292683362960815,2.4695122241973877,0.060975611209869385,86.66666412353516,133901.0,873405.650298625
-387346.78125,-295517.6875,-278601.1875,-363832.65625,170701.25,-372549.65625,-441542.625,-750000.0625,0.3720703125,0.89453125,0.6005859375,-0.09146341681480408,2.5,0.030487805604934692,86.66666412353516,133902.0,873405.652676416
-387306.46875,-295503.65625,-278606.34375,-363849.5625,170739.796875,-372544.40625,-441562.8125,-750000.0625,0.373779296875,0.89501953125,0.6005859375,-0.060975611209869385,2.4695122241973877,0.060975611209869385,86.66666412353516,133903.0,873405.655160291
-387388.09375,-295570.15625,-278692.28125,-363863.0625,171286.0625,-372513.28125,-441596.71875,-750000.0625,0.3740234375,0.893798828125,0.604248046875,-0.18292683362960815,2.5,0.09146341681480408,86.66666412353516,133904.0,873405.655177791
-387450.25,-295599.75,-278706.84375,-363854.40625,171328.453125,-372522.65625,-441586.53125,-750000.0625,0.373046875,0.892822265625,0.6015625,-0.12195122241973877,2.4695122241973877,0.12195122241973877,86.66666412353516,133905.0,873405.656972958
-387374.40625,-295539.0625,-278626.75,-363843.21875,170774.84375,-372556.375,-441555.9375,-750000.0625,0.371337890625,0.893310546875,0.600341796875,-0.12195122241973877,2.378048896789551,0.15243902802467346,86.66666412353516,133906.0,873405.658131541
-387314.0625,-295507.59375,-278608.15625,-363856.1875,170670.234375,-372554.84375,-441564.875,-750000.0625,0.369873046875,0.89404296875,0.601318359375,-0.24390244483947754,2.408536672592163,0.24390244483947754,86.66666412353516,133907.0,873405.660046625
-387381.3125,-295567.40625,-278690.84375,-363874.0625,171203.015625,-372526.96875,-441602.625,-750000.0625,0.370849609375,0.89453125,0.5986328125,-0.09146341681480408,2.4695122241973877,0.09146341681480408,86.66666412353516,133908.0,873405.667334583
-387463.1875,-295616.84375,-278729.5625,-363870.84375,171394.515625,-372528.65625,-441604.03125,-750000.0625,0.37060546875,0.8935546875,0.6015625,-0.12195122241973877,2.4390244483947754,0.09146341681480408,86.66666412353516,133909.0,873405.695470708
-387409.03125,-295568.21875,-278657.9375,-363858.875,170872.296875,-372564.96875,-441573.375,-750000.0625,0.3701171875,0.894775390625,0.6015625,-0.18292683362960815,2.4390244483947754,0.24390244483947754,86.66666412353516,133910.0,873405.695493958
-387326.5,-295519.3125,-278616.0,-363864.125,170633.390625,-372569.53125,-441571.9375,-750000.0625,0.369140625,0.89306640625,0.599365234375,-0.18292683362960815,2.5609755516052246,0.24390244483947754,86.66666412353516,133911.0,873405.695508041
-387374.59375,-295567.65625,-278688.78125,-363883.90625,171100.71875,-372543.78125,-441610.3125,-750000.0625,0.371337890625,0.89404296875,0.598876953125,-0.09146341681480408,2.5,0.09146341681480408,86.66666412353516,133912.0,873405.695522041
-387467.21875,-295626.0625,-278745.375,-363883.375,171429.390625,-372535.09375,-441618.96875,-750000.0625,0.3720703125,0.8935546875,0.601318359375,-0.12195122241973877,2.5,0.15243902802467346,86.66666412353516,133913.0,873405.695536875
-387438.53125,-295592.96875,-278688.78125,-363873.15625,170988.96875,-372573.28125,-441591.4375,-750000.0625,0.372802734375,0.89306640625,0.600830078125,-0.09146341681480408,2.5609755516052246,0.12195122241973877,86.66666412353516,133914.0,873405.69555075
-387345.71875,-295534.84375,-278630.59375,-363875.9375,170662.0,-372590.25,-441581.875,-750000.0625,0.37158203125,0.89453125,0.602294921875,-0.15243902802467346,2.408536672592163,0.15243902802467346,86.66666412353516,133915.0,873405.695564833
-387367.25,-295563.65625,-278686.375,-363894.1875,171012.578125,-372562.4375,-441615.21875,-750000.0625,0.37255859375,0.892822265625,0.602783203125,-0.18292683362960815,2.5,0.09146341681480408,86.66666412353516,133916.0,873405.69674475
-387466.40625,-295631.6875,-278758.4375,-363898.65625,171448.96875,-372544.84375,-441633.375,-750000.0625,0.371337890625,0.8935546875,0.6005859375,-0.12195122241973877,2.378048896789551,0.060975611209869385,86.66666412353516,133917.0,873405.698055708
-387463.28125,-295613.96875,-278717.40625,-363886.03125,171106.53125,-372576.3125,-441606.71875,-750000.0625,0.371337890625,0.89501953125,0.601806640625,-0.15243902802467346,2.4390244483947754,0.12195122241973877,86.66666412353516,133918.0,873405.699245166
-387367.8125,-295549.6875,-278647.65625,-363885.15625,170655.03125,-372598.46875,-441590.375,-750000.0625,0.37109375,0.89453125,0.5986328125,-0.12195122241973877,2.408536672592163,0.18292683362960815,86.66666412353516,133919.0,873405.700576625
-387367.96875,-295563.71875,-278685.40625,-363904.1875,170909.75,-372578.8125,-441619.6875,-750000.0625,0.37109375,0.894775390625,0.600341796875,-0.12195122241973877,2.4390244483947754,0.21341463923454285,86.66666412353516,133920.0,873405.732316
-387465.0625,-295636.25,-278767.75,-363912.3125,171427.78125,-372555.84375,-441646.34375,-750000.0625,0.37255859375,0.89306640625,0.6005859375,-0.15243902802467346,2.5,0.060975611209869385,86.66666412353516,133921.0,873405.732343916
-387491.1875,-295639.90625,-278747.53125,-363901.34375,171220.078125,-372581.21875,-441625.0625,-750000.0625,0.370849609375,0.892333984375,0.601806640625,-0.18292683362960815,2.5,0.030487805604934692,86.66666412353516,133922.0,873405.732359708
-387395.96875,-295572.21875,-278668.0625,-363895.34375,170718.25,-372610.8125,-441601.625,-750000.0625,0.371826171875,0.8935546875,0.6025390625,-0.060975611209869385,2.5,0.060975611209869385,86.66666412353516,133923.0,873405.736725041
-387367.25,-295565.625,-278684.78125,-363911.6875,170834.03125,-372597.0625,-441624.15625,-750000.0625,0.37158203125,0.8935546875,0.599365234375,-0.18292683362960815,2.4390244483947754,0.18292683362960815,86.66666412353516,133924.0,873405.736748166
-387456.40625,-295635.25,-278771.3125,-363923.59375,171382.0,-372568.0,-441655.71875,-750000.0625,0.371337890625,0.89453125,0.599853515625,-0.09146341681480408,2.4695122241973877,0.15243902802467346,86.66666412353516,133925.0,873405.738185541
-387503.78125,-295653.125,-278771.6875,-363913.59375,171321.734375,-372583.375,-441640.15625,-750000.0625,0.371826171875,0.893310546875,0.604248046875,-0.12195122241973877,2.5304877758026123,0.12195122241973877,86.66666412353516,133926.0,873405.740038291
-387418.5,-295588.84375,-278690.3125,-363905.0,170766.703125,-372615.84375,-441612.28125,-750000.0625,0.369873046875,0.894775390625,0.60205078125,-0.15243902802467346,2.5304877758026123,0.12195122241973877,86.66666412353516,133927.0,873405.742556125
-387368.59375,-295566.875,-278684.6875,-363918.40625,170752.9375,-372610.03125,-441626.9375,-750000.0625,0.370361328125,0.893798828125,0.600830078125,-0.18292683362960815,2.408536672592163,0.12195122241973877,86.66666412353516,133928.0,873405.742727125
-387446.65625,-295632.125,-278770.59375,-363934.6875,171306.1875,-372581.125,-441662.96875,-750000.0625,0.370361328125,0.894775390625,0.599853515625,-0.15243902802467346,2.408536672592163,0.18292683362960815,86.66666412353516,133929.0,873405.744046375
-387516.3125,-295668.34375,-278793.84375,-363927.71875,171401.140625,-372587.65625,-441656.25,-750000.0625,0.37109375,0.893798828125,0.60205078125,-0.12195122241973877,2.4695122241973877,0.09146341681480408,86.66666412353516,133930.0,873405.774030291
-387448.4375,-295612.625,-278716.34375,-363916.53125,170861.03125,-372623.15625,-441625.59375,-750000.0625,0.36962890625,0.8935546875,0.602783203125,-0.18292683362960815,2.5,0.12195122241973877,86.66666412353516,133931.0,873405.774061333
-387382.71875,-295577.15625,-278690.40625,-363927.25,170726.734375,-372627.0,-441631.59375,-750000.0625,0.36865234375,0.893310546875,0.60107421875,-0.09146341681480408,2.408536672592163,0.09146341681480408,86.66666412353516,133932.0,873405.774077041
-387439.6875,-295630.78125,-278768.8125,-363944.4375,171221.78125,-372595.53125,-441669.21875,-750000.0625,0.369873046875,0.8935546875,0.603271484375,-0.030487805604934692,2.5609755516052246,0.15243902802467346,86.66666412353516,133933.0,873405.778628375
-387525.96875,-295683.375,-278814.59375,-363942.5625,171462.734375,-372593.65625,-441673.5,-750000.0625,0.370849609375,0.8935546875,0.602294921875,-0.09146341681480408,2.591463327407837,0.15243902802467346,86.66666412353516,133934.0,873405.778646875
-387477.5,-295637.03125,-278746.5625,-363930.3125,170958.296875,-372629.40625,-441642.84375,-750000.0625,0.370849609375,0.89306640625,0.604248046875,-0.15243902802467346,2.4695122241973877,0.21341463923454285,86.66666412353516,133935.0,873405.780553958
-387390.875,-295584.21875,-278699.15625,-363935.125,170668.984375,-372636.40625,-441639.4375,-750000.0625,0.370361328125,0.892822265625,0.60400390625,-0.15243902802467346,2.378048896789551,0.15243902802467346,86.66666412353516,133936.0,873405.780672291
-387427.4375,-295623.90625,-278764.15625,-363952.28125,171111.453125,-372610.1875,-441673.78125,-750000.0625,0.37060546875,0.891357421875,0.603759765625,-0.24390244483947754,2.4695122241973877,0.060975611209869385,86.66666412353516,133937.0,873405.783246833
-387523.71875,-295687.125,-278827.28125,-363953.8125,171483.75,-372598.75,-441685.9375,-750000.0625,0.37109375,0.89306640625,0.601806640625,-0.12195122241973877,2.5,0.21341463923454285,86.66666412353516,133938.0,873405.783365791
-387503.15625,-295658.9375,-278774.4375,-363941.90625,171071.9375,-372633.4375,-441657.875,-750000.0625,0.372314453125,0.8935546875,0.6005859375,-0.18292683362960815,2.4695122241973877,0.18292683362960815,86.66666412353516,133939.0,873405.78515925
-387407.3125,-295596.8125,-278709.8125,-363941.90625,170700.625,-372651.0625,-441644.90625,-750000.0625,0.373046875,0.89306640625,0.598876953125,-0.15243902802467346,2.5304877758026123,0.12195122241973877,86.66666412353516,133940.0,873405.816390291
-387420.71875,-295620.96875,-278759.34375,-363959.90625,171020.703125,-372626.375,-441676.625,-750000.0625,0.37158203125,0.8935546875,0.5986328125,-0.060975611209869385,2.5,0.12195122241973877,86.66666412353516,133941.0,873405.816426083
-387521.9375,-295692.65625,-278836.84375,-363966.96875,171486.421875,-372607.5,-441698.8125,-750000.0625,0.370849609375,0.894775390625,0.602294921875,-0.18292683362960815,2.4390244483947754,0.15243902802467346,86.66666412353516,133942.0,873405.816441833
-387527.46875,-295681.125,-278801.8125,-363954.0,171189.59375,-372636.125,-441672.875,-750000.0625,0.37158203125,0.89599609375,0.603271484375,-0.21341463923454285,2.378048896789551,0.15243902802467346,86.66666412353516,133943.0,873405.816456541
-387432.34375,-295615.15625,-278728.125,-363951.84375,170719.765625,-372659.5625,-441653.3125,-750000.0625,0.37060546875,0.89453125,0.59912109375,-0.15243902802467346,2.378048896789551,0.21341463923454285,86.66666412353516,133944.0,873405.816470916
-387420.0,-295620.6875,-278757.71875,-363969.0,170923.078125,-372641.65625,-441680.65625,-750000.0625,0.37109375,0.89306640625,0.601806640625,-0.21341463923454285,2.408536672592163,0.15243902802467346,86.66666412353516,133945.0,873405.816485208
-387513.71875,-295691.75,-278841.78125,-363977.9375,171454.953125,-372616.90625,-441708.5625,-750000.0625,0.37109375,0.8935546875,0.601318359375,-0.21341463923454285,2.378048896789551,0.18292683362960815,86.66666412353516,133946.0,873405.817526958
-387549.125,-295701.15625,-278830.9375,-363969.0,171298.046875,-372640.875,-441690.84375,-750000.0625,0.373046875,0.892822265625,0.600830078125,-0.15243902802467346,2.5,0.18292683362960815,86.66666412353516,133947.0,873405.819822416
-387455.96875,-295633.65625,-278749.78125,-363961.78125,170769.390625,-372670.53125,-441665.1875,-750000.0625,0.373779296875,0.894287109375,0.60009765625,-0.12195122241973877,2.4390244483947754,0.12195122241973877,86.66666412353516,133948.0,873405.819839875
-387420.90625,-295623.28125,-278758.625,-363977.3125,170845.828125,-372660.34375,-441685.59375,-750000.0625,0.374267578125,0.891357421875,0.601806640625,-0.09146341681480408,2.4695122241973877,0.09146341681480408,86.66666412353516,133949.0,873405.821159958
-387508.71875,-295693.09375,-278845.78125,-363990.5625,171402.75,-372631.65625,-441718.84375,-750000.0625,0.37353515625,0.89111328125,0.601806640625,-0.060975611209869385,2.5609755516052246,0.15243902802467346,86.66666412353516,133950.0,873405.853926541
-387567.4375,-295720.09375,-278855.8125,-363983.0625,171399.4375,-372645.25,-441707.5,-750000.0625,0.3740234375,0.890869140625,0.601806640625,-0.12195122241973877,2.408536672592163,0.18292683362960815,86.66666412353516,133951.0,873405.853954291
-387490.46875,-295660.65625,-278776.40625,-363974.5625,170851.1875,-372680.28125,-441679.3125,-750000.0625,0.373779296875,0.892822265625,0.60205078125,-0.09146341681480408,2.4390244483947754,0.24390244483947754,86.66666412353516,133952.0,873405.853969708
-387435.65625,-295634.625,-278765.40625,-363988.3125,170786.015625,-372678.0625,-441693.0,-750000.0625,0.372314453125,0.891845703125,0.60302734375,-0.09146341681480408,2.5609755516052246,0.21341463923454285,86.66666412353516,133953.0,873405.853984125
-387505.84375,-295694.28125,-278849.0,-364004.15625,171324.421875,-372648.65625,-441728.84375,-750000.0625,0.37109375,0.89306640625,0.604736328125,-0.09146341681480408,2.4390244483947754,0.12195122241973877,86.66666412353516,133954.0,873405.859719166
-387580.40625,-295734.0625,-278877.96875,-363997.1875,171472.84375,-372650.34375,-441724.03125,-750000.0625,0.37060546875,0.8935546875,0.602783203125,-0.09146341681480408,2.4390244483947754,0.18292683362960815,86.66666412353516,133955.0,873405.904584083
-387521.21875,-295682.46875,-278804.9375,-363987.15625,170948.5625,-372688.96875,-441694.0625,-750000.0625,0.370361328125,0.892578125,0.60400390625,-0.18292683362960815,2.4390244483947754,0.12195122241973877,86.66666412353516,133956.0,873405.906063958
-387446.21875,-295638.84375,-278769.4375,-363994.3125,170761.609375,-372692.90625,-441694.96875,-750000.0625,0.371337890625,0.893798828125,0.602294921875,-0.15243902802467346,2.5304877758026123,0.12195122241973877,86.66666412353516,133957.0,873405.907312625
-387495.125,-295687.46875,-278844.09375,-364011.65625,171233.765625,-372662.21875,-441732.25,-750000.0625,0.372802734375,0.8935546875,0.599853515625,-0.12195122241973877,2.591463327407837,0.0,86.66666412353516,133958.0,873405.909514916
-387585.25,-295743.71875,-278895.21875,-364010.3125,171524.0625,-372655.875,-441738.78125,-750000.0625,0.372314453125,0.89404296875,0.60302734375,-0.060975611209869385,2.5304877758026123,0.030487805604934692,86.66666412353516,133959.0,873405.910000791
-387548.125,-295704.71875,-278832.28125,-363998.25,171049.40625,-372691.8125,-441708.5625,-750000.0625,0.37060546875,0.893798828125,0.601806640625,-0.030487805604934692,2.5304877758026123,0.060975611209869385,86.66666412353516,133960.0,873405.911050458
-387459.0,-295649.75,-278778.8125,-364001.1875,170727.359375,-372702.375,-441701.40625,-750000.0625,0.373046875,0.894775390625,0.601318359375,-0.09146341681480408,2.4695122241973877,0.09146341681480408,86.66666412353516,133961.0,873405.91107375
-387489.03125,-295685.9375,-278839.96875,-364020.34375,171127.640625,-372678.0625,-441737.53125,-750000.0625,0.37255859375,0.894287109375,0.60107421875,-0.060975611209869385,2.5,0.060975611209869385,86.66666412353516,133962.0,873405.914460666
-387584.875,-295750.0625,-278907.125,-364022.84375,171537.484375,-372662.78125,-441752.1875,-750000.0625,0.372314453125,0.891357421875,0.60009765625,-0.09146341681480408,2.5,0.12195122241973877,86.66666412353516,133963.0,873405.914507875
-387573.34375,-295727.15625,-278861.34375,-364011.21875,171163.671875,-372696.21875,-441724.84375,-750000.0625,0.3720703125,0.893798828125,0.6025390625,0.0,2.621951103210449,0.12195122241973877,86.66666412353516,133964.0,873405.915470291
-387477.25,-295664.21875,-278794.1875,-364011.46875,170756.953125,-372717.84375,-441710.96875,-750000.0625,0.371337890625,0.895263671875,0.599365234375,-0.09146341681480408,2.408536672592163,0.18292683362960815,86.66666412353516,133965.0,873405.918032916
-387481.53125,-295682.65625,-278837.375,-364030.25,171034.46875,-372695.59375,-441742.34375,-750000.0625,0.37255859375,0.896728515625,0.600341796875,-0.18292683362960815,2.4390244483947754,0.18292683362960815,86.66666412353516,133966.0,873405.936939166
-387578.1875,-295752.125,-278915.53125,-364036.15625,171528.09375,-372672.34375,-441764.34375,-750000.0625,0.372802734375,0.89501953125,0.605712890625,-0.21341463923454285,2.5,0.21341463923454285,86.66666412353516,133967.0,873405.936965333
-387593.65625,-295746.40625,-278887.8125,-364023.90625,171278.28125,-372698.96875,-441740.3125,-750000.0625,0.373291015625,0.895263671875,0.602294921875,-0.18292683362960815,2.4695122241973877,0.12195122241973877,86.66666412353516,133968.0,873405.997437875
-387499.84375,-295680.40625,-278811.09375,-364020.96875,170787.796875,-372726.0625,-441718.9375,-750000.0625,0.373291015625,0.892333984375,0.603515625,-0.27439025044441223,2.4695122241973877,0.15243902802467346,86.66666412353516,133969.0,873405.997466916
-387478.5,-295680.59375,-278834.09375,-364037.59375,170941.671875,-372710.0625,-441744.9375,-750000.0625,0.3740234375,0.891357421875,0.602783203125,-0.15243902802467346,2.5,0.24390244483947754,86.66666412353516,133970.0,873405.997482833
-387569.15625,-295751.21875,-278919.71875,-364047.6875,171487.671875,-372683.0625,-441774.71875,-750000.0625,0.373046875,0.89404296875,0.601806640625,-0.12195122241973877,2.5304877758026123,0.24390244483947754,86.66666412353516,133971.0,873405.997497416
-387611.625,-295765.96875,-278915.25,-364038.125,171384.5,-372702.90625,-441758.625,-750000.0625,0.369873046875,0.894775390625,0.599853515625,-0.15243902802467346,2.5304877758026123,0.12195122241973877,86.66666412353516,133972.0,873405.997511958
-387523.46875,-295701.40625,-278834.96875,-364031.78125,170846.28125,-372736.4375,-441733.3125,-750000.0625,0.371337890625,0.8935546875,0.598388671875,-0.21341463923454285,2.4390244483947754,0.030487805604934692,86.66666412353516,133973.0,873405.997527166
-387480.46875,-295685.3125,-278836.21875,-364046.625,170866.125,-372727.5,-441751.125,-750000.0625,0.372314453125,0.895263671875,0.60205078125,-0.12195122241973877,2.4695122241973877,0.12195122241973877,86.66666412353516,133974.0,873405.997541416
-387563.875,-295754.875,-278923.3125,-364061.90625,171420.984375,-372698.96875,-441786.34375,-750000.0625,0.37109375,0.893798828125,0.605224609375,-0.09146341681480408,2.4390244483947754,0.15243902802467346,86.66666412353516,133975.0,873405.997555416
-387627.71875,-295787.25,-278941.28125,-364055.8125,171468.90625,-372709.875,-441778.5625,-750000.0625,0.37158203125,0.89404296875,0.599609375,0.0,2.4695122241973877,0.15243902802467346,86.66666412353516,133976.0,873405.997569708
-387553.9375,-295728.6875,-278863.21875,-364046.53125,170927.90625,-372746.09375,-441749.5,-750000.0625,0.372802734375,0.892822265625,0.601318359375,0.0,2.4695122241973877,0.12195122241973877,86.66666412353516,133977.0,873405.997583416
-387488.0625,-295693.65625,-278842.125,-364057.0625,170813.734375,-372743.875,-441757.8125,-750000.0625,0.372314453125,0.89306640625,0.6015625,-0.09146341681480408,2.408536672592163,0.12195122241973877,86.66666412353516,133978.0,873405.99759775
-387550.5625,-295749.53125,-278921.78125,-364072.09375,171338.28125,-372713.28125,-441792.6875,-750000.0625,0.373779296875,0.893310546875,0.599609375,-0.12195122241973877,2.5,0.15243902802467346,86.66666412353516,133979.0,873405.997611833
-387632.53125,-295796.90625,-278960.40625,-364067.8125,171539.09375,-372713.71875,-441793.125,-750000.0625,0.372314453125,0.892822265625,0.600341796875,-0.21341463923454285,2.5,0.09146341681480408,86.66666412353516,133980.0,873405.9976265
-387580.6875,-295748.53125,-278889.59375,-364056.4375,171030.359375,-372749.75,-441761.40625,-750000.0625,0.3720703125,0.893310546875,0.599853515625,-0.15243902802467346,2.4695122241973877,0.15243902802467346,86.66666412353516,133981.0,873405.997640125
-387500.75,-295702.40625,-278848.5625,-364063.5,170801.84375,-372757.53125,-441761.21875,-750000.0625,0.37451171875,0.893310546875,0.60205078125,-0.09146341681480408,2.408536672592163,0.15243902802467346,86.66666412353516,133982.0,873405.997653833
-387541.34375,-295745.40625,-278917.125,-364079.6875,171249.046875,-372727.40625,-441796.1875,-750000.0625,0.3720703125,0.893798828125,0.603515625,-0.030487805604934692,2.4390244483947754,0.15243902802467346,86.66666412353516,133983.0,873405.997667458
-387633.96875,-295804.59375,-278974.53125,-364079.6875,171584.421875,-372717.65625,-441805.375,-750000.0625,0.37109375,0.8935546875,0.600830078125,-0.09146341681480408,2.408536672592163,0.09146341681480408,86.66666412353516,133984.0,873405.997681333
-387606.6875,-295772.21875,-278917.9375,-364068.4375,171139.265625,-372754.15625,-441777.40625,-750000.0625,0.37060546875,0.892822265625,0.601806640625,-0.18292683362960815,2.5,0.18292683362960815,86.66666412353516,133985.0,873405.997694875
-387513.625,-295713.59375,-278859.03125,-364070.03125,170789.5,-372769.6875,-441767.5625,-750000.0625,0.372314453125,0.892333984375,0.602783203125,-0.18292683362960815,2.4695122241973877,0.15243902802467346,86.66666412353516,133986.0,873405.997708583
-387535.71875,-295744.25,-278915.0,-364089.4375,171151.859375,-372745.46875,-441801.53125,-750000.0625,0.370361328125,0.89208984375,0.60205078125,-0.12195122241973877,2.5,0.15243902802467346,86.66666412353516,133987.0,873405.997722416
-387635.21875,-295812.71875,-278987.84375,-364093.75,171592.46875,-372727.3125,-441819.78125,-750000.0625,0.370849609375,0.895263671875,0.60009765625,-0.18292683362960815,2.4695122241973877,0.030487805604934692,86.66666412353516,133988.0,873405.999869083
-387633.0625,-295795.84375,-278947.625,-364080.9375,171256.828125,-372758.875,-441793.75,-750000.0625,0.37255859375,0.89501953125,0.601318359375,-0.15243902802467346,2.5609755516052246,0.030487805604934692,86.66666412353516,133989.0,873405.999888791
-387536.0625,-295731.09375,-278876.28125,-364079.6875,170810.515625,-372781.78125,-441776.78125,-750000.0625,0.372802734375,0.8955078125,0.60009765625,-0.15243902802467346,2.378048896789551,0.12195122241973877,86.66666412353516,133990.0,873405.99990275
-387532.84375,-295743.71875,-278913.90625,-364099.09375,171053.96875,-372763.09375,-441806.71875,-750000.0625,0.371337890625,0.896484375,0.60009765625,-0.15243902802467346,2.4695122241973877,0.21341463923454285,86.66666412353516,133991.0,873405.999916666
-387629.59375,-295814.78125,-278995.1875,-364106.6875,171570.109375,-372737.875,-441831.59375,-750000.0625,0.372314453125,0.89306640625,0.600830078125,-0.21341463923454285,2.4695122241973877,0.27439025044441223,86.66666412353516,133992.0,873405.999931375
-387656.5,-295816.75,-278975.96875,-364096.40625,171368.859375,-372762.90625,-441810.84375,-750000.0625,0.37255859375,0.894775390625,0.599609375,-0.09146341681480408,2.378048896789551,0.15243902802467346,86.66666412353516,133993.0,873406.001854708
-387561.71875,-295747.65625,-278895.5,-364089.875,170847.4375,-372787.5,-441785.0,-750000.0625,0.372802734375,0.895263671875,0.602783203125,-0.060975611209869385,2.378048896789551,0.24390244483947754,86.66666412353516,133994.0,873406.001871083
-387531.5,-295742.1875,-278911.0625,-364105.53125,170960.890625,-372775.15625,-441808.4375,-750000.0625,0.374267578125,0.893310546875,0.604248046875,-0.12195122241973877,2.4390244483947754,0.18292683362960815,86.66666412353516,133995.0,873406.0055405
-387622.96875,-295814.59375,-278998.3125,-364117.78125,171518.4375,-372749.125,-441840.625,-750000.0625,0.37255859375,0.89306640625,0.60302734375,-0.18292683362960815,2.4695122241973877,0.09146341681480408,86.66666412353516,133996.0,873406.035814916
-387676.0625,-295838.03125,-279002.15625,-364109.8125,171467.203125,-372766.46875,-441828.0,-750000.0625,0.37451171875,0.89501953125,0.60205078125,-0.18292683362960815,2.5609755516052246,0.09146341681480408,86.66666412353516,133997.0,873406.040581791
-387589.0,-295771.5,-278918.84375,-364099.53125,170923.15625,-372798.65625,-441798.84375,-750000.0625,0.372802734375,0.89306640625,0.60400390625,-0.21341463923454285,2.5304877758026123,0.060975611209869385,86.66666412353516,133998.0,873406.04060225
-387536.5,-295747.28125,-278912.03125,-364112.25,170897.328125,-372792.0625,-441812.71875,-750000.0625,0.3720703125,0.8935546875,0.603271484375,-0.21341463923454285,2.4390244483947754,0.12195122241973877,86.66666412353516,133999.0,873406.042973625
-387613.21875,-295812.03125,-278998.125,-364128.15625,171447.796875,-372763.34375,-441848.84375,-750000.0625,0.37158203125,0.89208984375,0.599853515625,-0.15243902802467346,2.4695122241973877,0.09146341681480408,86.66666412353516,134000.0,873406.042997
-387685.28125,-295850.28125,-279024.5,-364123.59375,171550.796875,-372770.875,-441844.625,-750000.0625,0.373046875,0.891845703125,0.597412109375,-0.060975611209869385,2.378048896789551,0.09146341681480408,86.66666412353516,134001.0,873406.044263833
-387618.78125,-295795.3125,-278949.6875,-364114.46875,171013.015625,-372808.15625,-441815.84375,-750000.0625,0.37353515625,0.892578125,0.599365234375,-0.15243902802467346,2.3475608825683594,0.060975611209869385,86.66666412353516,134002.0,873406.04645575
-387546.15625,-295755.0625,-278919.71875,-364122.34375,170856.203125,-372807.96875,-441819.6875,-750000.0625,0.37060546875,0.893310546875,0.606201171875,-0.09146341681480408,2.5,0.15243902802467346,86.66666412353516,134003.0,873406.076721833
-387604.28125,-295809.34375,-278997.875,-364140.0625,171359.921875,-372779.625,-441856.625,-750000.0625,0.37158203125,0.89404296875,0.602294921875,-0.15243902802467346,2.591463327407837,0.15243902802467346,86.66666412353516,134004.0,873406.07674475
-387690.65625,-295860.65625,-279042.5,-364136.46875,171609.90625,-372775.40625,-441858.59375,-750000.0625,0.373046875,0.89306640625,0.59912109375,-0.060975611209869385,2.5609755516052246,0.030487805604934692,86.66666412353516,134005.0,873406.076759916
-387647.75,-295816.65625,-278975.15625,-364124.40625,171118.34375,-372811.71875,-441826.65625,-750000.0625,0.3720703125,0.8935546875,0.60107421875,-0.09146341681480408,2.4390244483947754,0.030487805604934692,86.66666412353516,134006.0,873406.076774416
-387562.34375,-295766.875,-278928.40625,-364130.3125,170837.15625,-372822.71875,-441825.21875,-750000.0625,0.370361328125,0.89306640625,0.60205078125,-0.060975611209869385,2.4390244483947754,0.030487805604934692,86.66666412353516,134007.0,873406.076788458
-387598.65625,-295807.375,-278994.65625,-364149.0,171260.671875,-372794.8125,-441861.53125,-750000.0625,0.3720703125,0.892333984375,0.599609375,-0.060975611209869385,2.4695122241973877,0.09146341681480408,86.66666412353516,134008.0,873406.07680275
-387696.0,-295872.0,-279058.5,-364151.03125,171637.171875,-372783.65625,-441874.5,-750000.0625,0.36962890625,0.891845703125,0.602294921875,-0.09146341681480408,2.5,0.15243902802467346,86.66666412353516,134009.0,873406.076816541
-387675.4375,-295843.125,-279006.375,-364138.625,171227.859375,-372817.4375,-441846.0625,-750000.0625,0.37109375,0.89453125,0.602294921875,-0.09146341681480408,2.408536672592163,0.15243902802467346,86.66666412353516,134010.0,873406.077957708
-387579.59375,-295781.0,-278942.71875,-364139.59375,170854.046875,-372836.5625,-441833.90625,-750000.0625,0.372314453125,0.89453125,0.6015625,-0.12195122241973877,2.4390244483947754,0.09146341681480408,86.66666412353516,134011.0,873406.079361541
-387592.125,-295804.40625,-278992.15625,-364158.375,171169.21875,-372813.15625,-441866.4375,-750000.0625,0.3720703125,0.891357421875,0.599365234375,-0.15243902802467346,2.4695122241973877,0.12195122241973877,86.66666412353516,134012.0,873406.079378041
-387690.46875,-295873.71875,-279068.3125,-364163.375,171639.84375,-372792.125,-441886.5625,-750000.0625,0.371826171875,0.893310546875,0.600341796875,-0.24390244483947754,2.5609755516052246,0.18292683362960815,86.66666412353516,134013.0,873406.083073875
-387698.25,-295863.4375,-279034.96875,-364151.65625,171348.03125,-372821.46875,-441861.8125,-750000.0625,0.373291015625,0.8955078125,0.601318359375,-0.18292683362960815,2.4695122241973877,0.3353658616542816,86.66666412353516,134014.0,873406.083096916
-387602.59375,-295798.34375,-278961.3125,-364149.4375,170886.15625,-372847.40625,-441843.5625,-750000.0625,0.373046875,0.893310546875,0.60205078125,-0.12195122241973877,2.408536672592163,0.3353658616542816,86.66666412353516,134015.0,873406.084118583
-387591.40625,-295805.125,-278991.0,-364167.125,171084.640625,-372831.125,-441870.46875,-750000.0625,0.373046875,0.89306640625,0.60107421875,-0.09146341681480408,2.4390244483947754,0.3353658616542816,86.66666412353516,134016.0,873406.11582075
-387688.15625,-295877.90625,-279075.375,-364176.71875,171613.203125,-372804.375,-441898.375,-750000.0625,0.372802734375,0.894775390625,0.602294921875,-0.12195122241973877,2.5,0.3353658616542816,86.66666412353516,134017.0,873406.117036
-387725.59375,-295887.65625,-279063.84375,-364166.34375,171463.09375,-372826.28125,-441878.875,-750000.0625,0.3720703125,0.895263671875,0.6015625,-0.15243902802467346,2.4695122241973877,0.21341463923454285,86.66666412353516,134018.0,873406.117055166
-387633.4375,-295820.5,-278982.75,-364159.90625,170930.234375,-372856.0625,-441853.84375,-750000.0625,0.3720703125,0.894775390625,0.60205078125,-0.060975611209869385,2.5,0.15243902802467346,86.66666412353516,134019.0,873406.117069958
-387594.34375,-295807.375,-278989.8125,-364174.125,171003.546875,-372845.96875,-441873.34375,-750000.0625,0.373046875,0.89306640625,0.599365234375,-0.15243902802467346,2.378048896789551,0.18292683362960815,86.66666412353516,134020.0,873406.120535208
-387677.5,-295873.78125,-279075.375,-364186.0,171555.984375,-372815.21875,-441905.34375,-750000.0625,0.371826171875,0.891845703125,0.597900390625,-0.24390244483947754,2.378048896789551,0.18292683362960815,86.66666412353516,134021.0,873406.120599416
-387734.71875,-295899.0,-279084.59375,-364177.0625,171558.9375,-372826.84375,-441892.90625,-750000.0625,0.372802734375,0.89208984375,0.599609375,-0.18292683362960815,2.378048896789551,0.18292683362960815,86.66666412353516,134022.0,873406.121718416
-387655.59375,-295837.75,-279004.5625,-364167.75,170990.390625,-372860.0,-441864.40625,-750000.0625,0.372802734375,0.893310546875,0.603759765625,-0.21341463923454285,2.378048896789551,0.15243902802467346,86.66666412353516,134023.0,873406.122871041
-387597.5,-295809.34375,-278990.625,-364179.75,170924.328125,-372857.40625,-441876.03125,-750000.0625,0.373291015625,0.89208984375,0.6015625,-0.060975611209869385,2.4390244483947754,0.12195122241973877,86.66666412353516,134024.0,873406.124204416
-387668.9375,-295871.03125,-279075.03125,-364196.8125,171470.515625,-372829.5,-441913.125,-750000.0625,0.372314453125,0.89208984375,0.603271484375,-0.12195122241973877,2.5609755516052246,0.24390244483947754,86.66666412353516,134025.0,873406.125403375
-387747.96875,-295916.0,-279109.09375,-364194.21875,171625.28125,-372834.53125,-441912.5,-750000.0625,0.37353515625,0.891845703125,0.6044921875,-0.09146341681480408,2.4695122241973877,0.12195122241973877,86.66666412353516,134026.0,873406.159816458
-387689.125,-295864.9375,-279035.34375,-364183.15625,171099.109375,-372871.96875,-441882.0,-750000.0625,0.371826171875,0.89306640625,0.60693359375,-0.060975611209869385,2.4390244483947754,0.09146341681480408,86.66666412353516,134027.0,873406.159841583
-387612.6875,-295821.84375,-278999.5625,-364190.125,170898.84375,-372875.90625,-441883.71875,-750000.0625,0.371337890625,0.892822265625,0.603759765625,-0.060975611209869385,2.5609755516052246,0.030487805604934692,86.66666412353516,134028.0,873406.159856875
-387664.1875,-295871.90625,-279074.125,-364208.4375,171377.703125,-372846.9375,-441920.625,-750000.0625,0.37109375,0.892822265625,0.6025390625,-0.09146341681480408,2.4695122241973877,0.060975611209869385,86.66666412353516,134029.0,873406.162173
-387756.46875,-295929.125,-279127.96875,-364208.90625,171674.359375,-372841.5,-441928.5,-750000.0625,0.370361328125,0.893798828125,0.601318359375,-0.12195122241973877,2.378048896789551,0.09146341681480408,86.66666412353516,134030.0,873406.162204875
-387718.8125,-295887.375,-279063.84375,-364194.9375,171208.640625,-372875.46875,-441895.875,-750000.0625,0.371826171875,0.893798828125,0.60205078125,-0.12195122241973877,2.5,0.12195122241973877,86.66666412353516,134031.0,873406.165532208
-387626.625,-295830.96875,-279009.9375,-364198.15625,170885.609375,-372888.34375,-441889.53125,-750000.0625,0.37255859375,0.8935546875,0.60302734375,-0.09146341681480408,2.621951103210449,0.12195122241973877,86.66666412353516,134032.0,873406.165569791
-387654.34375,-295865.84375,-279071.09375,-364217.28125,171274.09375,-372862.59375,-441925.09375,-750000.0625,0.37060546875,0.89306640625,0.6064453125,-0.030487805604934692,2.591463327407837,0.09146341681480408,86.66666412353516,134033.0,873406.16667625
-387752.4375,-295932.53125,-279139.9375,-364220.6875,171688.671875,-372847.75,-441940.9375,-750000.0625,0.369873046875,0.89453125,0.607177734375,-0.12195122241973877,2.5609755516052246,0.0,86.66666412353516,134034.0,873406.167999041
-387743.5,-295911.4375,-279094.96875,-364209.53125,171318.4375,-372882.0,-441914.90625,-750000.0625,0.3701171875,0.893798828125,0.60595703125,-0.060975611209869385,2.5304877758026123,0.060975611209869385,86.66666412353516,134035.0,873406.209111541
-387645.40625,-295846.4375,-279024.96875,-364207.1875,170899.296875,-372900.78125,-441898.28125,-750000.0625,0.372314453125,0.893798828125,0.6044921875,0.0,2.408536672592163,0.09146341681480408,86.66666412353516,134036.0,873406.209139541
-387650.875,-295865.9375,-279069.03125,-364227.21875,171177.4375,-372880.21875,-441930.65625,-750000.0625,0.373779296875,0.892578125,0.604248046875,-0.12195122241973877,2.5609755516052246,0.21341463923454285,86.66666412353516,134037.0,873406.209154916
-387749.9375,-295938.34375,-279149.0625,-364234.375,171676.5,-372858.46875,-441954.34375,-750000.0625,0.37255859375,0.8935546875,0.6025390625,-0.15243902802467346,2.5,0.060975611209869385,86.66666412353516,134038.0,873406.209169333
-387767.28125,-295934.78125,-279123.125,-364223.09375,171431.4375,-372885.46875,-441931.8125,-750000.0625,0.370361328125,0.89453125,0.6025390625,-0.09146341681480408,2.4390244483947754,0.12195122241973877,86.66666412353516,134039.0,873406.209183458
-387670.8125,-295866.90625,-279044.625,-364217.28125,170936.84375,-372910.34375,-441909.09375,-750000.0625,0.371826171875,0.896240234375,0.603759765625,-0.12195122241973877,2.4390244483947754,0.12195122241973877,86.66666412353516,134040.0,873406.209197708
-387648.625,-295865.3125,-279066.53125,-364234.28125,171085.171875,-372894.96875,-441933.6875,-750000.0625,0.3720703125,0.8955078125,0.601318359375,-0.18292683362960815,2.317073106765747,0.15243902802467346,86.66666412353516,134041.0,873406.210576333
-387740.4375,-295936.1875,-279152.46875,-364245.46875,171634.21875,-372868.84375,-441963.46875,-750000.0625,0.371826171875,0.893310546875,0.60302734375,-0.21341463923454285,2.3475608825683594,0.21341463923454285,86.66666412353516,134042.0,873406.211792375
-387786.40625,-295951.5,-279149.15625,-364236.78125,171537.5625,-372888.15625,-441946.90625,-750000.0625,0.37255859375,0.89404296875,0.599365234375,-0.21341463923454285,2.5,0.15243902802467346,86.66666412353516,134043.0,873406.212951833
-387696.46875,-295885.34375,-279066.71875,-364227.84375,171004.96875,-372920.96875,-441919.8125,-750000.0625,0.370361328125,0.89404296875,0.60205078125,-0.15243902802467346,2.4695122241973877,0.18292683362960815,86.66666412353516,134044.0,873406.214465875
-387651.59375,-295868.4375,-279067.4375,-364242.40625,171029.5625,-372913.90625,-441937.53125,-750000.0625,0.370849609375,0.894775390625,0.59912109375,-0.09146341681480408,2.378048896789551,0.18292683362960815,86.66666412353516,134045.0,873406.215505833
-387734.09375,-295936.03125,-279155.3125,-364257.625,171576.015625,-372883.5,-441973.03125,-750000.0625,0.37109375,0.894287109375,0.602783203125,-0.09146341681480408,2.5304877758026123,0.18292683362960815,86.66666412353516,134046.0,873406.217888791
-387799.71875,-295968.21875,-279172.75,-364249.125,171633.59375,-372892.0,-441963.625,-750000.0625,0.372314453125,0.893798828125,0.60009765625,-0.12195122241973877,2.4390244483947754,0.18292683362960815,86.66666412353516,134047.0,873406.220842583
-387725.96875,-295908.21875,-279093.1875,-364238.40625,171086.328125,-372927.15625,-441933.25,-750000.0625,0.372314453125,0.89404296875,0.599853515625,-0.09146341681480408,2.5304877758026123,0.12195122241973877,86.66666412353516,134048.0,873406.220869541
-387659.71875,-295873.15625,-279070.8125,-364249.03125,170971.4375,-372926.53125,-441940.84375,-750000.0625,0.370361328125,0.893798828125,0.601806640625,-0.18292683362960815,2.5,0.15243902802467346,86.66666412353516,134049.0,873406.251017
-387726.40625,-295933.0625,-279153.34375,-364266.90625,171491.4375,-372897.71875,-441978.5625,-750000.0625,0.37060546875,0.892578125,0.603515625,-0.15243902802467346,2.5,0.060975611209869385,86.66666412353516,134050.0,873406.251046166
-387813.84375,-295985.09375,-279194.84375,-364265.125,171697.875,-372898.96875,-441980.71875,-750000.0625,0.3720703125,0.893310546875,0.6015625,-0.12195122241973877,2.4695122241973877,0.09146341681480408,86.66666412353516,134051.0,873406.254710333
-387762.4375,-295937.625,-279124.65625,-364253.9375,171184.234375,-372935.90625,-441950.5,-750000.0625,0.3740234375,0.89404296875,0.6044921875,-0.15243902802467346,2.378048896789551,0.060975611209869385,86.66666412353516,134052.0,873406.254734041
-387678.9375,-295888.09375,-279081.46875,-364259.84375,170945.15625,-372943.25,-441948.53125,-750000.0625,0.372802734375,0.89501953125,0.602783203125,-0.060975611209869385,2.378048896789551,0.030487805604934692,86.66666412353516,134053.0,873406.254749666
-387721.59375,-295931.65625,-279151.5625,-364278.53125,171395.5,-372915.25,-441985.28125,-750000.0625,0.37353515625,0.8955078125,0.603515625,-0.09146341681480408,2.5,0.12195122241973877,86.66666412353516,134054.0,873406.254764666
-387814.9375,-295989.40625,-279208.0625,-364277.65625,171735.875,-372903.625,-441992.34375,-750000.0625,0.374267578125,0.893310546875,0.60009765625,-0.060975611209869385,2.5609755516052246,0.09146341681480408,86.66666412353516,134055.0,873406.256803458
-387784.96875,-295954.25,-279148.96875,-364263.59375,171295.984375,-372936.34375,-441961.65625,-750000.0625,0.372314453125,0.895751953125,0.59912109375,-0.12195122241973877,2.5,0.15243902802467346,86.66666412353516,134056.0,873406.256836958
-387688.59375,-295894.09375,-279088.53125,-364264.40625,170939.078125,-372951.09375,-441952.0,-750000.0625,0.372314453125,0.89306640625,0.603271484375,-0.060975611209869385,2.5304877758026123,0.15243902802467346,86.66666412353516,134057.0,873406.257888416
-387711.46875,-295925.28125,-279145.40625,-364284.875,171296.53125,-372929.03125,-441987.5,-750000.0625,0.37255859375,0.8955078125,0.603759765625,-0.060975611209869385,2.5304877758026123,0.15243902802467346,86.66666412353516,134058.0,873406.259162916
-387809.75,-295993.15625,-279217.90625,-364288.90625,171741.59375,-372910.78125,-442005.75,-750000.0625,0.371826171875,0.8955078125,0.599853515625,-0.09146341681480408,2.5304877758026123,0.12195122241973877,86.66666412353516,134059.0,873406.260485833
-387807.59375,-295976.0625,-279177.40625,-364275.84375,171409.53125,-372940.71875,-441978.65625,-750000.0625,0.372802734375,0.89599609375,0.601806640625,-0.24390244483947754,2.4390244483947754,0.18292683362960815,86.66666412353516,134060.0,873406.265413625
-387711.40625,-295912.40625,-279106.15625,-364274.25,170961.15625,-372964.15625,-441962.125,-750000.0625,0.3720703125,0.89453125,0.603515625,-0.21341463923454285,2.5,0.18292683362960815,86.66666412353516,134061.0,873406.294872208
-387709.5,-295927.1875,-279144.15625,-364294.28125,171198.1875,-372946.1875,-441992.96875,-750000.0625,0.37353515625,0.894287109375,0.602294921875,-0.21341463923454285,2.5,0.18292683362960815,86.66666412353516,134062.0,873406.29500975
-387805.90625,-295998.25,-279225.9375,-364302.0625,171716.65625,-372921.5,-442018.09375,-750000.0625,0.3720703125,0.89453125,0.6015625,-0.12195122241973877,2.591463327407837,0.21341463923454285,86.66666412353516,134063.0,873406.295216916
-387832.4375,-296001.125,-279208.15625,-364292.03125,171520.046875,-372946.8125,-441998.3125,-750000.0625,0.37255859375,0.8955078125,0.599609375,-0.12195122241973877,2.5304877758026123,0.12195122241973877,86.66666412353516,134064.0,873406.298151333
-387738.03125,-295933.6875,-279129.21875,-364287.03125,171013.28125,-372977.03125,-441975.78125,-750000.0625,0.37158203125,0.89599609375,0.599609375,-0.15243902802467346,2.5304877758026123,0.15243902802467346,86.66666412353516,134065.0,873406.298190958
-387707.90625,-295926.625,-279143.53125,-364303.40625,171120.578125,-372964.6875,-441997.78125,-750000.0625,0.371337890625,0.895263671875,0.6005859375,-0.18292683362960815,2.5,0.12195122241973877,86.66666412353516,134066.0,873406.299390791
-387797.5,-295996.5625,-279230.40625,-364315.90625,171669.625,-372935.625,-442029.09375,-750000.0625,0.373046875,0.89697265625,0.599609375,-0.24390244483947754,2.5,0.18292683362960815,86.66666412353516,134067.0,873406.299452333
-387849.71875,-296017.65625,-279233.71875,-364307.0625,171624.65625,-372950.65625,-442014.6875,-750000.0625,0.373779296875,0.892578125,0.599365234375,-0.24390244483947754,2.5,0.18292683362960815,86.66666412353516,134068.0,873406.304593708
-387760.9375,-295951.03125,-279150.21875,-364295.78125,171070.328125,-372981.9375,-441985.53125,-750000.0625,0.371826171875,0.89453125,0.599365234375,-0.18292683362960815,2.4390244483947754,0.21341463923454285,86.66666412353516,134069.0,873406.30462375
-387708.53125,-295927.53125,-279143.0625,-364309.21875,171038.953125,-372976.125,-442000.03125,-750000.0625,0.37255859375,0.894775390625,0.599853515625,-0.18292683362960815,2.3475608825683594,0.12195122241973877,86.66666412353516,134070.0,873406.304639958
-387788.09375,-295995.375,-279231.75,-364327.96875,171592.203125,-372950.5625,-442038.8125,-750000.0625,0.372314453125,0.89453125,0.603271484375,-0.09146341681480408,2.5304877758026123,0.060975611209869385,86.66666412353516,134071.0,873406.311929291
-387859.53125,-296034.28125,-279257.25,-364321.53125,171700.375,-372956.03125,-442033.28125,-750000.0625,0.372314453125,0.8935546875,0.60009765625,-0.09146341681480408,2.4695122241973877,0.09146341681480408,86.66666412353516,134072.0,873406.31195825
-387790.53125,-295977.875,-279179.09375,-364309.28125,171164.734375,-372991.53125,-442002.25,-750000.0625,0.37158203125,0.89453125,0.603271484375,-0.09146341681480408,2.408536672592163,0.030487805604934692,86.66666412353516,134073.0,873406.315645
-387718.46875,-295938.15625,-279150.03125,-364318.78125,171008.015625,-372994.90625,-442007.71875,-750000.0625,0.372314453125,0.89501953125,0.599365234375,-0.18292683362960815,2.5304877758026123,0.09146341681480408,86.66666412353516,134074.0,873406.315674
-387776.5625,-295992.09375,-279228.90625,-364337.1875,171504.3125,-372965.5,-442045.4375,-750000.0625,0.371826171875,0.894287109375,0.603271484375,-0.09146341681480408,2.4695122241973877,0.030487805604934692,86.66666412353516,134075.0,873406.345894041
-387863.125,-296044.28125,-279274.3125,-364333.875,171758.765625,-372960.125,-442047.9375,-750000.0625,0.37060546875,0.8935546875,0.604248046875,-0.12195122241973877,2.682926893234253,0.15243902802467346,86.66666412353516,134076.0,873406.346866125
-387818.40625,-296001.8125,-279208.5,-364323.25,171269.703125,-372998.125,-442018.71875,-750000.0625,0.37158203125,0.893310546875,0.604736328125,-0.09146341681480408,2.591463327407837,0.15243902802467346,86.66666412353516,134077.0,873406.346892625
-387729.625,-295947.90625,-279159.25,-364327.53125,170995.3125,-373009.21875,-442014.40625,-750000.0625,0.37255859375,0.89404296875,0.6015625,-0.12195122241973877,2.4695122241973877,0.09146341681480408,86.66666412353516,134078.0,873406.352364625
-387763.78125,-295986.0,-279223.0,-364344.53125,171408.546875,-372979.28125,-442048.125,-750000.0625,0.37353515625,0.89501953125,0.60107421875,-0.12195122241973877,2.5,0.0,86.66666412353516,134079.0,873406.352482625
-387863.75,-296050.5625,-279287.8125,-364347.21875,171790.046875,-372965.59375,-442060.1875,-750000.0625,0.373046875,0.89404296875,0.600830078125,-0.15243902802467346,2.5,0.060975611209869385,86.66666412353516,134080.0,873406.352530083
-387845.59375,-296024.96875,-279238.1875,-364336.5625,171382.625,-373002.0625,-442035.15625,-750000.0625,0.37255859375,0.895263671875,0.60302734375,-0.12195122241973877,2.5,0.09146341681480408,86.66666412353516,134081.0,873406.382261875
-387748.75,-295963.375,-279173.8125,-364336.90625,170983.78125,-373019.5,-442022.8125,-750000.0625,0.371826171875,0.892822265625,0.604736328125,-0.09146341681480408,2.4695122241973877,0.12195122241973877,86.66666412353516,134082.0,873406.382294583
-387761.375,-295987.25,-279223.09375,-364355.59375,171306.984375,-372996.96875,-442055.28125,-750000.0625,0.371337890625,0.891845703125,0.6044921875,-0.18292683362960815,2.591463327407837,0.15243902802467346,86.66666412353516,134083.0,873406.382310916
-387861.96875,-296057.78125,-279299.96875,-364361.5,171787.28125,-372976.9375,-442075.84375,-750000.0625,0.372802734375,0.892333984375,0.603271484375,-0.15243902802467346,2.4390244483947754,0.12195122241973877,86.66666412353516,134084.0,873406.385766333
-387870.8125,-296048.0625,-279266.90625,-364349.53125,171500.109375,-373005.8125,-442051.25,-750000.0625,0.370849609375,0.89306640625,0.60009765625,-0.09146341681480408,2.4390244483947754,0.060975611209869385,86.66666412353516,134085.0,873406.385816541
-387772.90625,-295981.34375,-279190.90625,-364345.40625,171033.84375,-373031.75,-442031.125,-750000.0625,0.370361328125,0.893798828125,0.600830078125,-0.030487805604934692,2.2560975551605225,0.15243902802467346,86.66666412353516,134086.0,873406.385847541
-387757.53125,-295984.46875,-279218.15625,-364361.59375,171221.96875,-373012.71875,-442055.90625,-750000.0625,0.371337890625,0.892333984375,0.5986328125,-0.060975611209869385,2.378048896789551,0.24390244483947754,86.66666412353516,134087.0,873406.388074458
-387852.3125,-296055.46875,-279303.03125,-364371.15625,171756.4375,-372985.875,-442083.71875,-750000.0625,0.37060546875,0.892578125,0.59765625,-0.18292683362960815,2.4695122241973877,0.09146341681480408,86.66666412353516,134088.0,873406.388099083
-387889.40625,-296066.1875,-279294.0,-364362.9375,171610.703125,-373009.5625,-442067.96875,-750000.0625,0.370361328125,0.893310546875,0.59765625,-0.09146341681480408,2.4390244483947754,0.12195122241973877,86.66666412353516,134089.0,873406.389240333
-387796.96875,-295999.40625,-279212.90625,-364355.59375,171069.875,-373038.46875,-442042.40625,-750000.0625,0.3720703125,0.89501953125,0.599365234375,-0.09146341681480408,2.4695122241973877,0.09146341681480408,86.66666412353516,134090.0,873406.390407
-387759.21875,-295986.8125,-279219.59375,-364370.28125,171132.203125,-373028.1875,-442061.28125,-750000.0625,0.37353515625,0.89501953125,0.600830078125,-0.15243902802467346,2.5,0.15243902802467346,86.66666412353516,134091.0,873406.391640541
-387847.375,-296055.65625,-279306.5,-364384.40625,171693.859375,-373000.1875,-442094.0,-750000.0625,0.3740234375,0.89453125,0.60107421875,-0.12195122241973877,2.6524391174316406,0.12195122241973877,86.66666412353516,134092.0,873406.39296025
-387907.09375,-296083.625,-279318.5,-364376.875,171703.0625,-373012.875,-442083.4375,-750000.0625,0.371826171875,0.8935546875,0.599365234375,-0.12195122241973877,2.4695122241973877,0.12195122241973877,86.66666412353516,134093.0,873406.400219041
-387826.8125,-296023.09375,-279237.84375,-364366.5,171159.46875,-373047.84375,-442055.0,-750000.0625,0.3720703125,0.893798828125,0.602294921875,-0.09146341681480408,2.4390244483947754,0.09146341681480408,86.66666412353516,134094.0,873406.429761208
-387769.59375,-295996.28125,-279223.53125,-364378.9375,171092.40625,-373046.59375,-442066.625,-750000.0625,0.370849609375,0.89404296875,0.603759765625,-0.060975611209869385,2.3475608825683594,0.21341463923454285,86.66666412353516,134095.0,873406.429788208
-387841.84375,-296058.34375,-279307.9375,-364395.65625,171621.078125,-373016.375,-442103.46875,-750000.0625,0.3720703125,0.896728515625,0.60009765625,-0.09146341681480408,2.4390244483947754,0.09146341681480408,86.66666412353516,134096.0,873406.429808333
-387918.1875,-296100.53125,-279340.65625,-364390.3125,171781.109375,-373018.0625,-442100.6875,-750000.0625,0.37109375,0.893310546875,0.6005859375,-0.09146341681480408,2.5304877758026123,0.15243902802467346,86.66666412353516,134097.0,873406.433039
-387856.59375,-296046.34375,-279265.5625,-364377.875,171249.40625,-373053.21875,-442068.96875,-750000.0625,0.37060546875,0.892822265625,0.601318359375,-0.12195122241973877,2.5304877758026123,0.18292683362960815,86.66666412353516,134098.0,873406.433071625
-387777.90625,-296000.65625,-279227.90625,-364383.9375,171040.828125,-373056.15625,-442068.78125,-750000.0625,0.37060546875,0.893310546875,0.60107421875,-0.09146341681480408,2.4695122241973877,0.12195122241973877,86.66666412353516,134099.0,873406.435441125
-387828.6875,-296049.65625,-279302.5625,-364402.90625,171526.21875,-373029.59375,-442106.25,-750000.0625,0.371337890625,0.89306640625,0.599609375,-0.12195122241973877,2.4695122241973877,0.21341463923454285,86.66666412353516,134100.0,873406.435466083
-387920.6875,-296106.78125,-279355.5,-364401.90625,171826.984375,-373022.0,-442113.125,-750000.0625,0.372314453125,0.893310546875,0.599853515625,-0.060975611209869385,2.5609755516052246,0.21341463923454285,86.66666412353516,134101.0,873406.436760208
-387887.6875,-296070.40625,-279294.96875,-364390.75,171361.34375,-373059.65625,-442083.71875,-750000.0625,0.371826171875,0.894287109375,0.603271484375,-0.09146341681480408,2.5,0.15243902802467346,86.66666412353516,134102.0,873406.437969416
-387799.625,-296016.125,-279242.5,-364396.28125,171039.03125,-373075.125,-442078.875,-750000.0625,0.372314453125,0.89501953125,0.604248046875,-0.12195122241973877,2.4695122241973877,0.12195122241973877,86.66666412353516,134103.0,873406.439201416
-387827.625,-296050.1875,-279302.5625,-364415.78125,171425.90625,-373048.46875,-442113.65625,-750000.0625,0.37255859375,0.892333984375,0.599853515625,-0.12195122241973877,2.3475608825683594,0.12195122241973877,86.66666412353516,134104.0,873406.44042725
-387927.59375,-296116.96875,-279371.5,-364418.46875,171845.671875,-373031.84375,-442128.15625,-750000.0625,0.37353515625,0.892578125,0.600341796875,-0.12195122241973877,2.378048896789551,0.24390244483947754,86.66666412353516,134105.0,873406.471039916
-387919.1875,-296096.96875,-279326.8125,-364406.46875,171477.125,-373066.0,-442102.5625,-750000.0625,0.372314453125,0.891845703125,0.6005859375,-0.18292683362960815,2.4390244483947754,0.21341463923454285,86.66666412353516,134106.0,873406.471085958
-387824.125,-296034.28125,-279258.59375,-364406.21875,171051.90625,-373087.4375,-442088.1875,-750000.0625,0.373291015625,0.894287109375,0.599365234375,-0.15243902802467346,2.5,0.0,86.66666412353516,134107.0,873406.473418875
-387827.09375,-296051.71875,-279300.5,-364424.09375,171327.015625,-373065.8125,-442118.21875,-750000.0625,0.37255859375,0.89453125,0.599365234375,-0.060975611209869385,2.4695122241973877,0.12195122241973877,86.66666412353516,134108.0,873406.473449333
-387922.3125,-296120.5625,-279379.0,-364429.8125,171828.859375,-373041.75,-442140.75,-750000.0625,0.372314453125,0.8955078125,0.60009765625,-0.12195122241973877,2.408536672592163,0.21341463923454285,86.66666412353516,134109.0,873406.473474708
-387938.65625,-296115.71875,-279353.1875,-364418.375,171588.625,-373068.84375,-442118.125,-750000.0625,0.372802734375,0.891845703125,0.60205078125,-0.12195122241973877,2.4695122241973877,0.15243902802467346,86.66666412353516,134110.0,873406.476708666
-387844.0625,-296050.09375,-279276.8125,-364415.59375,171089.015625,-373097.46875,-442097.46875,-750000.0625,0.37158203125,0.893310546875,0.6025390625,-0.15243902802467346,2.5304877758026123,0.12195122241973877,86.66666412353516,134111.0,873406.476778291
-387820.28125,-296047.5,-279296.5,-364430.71875,171239.671875,-373081.0,-442120.46875,-750000.0625,0.373046875,0.89306640625,0.599853515625,-0.09146341681480408,2.4390244483947754,0.12195122241973877,86.66666412353516,134112.0,873406.478122583
-387912.8125,-296118.6875,-279382.78125,-364440.90625,171787.375,-373053.03125,-442149.96875,-750000.0625,0.372314453125,0.89306640625,0.600830078125,-0.15243902802467346,2.5,0.09146341681480408,86.66666412353516,134113.0,873406.479289041
-387957.53125,-296134.5,-279380.34375,-364432.59375,171694.203125,-373072.59375,-442135.03125,-750000.0625,0.3720703125,0.89208984375,0.603515625,-0.18292683362960815,2.4390244483947754,0.24390244483947754,86.66666412353516,134114.0,873406.521031791
-387868.65625,-296068.0625,-279297.75,-364423.65625,171148.296875,-373103.71875,-442107.40625,-750000.0625,0.37353515625,0.892822265625,0.601806640625,-0.12195122241973877,2.3475608825683594,0.15243902802467346,86.66666412353516,134115.0,873406.521070875
-387824.75,-296050.8125,-279297.03125,-364437.59375,171171.0,-373096.40625,-442123.6875,-750000.0625,0.37353515625,0.893310546875,0.60107421875,-0.15243902802467346,2.5,0.12195122241973877,86.66666412353516,134116.0,873406.521093166
-387908.8125,-296118.59375,-279383.9375,-364452.875,171722.8125,-373066.15625,-442157.5625,-750000.0625,0.373046875,0.894287109375,0.60107421875,-0.060975611209869385,2.408536672592163,0.060975611209869385,86.66666412353516,134117.0,873406.521113375
-387974.4375,-296152.21875,-279402.34375,-364445.71875,171782.90625,-373075.125,-442149.96875,-750000.0625,0.3740234375,0.894775390625,0.6025390625,-0.12195122241973877,2.5304877758026123,0.030487805604934692,86.66666412353516,134118.0,873406.521135208
-387899.15625,-296091.5,-279322.875,-364434.65625,171233.40625,-373109.96875,-442119.84375,-750000.0625,0.37109375,0.8955078125,0.60546875,-0.09146341681480408,2.5304877758026123,0.060975611209869385,86.66666412353516,134119.0,873406.522078541
-387831.71875,-296055.375,-279300.34375,-364444.375,171118.609375,-373109.71875,-442127.4375,-750000.0625,0.371826171875,0.892822265625,0.6005859375,-0.15243902802467346,2.5,0.060975611209869385,86.66666412353516,134120.0,873406.523808958
-387894.59375,-296111.8125,-279380.8125,-364460.84375,171633.953125,-373079.6875,-442163.90625,-750000.0625,0.371337890625,0.894287109375,0.601318359375,-0.18292683362960815,2.4695122241973877,0.09146341681480408,86.66666412353516,134121.0,873406.525461458
-387978.625,-296161.875,-279422.28125,-364458.78125,171845.3125,-373080.125,-442165.78125,-750000.0625,0.37109375,0.893310546875,0.60498046875,-0.15243902802467346,2.4390244483947754,0.15243902802467346,86.66666412353516,134122.0,873406.525495708
-387927.75,-296115.375,-279353.0,-364447.875,171337.125,-373118.03125,-442136.09375,-750000.0625,0.373291015625,0.892822265625,0.604248046875,-0.09146341681480408,2.4390244483947754,0.030487805604934692,86.66666412353516,134123.0,873406.526694
-387845.15625,-296066.46875,-279309.71875,-364454.03125,171101.265625,-373127.0625,-442135.03125,-750000.0625,0.37255859375,0.894775390625,0.60302734375,-0.09146341681480408,2.4390244483947754,0.030487805604934692,86.66666412353516,134124.0,873406.52814625
-387887.0625,-296109.84375,-279378.9375,-364472.65625,171540.4375,-373097.46875,-442170.96875,-750000.0625,0.37158203125,0.892333984375,0.60205078125,-0.15243902802467346,2.408536672592163,0.12195122241973877,86.66666412353516,134125.0,873406.529329833
-387981.65625,-296171.0,-279438.46875,-364473.4375,171883.21875,-373087.375,-442181.4375,-750000.0625,0.37158203125,0.893310546875,0.60205078125,-0.15243902802467346,2.4390244483947754,0.12195122241973877,86.66666412353516,134126.0,873406.530481125
-387954.40625,-296137.5625,-279380.71875,-364459.84375,171445.296875,-373121.78125,-442151.375,-750000.0625,0.371337890625,0.89453125,0.599609375,-0.09146341681480408,2.4390244483947754,0.21341463923454285,86.66666412353516,134127.0,873406.561806791
-387862.3125,-296079.96875,-279320.71875,-364461.5625,171074.53125,-373136.1875,-442141.28125,-750000.0625,0.372314453125,0.895263671875,0.599365234375,-0.18292683362960815,2.408536672592163,0.15243902802467346,86.66666412353516,134128.0,873406.561839083
-387883.78125,-296109.375,-279375.15625,-364480.875,171433.234375,-373112.21875,-442173.90625,-750000.0625,0.372314453125,0.894287109375,0.602294921875,-0.15243902802467346,2.378048896789551,0.21341463923454285,86.66666412353516,134129.0,873406.567139541
-387983.09375,-296178.125,-279449.03125,-364485.59375,171886.34375,-373094.15625,-442193.0625,-750000.0625,0.371826171875,0.894287109375,0.604736328125,-0.12195122241973877,2.4695122241973877,0.12195122241973877,86.66666412353516,134130.0,873406.567174916
-387981.5,-296162.59375,-279410.5,-364473.625,171560.90625,-373125.90625,-442168.46875,-750000.0625,0.372314453125,0.89306640625,0.60205078125,-0.09146341681480408,2.408536672592163,0.09146341681480408,86.66666412353516,134131.0,873406.567190541
-387883.3125,-296096.0625,-279338.78125,-364472.46875,171117.984375,-373150.125,-442151.65625,-750000.0625,0.371337890625,0.893798828125,0.602783203125,-0.15243902802467346,2.408536672592163,0.27439025044441223,86.66666412353516,134132.0,873406.56720525
-387876.875,-296106.15625,-279373.46875,-364490.15625,171342.65625,-373130.53125,-442179.8125,-750000.0625,0.372314453125,0.89111328125,0.603515625,-0.09146341681480408,2.4390244483947754,0.24390244483947754,86.66666412353516,134133.0,873406.5672195
-387973.71875,-296178.125,-279456.34375,-364498.5625,171863.71875,-373105.875,-442206.03125,-750000.0625,0.3740234375,0.8916015625,0.60107421875,-0.09146341681480408,2.408536672592163,0.18292683362960815,86.66666412353516,134134.0,873406.567233708
-388002.3125,-296182.875,-279440.25,-364489.90625,171672.390625,-373131.4375,-442187.5,-750000.0625,0.373046875,0.891357421875,0.600341796875,-0.12195122241973877,2.4390244483947754,0.21341463923454285,86.66666412353516,134135.0,873406.567248041
-387908.4375,-296116.4375,-279361.125,-364485.0625,171162.59375,-373161.65625,-442164.4375,-750000.0625,0.37353515625,0.894287109375,0.60205078125,-0.15243902802467346,2.408536672592163,0.21341463923454285,86.66666412353516,134136.0,873406.568410625
-387878.0625,-296109.21875,-279374.28125,-364499.90625,171268.0,-373149.15625,-442185.375,-750000.0625,0.373291015625,0.892822265625,0.6015625,-0.15243902802467346,2.5609755516052246,0.12195122241973877,86.66666412353516,134137.0,873406.597483083
-387969.40625,-296181.8125,-279463.59375,-364514.5625,171815.890625,-373122.21875,-442219.59375,-750000.0625,0.373046875,0.89404296875,0.603759765625,-0.15243902802467346,2.4695122241973877,0.060975611209869385,86.66666412353516,134138.0,873406.598751791
-388022.78125,-296205.6875,-279468.5,-364506.53125,171775.84375,-373137.96875,-442206.8125,-750000.0625,0.374755859375,0.89599609375,0.598388671875,-0.09146341681480408,2.5609755516052246,0.12195122241973877,86.66666412353516,134139.0,873406.602768083
-387938.65625,-296141.3125,-279386.25,-364496.25,171226.703125,-373169.875,-442177.59375,-750000.0625,0.373779296875,0.893310546875,0.60107421875,-0.12195122241973877,2.3475608825683594,0.12195122241973877,86.66666412353516,134140.0,873406.602794041
-387882.53125,-296113.125,-279374.71875,-364506.71875,171199.078125,-373163.0,-442188.125,-750000.0625,0.371337890625,0.89501953125,0.602294921875,-0.21341463923454285,2.4695122241973877,0.09146341681480408,86.66666412353516,134141.0,873406.602809208
-387956.90625,-296174.46875,-279458.3125,-364520.84375,171744.359375,-373130.625,-442221.75,-750000.0625,0.37255859375,0.89404296875,0.60107421875,-0.12195122241973877,2.408536672592163,0.15243902802467346,86.66666412353516,134142.0,873406.60520225
-388029.0625,-296214.625,-279486.5625,-364515.75,171857.28125,-373138.15625,-442219.0625,-750000.0625,0.373046875,0.893310546875,0.6005859375,-0.12195122241973877,2.4390244483947754,0.12195122241973877,86.66666412353516,134143.0,873406.605228458
-387965.125,-296161.25,-279412.1875,-364506.625,171312.359375,-373175.6875,-442190.5625,-750000.0625,0.372802734375,0.894287109375,0.6025390625,-0.15243902802467346,2.4390244483947754,0.12195122241973877,86.66666412353516,134144.0,873406.608983625
-387894.0625,-296122.09375,-279382.6875,-364515.90625,171159.109375,-373180.25,-442195.46875,-750000.0625,0.372314453125,0.8935546875,0.600341796875,-0.18292683362960815,2.5304877758026123,0.18292683362960815,86.66666412353516,134145.0,873406.641538041
-387951.375,-296175.0,-279460.5625,-364533.875,171654.953125,-373150.5625,-442232.5625,-750000.0625,0.371826171875,0.894287109375,0.60009765625,-0.12195122241973877,2.5,0.12195122241973877,86.66666412353516,134146.0,873406.641573
-388038.875,-296227.59375,-279506.875,-364531.125,171912.359375,-373145.46875,-442235.625,-750000.0625,0.37109375,0.89404296875,0.598876953125,-0.12195122241973877,2.4695122241973877,0.18292683362960815,86.66666412353516,134147.0,873406.641588625
-387998.75,-296188.25,-279442.5,-364520.5625,171420.984375,-373183.75,-442206.71875,-750000.0625,0.370849609375,0.8955078125,0.59814453125,-0.12195122241973877,2.4695122241973877,0.21341463923454285,86.66666412353516,134148.0,873406.641603583
-387914.25,-296137.375,-279394.3125,-364526.1875,171137.46875,-373196.15625,-442202.8125,-750000.0625,0.372314453125,0.89404296875,0.599609375,-0.12195122241973877,2.4695122241973877,0.18292683362960815,86.66666412353516,134149.0,873406.641618
-387949.125,-296174.84375,-279457.96875,-364543.625,171556.078125,-373167.28125,-442237.3125,-750000.0625,0.37255859375,0.89453125,0.600830078125,-0.060975611209869385,2.4695122241973877,0.27439025044441223,86.66666412353516,134150.0,873406.641634333
-388043.375,-296235.625,-279520.71875,-364543.71875,171939.546875,-373152.375,-442248.5625,-750000.0625,0.372802734375,0.891357421875,0.600341796875,-0.12195122241973877,2.5,0.15243902802467346,86.66666412353516,134151.0,873406.641648708
-388026.46875,-296208.8125,-279470.65625,-364531.84375,171535.6875,-373186.875,-442220.5,-750000.0625,0.37158203125,0.890869140625,0.59814453125,-0.15243902802467346,2.5,0.24390244483947754,86.66666412353516,134152.0,873406.64275125
-387930.09375,-296146.40625,-279405.21875,-364531.75,171132.015625,-373203.0625,-442207.53125,-750000.0625,0.3720703125,0.89306640625,0.599853515625,-0.09146341681480408,2.378048896789551,0.15243902802467346,86.66666412353516,134153.0,873406.644803416
-387941.625,-296167.21875,-279451.25,-364548.90625,171451.203125,-373179.28125,-442236.9375,-750000.0625,0.37255859375,0.89306640625,0.603271484375,-0.09146341681480408,2.4390244483947754,0.18292683362960815,86.66666412353516,134154.0,873406.644829125
-388040.15625,-296238.125,-279528.875,-364555.0625,171931.5,-373159.59375,-442259.46875,-750000.0625,0.37060546875,0.894775390625,0.604248046875,-0.15243902802467346,2.4390244483947754,0.18292683362960815,86.66666412353516,134155.0,873406.646038833
-388049.34375,-296229.53125,-279497.46875,-364543.71875,171648.96875,-373189.09375,-442235.875,-750000.0625,0.3701171875,0.89453125,0.603271484375,-0.09146341681480408,2.378048896789551,0.15243902802467346,86.66666412353516,134156.0,873406.648024625
-387951.90625,-296162.9375,-279421.9375,-364540.3125,171169.921875,-373214.3125,-442215.84375,-750000.0625,0.372802734375,0.89306640625,0.6005859375,-0.15243902802467346,2.4695122241973877,0.15243902802467346,86.66666412353516,134157.0,873406.67841325
-387940.09375,-296169.90625,-279451.4375,-364559.0,171357.765625,-373198.40625,-442243.46875,-750000.0625,0.3720703125,0.8935546875,0.6025390625,-0.09146341681480408,2.4695122241973877,0.15243902802467346,86.66666412353516,134158.0,873406.6800475
-388037.28125,-296244.3125,-279537.25,-364570.0,171896.453125,-373173.46875,-442272.34375,-750000.0625,0.37060546875,0.8935546875,0.60302734375,-0.18292683362960815,2.4390244483947754,0.12195122241973877,86.66666412353516,134159.0,873406.680066125
-388072.34375,-296253.34375,-279526.1875,-364559.375,171755.625,-373194.28125,-442253.6875,-750000.0625,0.37158203125,0.893310546875,0.599365234375,-0.18292683362960815,2.4390244483947754,0.060975611209869385,86.66666412353516,134160.0,873406.680084416
-387979.875,-296186.0,-279445.25,-364552.9375,171227.234375,-373226.3125,-442228.625,-750000.0625,0.371337890625,0.893798828125,0.6005859375,-0.09146341681480408,2.4390244483947754,0.12195122241973877,86.66666412353516,134161.0,873406.684667208
-387940.8125,-296172.0625,-279451.15625,-364567.3125,171294.109375,-373217.1875,-442247.6875,-750000.0625,0.37109375,0.89404296875,0.601318359375,-0.12195122241973877,2.378048896789551,0.12195122241973877,86.66666412353516,134162.0,873406.684708291
-388024.125,-296239.03125,-279537.96875,-364580.375,171837.34375,-373186.15625,-442281.21875,-750000.0625,0.371826171875,0.8935546875,0.60302734375,-0.15243902802467346,2.408536672592163,0.09146341681480408,86.66666412353516,134163.0,873406.686354
-388082.96875,-296266.28125,-279549.78125,-364572.40625,171849.6875,-373197.78125,-442270.5625,-750000.0625,0.371826171875,0.89453125,0.6015625,-0.15243902802467346,2.378048896789551,0.060975611209869385,86.66666412353516,134164.0,873406.686415333
-388003.5625,-296204.34375,-279468.875,-364562.3125,171295.359375,-373230.5,-442240.96875,-750000.0625,0.370849609375,0.8935546875,0.600830078125,-0.12195122241973877,2.4390244483947754,0.12195122241973877,86.66666412353516,134165.0,873406.687653958
-387944.46875,-296174.125,-279452.78125,-364573.84375,171213.109375,-373225.84375,-442249.65625,-750000.0625,0.37353515625,0.894775390625,0.6015625,-0.09146341681480408,2.5304877758026123,0.12195122241973877,86.66666412353516,134166.0,873406.717222916
-388015.1875,-296235.8125,-279537.34375,-364592.1875,171753.84375,-373199.65625,-442287.8125,-750000.0625,0.370849609375,0.895263671875,0.601318359375,-0.09146341681480408,2.5,0.12195122241973877,86.66666412353516,134167.0,873406.71925975
-388092.96875,-296281.59375,-279571.25,-364587.25,171918.984375,-373202.6875,-442287.03125,-750000.0625,0.3720703125,0.8935546875,0.602294921875,-0.12195122241973877,2.5304877758026123,0.09146341681480408,86.66666412353516,134168.0,873406.719289
-388034.78125,-296231.78125,-279498.0,-364576.09375,171397.921875,-373240.5,-442256.625,-750000.0625,0.371826171875,0.89453125,0.5986328125,-0.09146341681480408,2.4695122241973877,0.15243902802467346,86.66666412353516,134169.0,873406.71930925
-387957.53125,-296188.34375,-279462.53125,-364584.3125,171194.0625,-373247.03125,-442259.03125,-750000.0625,0.37255859375,0.894287109375,0.6025390625,-0.09146341681480408,2.408536672592163,0.060975611209869385,86.66666412353516,134170.0,873406.721390916
-388003.84375,-296234.03125,-279535.03125,-364601.84375,171659.875,-373216.09375,-442295.0625,-750000.0625,0.372802734375,0.894287109375,0.60107421875,-0.18292683362960815,2.4390244483947754,0.09146341681480408,86.66666412353516,134171.0,873406.722643375
-388094.78125,-296290.96875,-279588.6875,-364601.375,171964.75,-373208.875,-442303.21875,-750000.0625,0.372314453125,0.895263671875,0.6015625,-0.18292683362960815,2.408536672592163,0.09146341681480408,86.66666412353516,134172.0,873406.724143208
-388060.4375,-296254.125,-279528.5,-364590.125,171502.515625,-373246.0625,-442274.78125,-750000.0625,0.373046875,0.892578125,0.601806640625,-0.12195122241973877,2.408536672592163,0.12195122241973877,86.66666412353516,134173.0,873406.726676208
-387968.875,-296197.375,-279473.25,-364592.90625,171186.28125,-373260.46875,-442267.0,-750000.0625,0.370849609375,0.895263671875,0.601806640625,-0.15243902802467346,2.5,0.24390244483947754,86.66666412353516,134174.0,873406.726738583
-387994.625,-296229.90625,-279531.53125,-364611.125,171563.3125,-373232.8125,-442300.6875,-750000.0625,0.371826171875,0.89453125,0.601318359375,-0.12195122241973877,2.408536672592163,0.21341463923454285,86.66666412353516,134175.0,873406.814373958
-388093.78125,-296297.40625,-279602.1875,-364615.15625,171984.15625,-373217.28125,-442317.6875,-750000.0625,0.37158203125,0.89306640625,0.599365234375,-0.060975611209869385,2.378048896789551,0.18292683362960815,86.66666412353516,134176.0,873406.814492083
-388085.03125,-296276.03125,-279556.9375,-364602.0,171620.625,-373248.90625,-442289.53125,-750000.0625,0.37109375,0.89404296875,0.60107421875,-0.060975611209869385,2.4390244483947754,0.18292683362960815,86.66666412353516,134177.0,873406.814533666
-387990.25,-296213.46875,-279487.46875,-364600.84375,171193.984375,-373268.6875,-442273.6875,-750000.0625,0.369873046875,0.8955078125,0.599609375,-0.12195122241973877,2.5,0.24390244483947754,86.66666412353516,134178.0,873406.814574166
-387997.40625,-296233.40625,-279531.1875,-364621.9375,171470.609375,-373250.15625,-442305.625,-750000.0625,0.37109375,0.89453125,0.598876953125,-0.15243902802467346,2.408536672592163,0.18292683362960815,86.66666412353516,134179.0,873406.814608291
-388092.625,-296303.5,-279610.5625,-364627.84375,171972.796875,-373226.375,-442329.03125,-750000.0625,0.371337890625,0.895751953125,0.59912109375,-0.15243902802467346,2.408536672592163,0.15243902802467346,86.66666412353516,134180.0,873406.814644375
-388108.625,-296297.9375,-279584.65625,-364615.25,171738.375,-373252.125,-442305.625,-750000.0625,0.372802734375,0.89501953125,0.60009765625,-0.15243902802467346,2.378048896789551,0.12195122241973877,86.66666412353516,134181.0,873406.814681541
-388012.34375,-296230.0,-279505.875,-364609.78125,171226.703125,-373277.1875,-442283.28125,-750000.0625,0.3720703125,0.894287109375,0.6005859375,-0.18292683362960815,2.3475608825683594,0.15243902802467346,86.66666412353516,134182.0,873406.814715291
-387989.28125,-296228.28125,-279525.375,-364625.4375,171376.453125,-373262.15625,-442306.34375,-750000.0625,0.369140625,0.89306640625,0.60009765625,-0.09146341681480408,2.378048896789551,0.21341463923454285,86.66666412353516,134183.0,873406.814748291
-388080.5625,-296298.84375,-279611.21875,-364635.8125,171927.46875,-373234.71875,-442335.9375,-750000.0625,0.37060546875,0.893310546875,0.60009765625,-0.09146341681480408,2.3475608825683594,0.12195122241973877,86.66666412353516,134184.0,873406.814782625
-388125.78125,-296315.1875,-279608.4375,-364625.96875,171839.765625,-373252.84375,-442319.46875,-750000.0625,0.3720703125,0.892822265625,0.601318359375,-0.060975611209869385,2.5,0.060975611209869385,86.66666412353516,134185.0,873406.814818708
-388042.375,-296252.4375,-279529.5,-364620.34375,171296.890625,-373287.8125,-442294.875,-750000.0625,0.373046875,0.89306640625,0.601806640625,-0.09146341681480408,2.4695122241973877,0.15243902802467346,86.66666412353516,134186.0,873406.814850791
-387999.0,-296235.90625,-279530.46875,-364637.0625,171310.75,-373282.96875,-442314.125,-750000.0625,0.372802734375,0.89501953125,0.601318359375,-0.12195122241973877,2.591463327407837,0.18292683362960815,86.66666412353516,134187.0,873406.814883
-388076.625,-296300.625,-279615.21875,-364650.28125,171861.3125,-373251.25,-442347.28125,-750000.0625,0.373779296875,0.895263671875,0.603515625,-0.15243902802467346,2.591463327407837,0.15243902802467346,86.66666412353516,134188.0,873406.814915416
-388142.15625,-296333.96875,-279634.375,-364642.5,171928.546875,-373259.65625,-442338.53125,-750000.0625,0.372314453125,0.895751953125,0.601318359375,-0.15243902802467346,2.5609755516052246,0.18292683362960815,86.66666412353516,134189.0,873406.814947958
-388070.8125,-296274.53125,-279554.78125,-364630.90625,171383.875,-373294.6875,-442307.125,-750000.0625,0.372802734375,0.89501953125,0.6025390625,-0.030487805604934692,2.5304877758026123,0.15243902802467346,86.66666412353516,134190.0,873406.814993875
-388007.78125,-296240.46875,-279533.0625,-364643.125,171262.015625,-373295.78125,-442315.4375,-750000.0625,0.371826171875,0.894287109375,0.601318359375,-0.15243902802467346,2.5304877758026123,0.12195122241973877,86.66666412353516,134191.0,873406.816493458
-388069.8125,-296298.03125,-279615.40625,-364662.375,171775.21875,-373267.78125,-442355.40625,-750000.0625,0.373046875,0.893310546875,0.6005859375,-0.060975611209869385,2.591463327407837,0.18292683362960815,86.66666412353516,134192.0,873406.816545541
-388152.34375,-296347.28125,-279656.34375,-364659.3125,171991.125,-373267.25,-442357.125,-750000.0625,0.373046875,0.891845703125,0.6015625,-0.09146341681480408,2.4390244483947754,0.27439025044441223,86.66666412353516,134193.0,873406.819122333
-388103.1875,-296301.25,-279587.5,-364647.78125,171483.75,-373304.875,-442327.0625,-750000.0625,0.373046875,0.892333984375,0.603515625,-0.12195122241973877,2.4390244483947754,0.18292683362960815,86.66666412353516,134194.0,873406.821134166
-388019.5,-296251.53125,-279543.0625,-364652.78125,171245.921875,-373313.84375,-442324.21875,-750000.0625,0.372314453125,0.893310546875,0.6025390625,-0.09146341681480408,2.4390244483947754,0.18292683362960815,86.66666412353516,134195.0,873406.821174583
-388060.09375,-296294.625,-279612.375,-364671.46875,171683.390625,-373284.0625,-442360.4375,-750000.0625,0.372314453125,0.892822265625,0.60107421875,-0.15243902802467346,2.4390244483947754,0.18292683362960815,86.66666412353516,134196.0,873406.822424416
-388153.0625,-296354.4375,-279670.84375,-364671.03125,172030.46875,-373272.25,-442370.15625,-750000.0625,0.373291015625,0.894775390625,0.60302734375,-0.060975611209869385,2.317073106765747,0.15243902802467346,86.66666412353516,134197.0,873406.824136333
-388127.40625,-296322.1875,-279614.15625,-364657.90625,171595.59375,-373307.03125,-442340.3125,-750000.0625,0.37158203125,0.894775390625,0.60205078125,-0.060975611209869385,2.408536672592163,0.18292683362960815,86.66666412353516,134198.0,873406.8251745
-388034.25,-296262.90625,-279553.8125,-364660.3125,171235.1875,-373324.1875,-442330.28125,-750000.0625,0.371826171875,0.895263671875,0.60205078125,-0.09146341681480408,2.408536672592163,0.15243902802467346,86.66666412353516,134199.0,873406.82824225
-388052.84375,-296291.5,-279608.0625,-364679.875,171584.328125,-373300.40625,-442364.71875,-750000.0625,0.371337890625,0.894287109375,0.60107421875,-0.030487805604934692,2.4695122241973877,0.060975611209869385,86.66666412353516,134200.0,873406.828291291
-388153.59375,-296362.59375,-279682.1875,-364684.28125,172035.5625,-373281.03125,-442383.59375,-750000.0625,0.37158203125,0.893310546875,0.601318359375,-0.030487805604934692,2.408536672592163,0.15243902802467346,86.66666412353516,134201.0,873406.858415916
-388157.625,-296350.25,-279645.90625,-364673.71875,171713.96875,-373313.65625,-442359.53125,-750000.0625,0.370849609375,0.8935546875,0.6015625,-0.12195122241973877,2.317073106765747,0.18292683362960815,86.66666412353516,134202.0,873406.85850125
-388061.34375,-296283.5625,-279573.375,-364671.84375,171250.296875,-373335.71875,-442340.84375,-750000.0625,0.370361328125,0.8916015625,0.600341796875,-0.12195122241973877,2.4695122241973877,0.12195122241973877,86.66666412353516,134203.0,873406.8585695
-388056.875,-296295.34375,-279608.4375,-364690.78125,171484.734375,-373317.125,-442370.34375,-750000.0625,0.369873046875,0.89306640625,0.600830078125,-0.09146341681480408,2.5304877758026123,0.18292683362960815,86.66666412353516,134204.0,873406.858624
-388151.8125,-296367.3125,-279691.3125,-364699.65625,172010.625,-373293.4375,-442397.53125,-750000.0625,0.371826171875,0.89404296875,0.6015625,-0.12195122241973877,2.4695122241973877,0.21341463923454285,86.66666412353516,134205.0,873406.85867675
-388177.28125,-296369.28125,-279673.25,-364687.65625,171824.46875,-373316.78125,-442376.59375,-750000.0625,0.373291015625,0.89501953125,0.60400390625,-0.12195122241973877,2.5,0.09146341681480408,86.66666412353516,134206.0,873406.858729125
-388082.6875,-296300.71875,-279592.96875,-364680.96875,171306.265625,-373345.125,-442351.84375,-750000.0625,0.372802734375,0.893310546875,0.601318359375,-0.12195122241973877,2.5,0.09146341681480408,86.66666412353516,134207.0,873406.858781833
-388051.40625,-296292.59375,-279605.75,-364696.59375,171405.609375,-373332.78125,-442373.125,-750000.0625,0.372802734375,0.89501953125,0.6005859375,-0.12195122241973877,2.621951103210449,0.09146341681480408,86.66666412353516,134208.0,873406.858834708
-388140.09375,-296363.125,-279694.0,-364709.9375,171958.765625,-373305.5,-442406.1875,-750000.0625,0.373046875,0.893310546875,0.602294921875,-0.09146341681480408,2.591463327407837,0.15243902802467346,86.66666412353516,134209.0,873406.863569875
-388192.75,-296385.21875,-279698.1875,-364700.625,171923.984375,-373319.90625,-442392.15625,-750000.0625,0.372802734375,0.893310546875,0.6015625,-0.18292683362960815,2.5,0.12195122241973877,86.66666412353516,134210.0,873406.863648958
-388109.78125,-296321.375,-279615.9375,-364690.71875,171384.140625,-373352.8125,-442362.46875,-750000.0625,0.371337890625,0.89501953125,0.6025390625,-0.18292683362960815,2.4695122241973877,0.18292683362960815,86.66666412353516,134211.0,873406.86466325
-388055.4375,-296295.71875,-279605.75,-364702.3125,171352.140625,-373347.8125,-442374.625,-750000.0625,0.37109375,0.89453125,0.60107421875,-0.12195122241973877,2.5,0.15243902802467346,86.66666412353516,134212.0,873406.894050625
-388131.25,-296360.625,-279691.5,-364718.15625,171887.5,-373317.40625,-442411.125,-750000.0625,0.371826171875,0.892333984375,0.6044921875,-0.060975611209869385,2.4695122241973877,0.15243902802467346,86.66666412353516,134213.0,873406.894325625
-388206.4375,-296401.84375,-279720.09375,-364713.9375,172006.421875,-373324.125,-442408.15625,-750000.0625,0.373046875,0.892822265625,0.603271484375,-0.09146341681480408,2.5,0.24390244483947754,86.66666412353516,134214.0,873406.896555166
-388143.5,-296348.09375,-279645.96875,-364704.75,171464.171875,-373362.03125,-442378.65625,-750000.0625,0.372314453125,0.893310546875,0.60009765625,-0.09146341681480408,2.4695122241973877,0.18292683362960815,86.66666412353516,134215.0,873406.898048541
-388071.34375,-296306.09375,-279614.6875,-364713.3125,171292.953125,-373362.46875,-442381.4375,-750000.0625,0.37158203125,0.89404296875,0.600341796875,-0.060975611209869385,2.4390244483947754,0.18292683362960815,86.66666412353516,134216.0,873406.898106958
-388125.15625,-296358.375,-279691.9375,-364730.84375,171793.90625,-373334.75,-442420.25,-750000.0625,0.370849609375,0.892822265625,0.602294921875,-0.09146341681480408,2.4695122241973877,0.21341463923454285,86.66666412353516,134217.0,873406.900135875
-388212.875,-296412.03125,-279739.59375,-364728.96875,172057.65625,-373330.1875,-442424.53125,-750000.0625,0.370849609375,0.894287109375,0.604736328125,-0.12195122241973877,2.5,0.12195122241973877,86.66666412353516,134218.0,873406.901223541
-388169.875,-296369.1875,-279672.4375,-364715.75,171570.46875,-373365.6875,-442392.625,-750000.0625,0.37158203125,0.893798828125,0.600830078125,-0.09146341681480408,2.408536672592163,0.12195122241973877,86.66666412353516,134219.0,873406.931962041
-388082.15625,-296315.46875,-279622.03125,-364719.6875,171278.921875,-373375.78125,-442387.15625,-750000.0625,0.3720703125,0.89306640625,0.600341796875,-0.09146341681480408,2.408536672592163,0.15243902802467346,86.66666412353516,134220.0,873406.932103625
-388115.96875,-296353.8125,-279686.84375,-364738.8125,171692.0625,-373349.3125,-442423.1875,-750000.0625,0.370361328125,0.892333984375,0.599609375,-0.09146341681480408,2.4390244483947754,0.09146341681480408,86.66666412353516,134221.0,873406.932211708
-388212.875,-296418.28125,-279751.40625,-364740.40625,172079.46875,-373336.0,-442435.875,-750000.0625,0.37060546875,0.8955078125,0.600341796875,-0.18292683362960815,2.591463327407837,0.15243902802467346,86.66666412353516,134222.0,873406.932324583
-388199.90625,-296395.3125,-279702.84375,-364729.25,171685.265625,-373371.3125,-442408.875,-750000.0625,0.371337890625,0.896240234375,0.601318359375,-0.12195122241973877,2.5,0.09146341681480408,86.66666412353516,134223.0,873406.932435625
-388102.0,-296331.03125,-279635.6875,-364727.8125,171295.359375,-373387.5,-442394.40625,-750000.0625,0.37060546875,0.89306640625,0.602294921875,-0.12195122241973877,2.4390244483947754,0.09146341681480408,86.66666412353516,134224.0,873406.932544625
-388108.90625,-296350.34375,-279681.5625,-364745.25,171597.109375,-373364.15625,-442425.25,-750000.0625,0.370849609375,0.89501953125,0.603515625,-0.060975611209869385,2.4390244483947754,0.12195122241973877,86.66666412353516,134225.0,873406.933962625
-388209.3125,-296421.9375,-279761.21875,-364753.1875,172079.015625,-373345.46875,-442448.9375,-750000.0625,0.3720703125,0.89453125,0.601806640625,-0.030487805604934692,2.408536672592163,0.18292683362960815,86.66666412353516,134226.0,873406.935892041
-388221.46875,-296414.25,-279731.1875,-364742.03125,171802.125,-373375.25,-442425.5,-750000.0625,0.372802734375,0.89404296875,0.6005859375,-0.09146341681480408,2.4695122241973877,0.24390244483947754,86.66666412353516,134227.0,873406.936098583
-388126.96875,-296347.65625,-279655.28125,-364738.8125,171323.703125,-373399.21875,-442404.0625,-750000.0625,0.37255859375,0.893310546875,0.6005859375,-0.15243902802467346,2.408536672592163,0.15243902802467346,86.66666412353516,134228.0,873406.937252583
-388110.3125,-296351.9375,-279682.8125,-364756.40625,171504.9375,-373382.84375,-442431.5,-750000.0625,0.373291015625,0.89453125,0.5986328125,-0.15243902802467346,2.5304877758026123,0.15243902802467346,86.66666412353516,134229.0,873406.939624916
-388203.125,-296423.375,-279767.75,-364766.34375,172046.03125,-373357.28125,-442460.46875,-750000.0625,0.373046875,0.8935546875,0.601318359375,-0.12195122241973877,2.5304877758026123,0.12195122241973877,86.66666412353516,134230.0,873406.97121975
-388240.3125,-296434.125,-279757.46875,-364755.78125,171911.296875,-373377.84375,-442441.875,-750000.0625,0.373291015625,0.895751953125,0.600830078125,-0.15243902802467346,2.5,0.24390244483947754,86.66666412353516,134231.0,873406.97131375
-388151.46875,-296369.03125,-279676.125,-364748.0,171367.609375,-373407.53125,-442416.03125,-750000.0625,0.37158203125,0.893310546875,0.5986328125,-0.18292683362960815,2.4695122241973877,0.3048780560493469,86.66666412353516,134232.0,873406.974536041
-388110.9375,-296354.09375,-279680.84375,-364762.21875,171421.34375,-373397.25,-442434.0,-750000.0625,0.3720703125,0.8935546875,0.600341796875,-0.09146341681480408,2.4695122241973877,0.24390244483947754,86.66666412353516,134233.0,873406.974604541
-388194.71875,-296422.5625,-279768.5625,-364776.53125,171979.953125,-373369.1875,-442468.53125,-750000.0625,0.372802734375,0.893798828125,0.601806640625,-0.18292683362960815,2.5,0.21341463923454285,86.66666412353516,134234.0,873406.976724125
-388253.5625,-296450.03125,-279781.0,-364768.3125,171998.46875,-373380.78125,-442457.96875,-750000.0625,0.370849609375,0.892578125,0.6015625,-0.18292683362960815,2.5304877758026123,0.24390244483947754,86.66666412353516,134235.0,873406.976778458
-388177.28125,-296389.40625,-279701.3125,-364759.71875,171456.125,-373417.4375,-442429.53125,-750000.0625,0.371826171875,0.892822265625,0.6015625,-0.21341463923454285,2.4695122241973877,0.24390244483947754,86.66666412353516,134236.0,873406.978096625
-388117.75,-296360.25,-279686.21875,-364772.59375,171378.6875,-373416.65625,-442441.0625,-750000.0625,0.373046875,0.89306640625,0.602294921875,-0.09146341681480408,2.5,0.15243902802467346,86.66666412353516,134237.0,873406.978151833
-388185.59375,-296420.34375,-279769.28125,-364788.875,171902.625,-373385.53125,-442477.5625,-750000.0625,0.372314453125,0.893310546875,0.603515625,-0.15243902802467346,2.5304877758026123,0.21341463923454285,86.66666412353516,134238.0,873406.981971708
-388264.71875,-296465.21875,-279803.96875,-364784.9375,172072.140625,-373388.03125,-442475.9375,-750000.0625,0.373291015625,0.89306640625,0.598388671875,-0.15243902802467346,2.5,0.21341463923454285,86.66666412353516,134239.0,873406.982036916
-388208.125,-296413.1875,-279730.03125,-364772.96875,171541.328125,-373422.46875,-442443.125,-750000.0625,0.372314453125,0.895263671875,0.600830078125,-0.18292683362960815,2.6524391174316406,0.18292683362960815,86.66666412353516,134240.0,873406.983628
-388129.625,-296368.40625,-279692.21875,-364779.75,171325.765625,-373426.40625,-442444.1875,-750000.0625,0.37158203125,0.896240234375,0.60107421875,-0.15243902802467346,2.4695122241973877,0.24390244483947754,86.66666412353516,134241.0,873407.016995916
-388180.875,-296420.25,-279768.28125,-364800.21875,171804.8125,-373402.15625,-442484.25,-750000.0625,0.37158203125,0.8935546875,0.603271484375,-0.12195122241973877,2.4390244483947754,0.18292683362960815,86.66666412353516,134242.0,873407.017101083
-388275.375,-296480.0625,-279823.71875,-364800.6875,172114.328125,-373396.09375,-442492.5625,-750000.0625,0.373046875,0.892822265625,0.60498046875,-0.060975611209869385,2.4695122241973877,0.09146341681480408,86.66666412353516,134243.0,873407.020983041
-388241.65625,-296442.34375,-279762.125,-364787.09375,171656.65625,-373431.21875,-442461.90625,-750000.0625,0.372314453125,0.891845703125,0.600341796875,-0.060975611209869385,2.5,0.09146341681480408,86.66666412353516,134244.0,873407.021055541
-388149.5625,-296383.875,-279705.625,-364789.3125,171337.75,-373445.25,-442453.40625,-750000.0625,0.3740234375,0.89306640625,0.60205078125,-0.09146341681480408,2.378048896789551,0.15243902802467346,86.66666412353516,134245.0,873407.021106458
-388173.96875,-296415.34375,-279764.4375,-364808.0,171710.484375,-373418.34375,-442487.75,-750000.0625,0.372802734375,0.894287109375,0.60205078125,-0.09146341681480408,2.4390244483947754,0.12195122241973877,86.66666412353516,134246.0,873407.022338541
-388270.90625,-296480.4375,-279832.40625,-364809.15625,172133.828125,-373399.75,-442501.59375,-750000.0625,0.373291015625,0.895263671875,0.602294921875,-0.18292683362960815,2.5609755516052246,0.15243902802467346,86.66666412353516,134247.0,873407.024102
-388265.09375,-296460.5,-279788.125,-364796.90625,171773.78125,-373432.90625,-442474.40625,-750000.0625,0.373779296875,0.89453125,0.6025390625,-0.15243902802467346,2.378048896789551,0.060975611209869385,86.66666412353516,134248.0,873407.02606075
-388169.875,-296396.90625,-279719.125,-364796.75,171344.1875,-373455.1875,-442459.84375,-750000.0625,0.37255859375,0.893310546875,0.603271484375,-0.15243902802467346,2.408536672592163,0.060975611209869385,86.66666412353516,134249.0,873407.061648375
-388171.03125,-296412.75,-279760.0625,-364815.6875,171610.703125,-373433.46875,-442490.5,-750000.0625,0.37109375,0.892822265625,0.601806640625,-0.09146341681480408,2.5304877758026123,0.09146341681480408,86.66666412353516,134250.0,873407.061726125
-388268.03125,-296483.46875,-279840.1875,-364822.21875,172115.671875,-373410.21875,-442513.9375,-750000.0625,0.371826171875,0.89453125,0.599853515625,-0.09146341681480408,2.5,0.18292683362960815,86.66666412353516,134251.0,873407.061915708
-388289.84375,-296482.3125,-279816.65625,-364811.21875,171887.234375,-373436.9375,-442491.125,-750000.0625,0.372314453125,0.89501953125,0.602294921875,-0.15243902802467346,2.4695122241973877,0.12195122241973877,86.66666412353516,134252.0,873407.061968
-388199.375,-296418.03125,-279740.5,-364808.46875,171404.171875,-373467.53125,-442470.125,-750000.0625,0.3701171875,0.89404296875,0.602294921875,-0.09146341681480408,2.5609755516052246,0.060975611209869385,86.66666412353516,134253.0,873407.062020666
-388175.3125,-296417.40625,-279761.3125,-364825.53125,171537.65625,-373453.65625,-442495.875,-750000.0625,0.370849609375,0.893310546875,0.601318359375,-0.12195122241973877,2.5,0.12195122241973877,86.66666412353516,134254.0,873407.062068333
-388265.34375,-296487.65625,-279847.40625,-364836.78125,172077.859375,-373424.25,-442526.4375,-750000.0625,0.3701171875,0.89453125,0.601806640625,-0.09146341681480408,2.317073106765747,0.15243902802467346,86.66666412353516,134255.0,873407.062115541
-388309.15625,-296502.6875,-279844.8125,-364826.96875,171994.625,-373442.125,-442510.4375,-750000.0625,0.370361328125,0.89404296875,0.600341796875,-0.030487805604934692,2.408536672592163,0.21341463923454285,86.66666412353516,134256.0,873407.062162875
-388221.1875,-296436.34375,-279762.5625,-364818.125,171448.515625,-373473.6875,-442482.375,-750000.0625,0.369873046875,0.891845703125,0.602294921875,0.030487805604934692,2.5609755516052246,0.24390244483947754,86.66666412353516,134257.0,873407.066123625
-388174.625,-296417.125,-279760.875,-364832.40625,171461.21875,-373467.34375,-442499.09375,-750000.0625,0.371826171875,0.892822265625,0.602294921875,-0.060975611209869385,2.5304877758026123,0.24390244483947754,86.66666412353516,134258.0,873407.066241708
-388251.9375,-296482.125,-279846.53125,-364847.0,172009.546875,-373436.75,-442533.875,-750000.0625,0.37060546875,0.891845703125,0.6025390625,-0.12195122241973877,2.4695122241973877,0.21341463923454285,86.66666412353516,134259.0,873407.067724916
-388320.0625,-296517.53125,-279867.4375,-364840.71875,172080.625,-373446.15625,-442527.34375,-750000.0625,0.371826171875,0.895263671875,0.601318359375,-0.15243902802467346,2.408536672592163,0.3048780560493469,86.66666412353516,134260.0,873407.067855125
-388247.65625,-296458.4375,-279788.0625,-364829.375,171528.0,-373481.03125,-442496.40625,-750000.0625,0.372314453125,0.894775390625,0.6015625,-0.12195122241973877,2.408536672592163,0.18292683362960815,86.66666412353516,134261.0,873407.070452666
-388180.96875,-296423.84375,-279765.53125,-364840.71875,171397.5625,-373481.375,-442504.8125,-750000.0625,0.371826171875,0.89501953125,0.6025390625,-0.030487805604934692,2.378048896789551,0.15243902802467346,86.66666412353516,134262.0,873407.070536708
-388244.4375,-296482.03125,-279846.0625,-364858.34375,171916.390625,-373452.59375,-442542.28125,-750000.0625,0.369873046875,0.895751953125,0.6015625,-0.18292683362960815,2.408536672592163,0.09146341681480408,86.66666412353516,134263.0,873407.108924166
-388327.0625,-296530.3125,-279886.5625,-364854.21875,172136.78125,-373450.09375,-442542.46875,-750000.0625,0.3720703125,0.89453125,0.603271484375,-0.21341463923454285,2.408536672592163,0.18292683362960815,86.66666412353516,134264.0,873407.109006666
-388280.65625,-296485.0625,-279817.71875,-364843.3125,171630.8125,-373487.46875,-442511.53125,-750000.0625,0.369873046875,0.894287109375,0.599365234375,-0.21341463923454285,2.5304877758026123,0.21341463923454285,86.66666412353516,134265.0,873407.110230416
-388197.125,-296436.4375,-279774.625,-364850.5625,171378.421875,-373497.375,-442511.625,-750000.0625,0.371826171875,0.89697265625,0.600830078125,-0.27439025044441223,2.4390244483947754,0.21341463923454285,86.66666412353516,134266.0,873407.112762708
-388233.875,-296477.125,-279843.125,-364868.4375,171819.734375,-373468.78125,-442547.65625,-750000.0625,0.371826171875,0.89404296875,0.603759765625,-0.27439025044441223,2.5304877758026123,0.21341463923454285,86.66666412353516,134267.0,873407.128693916
-388328.375,-296538.8125,-279903.84375,-364869.25,172172.0,-373458.75,-442558.90625,-750000.0625,0.372314453125,0.89501953125,0.603515625,-0.21341463923454285,2.4695122241973877,0.12195122241973877,86.66666412353516,134268.0,873407.128769375
-388303.34375,-296507.4375,-279847.875,-364856.8125,171743.921875,-373493.53125,-442529.9375,-750000.0625,0.3740234375,0.895263671875,0.601806640625,-0.15243902802467346,2.5,0.18292683362960815,86.66666412353516,134269.0,873407.128821583
-388208.125,-296446.34375,-279785.375,-364857.28125,171388.609375,-373510.0625,-442517.96875,-750000.0625,0.373779296875,0.895263671875,0.603271484375,-0.18292683362960815,2.408536672592163,0.09146341681480408,86.66666412353516,134270.0,873407.128871
-388224.84375,-296473.28125,-279838.5625,-364876.40625,171725.6875,-373485.03125,-442551.65625,-750000.0625,0.373779296875,0.89453125,0.603515625,-0.18292683362960815,2.5,0.15243902802467346,86.66666412353516,134271.0,873407.128919125
-388323.375,-296542.28125,-279913.125,-364881.21875,172179.0625,-373465.90625,-442570.96875,-750000.0625,0.373046875,0.89501953125,0.6044921875,-0.12195122241973877,2.4695122241973877,0.18292683362960815,86.66666412353516,134272.0,873407.128966958
-388325.875,-296528.96875,-279876.21875,-364869.59375,171859.96875,-373496.9375,-442545.9375,-750000.0625,0.37255859375,0.89501953125,0.60205078125,-0.15243902802467346,2.4390244483947754,0.21341463923454285,86.66666412353516,134273.0,873407.129017625
-388229.3125,-296463.15625,-279803.34375,-364867.5625,171402.828125,-373520.1875,-442528.25,-750000.0625,0.371337890625,0.894287109375,0.602783203125,-0.12195122241973877,2.378048896789551,0.15243902802467346,86.66666412353516,134274.0,873407.129065291
-388222.0,-296473.28125,-279837.03125,-364885.25,171630.1875,-373501.9375,-442556.21875,-750000.0625,0.373291015625,0.894287109375,0.6025390625,-0.12195122241973877,2.4390244483947754,0.12195122241973877,86.66666412353516,134275.0,873407.142616791
-388319.625,-296546.5,-279920.46875,-364894.03125,172154.5625,-373476.90625,-442582.875,-750000.0625,0.37353515625,0.8955078125,0.604248046875,-0.09146341681480408,2.3475608825683594,0.030487805604934692,86.66666412353516,134276.0,873407.142699625
-388350.65625,-296551.5,-279905.0,-364884.28125,171973.703125,-373501.40625,-442562.75,-750000.0625,0.37353515625,0.89501953125,0.60107421875,-0.060975611209869385,2.4390244483947754,0.09146341681480408,86.66666412353516,134277.0,873407.144665166
-388254.90625,-296481.75,-279823.53125,-364876.84375,171446.28125,-373527.6875,-442537.09375,-750000.0625,0.3740234375,0.89404296875,0.6015625,-0.15243902802467346,2.3475608825683594,0.09146341681480408,86.66666412353516,134278.0,873407.144728083
-388219.5,-296471.84375,-279833.8125,-364890.53125,171539.171875,-373514.28125,-442557.3125,-750000.0625,0.373046875,0.893310546875,0.600830078125,-0.15243902802467346,2.4695122241973877,0.09146341681480408,86.66666412353516,134279.0,873407.147098833
-388309.78125,-296544.78125,-279922.15625,-364904.21875,172097.078125,-373487.375,-442591.0,-750000.0625,0.370361328125,0.8935546875,0.60107421875,-0.15243902802467346,2.4390244483947754,0.09146341681480408,86.66666412353516,134280.0,873407.147246291
-388363.0,-296567.6875,-279927.78125,-364895.71875,172067.21875,-373502.21875,-442578.03125,-750000.0625,0.3720703125,0.894287109375,0.60009765625,-0.15243902802467346,2.5,0.060975611209869385,86.66666412353516,134281.0,873407.162078291
-388279.75,-296502.59375,-279845.53125,-364885.4375,171521.125,-373536.625,-442548.1875,-750000.0625,0.370849609375,0.8955078125,0.6005859375,-0.12195122241973877,2.591463327407837,0.09146341681480408,86.66666412353516,134282.0,873407.162169666
-388226.09375,-296478.09375,-279836.59375,-364898.5625,171494.5625,-373534.03125,-442561.84375,-750000.0625,0.3720703125,0.893798828125,0.603515625,-0.12195122241973877,2.5609755516052246,0.09146341681480408,86.66666412353516,134283.0,873407.165928416
-388298.25,-296539.78125,-279920.375,-364912.96875,172025.8125,-373499.875,-442596.8125,-750000.0625,0.373291015625,0.893310546875,0.599609375,-0.12195122241973877,2.5304877758026123,0.09146341681480408,86.66666412353516,134284.0,873407.16601625
-388372.03125,-296579.3125,-279948.28125,-364907.34375,172148.9375,-373504.90625,-442592.4375,-750000.0625,0.3740234375,0.89404296875,0.599609375,-0.15243902802467346,2.3475608825683594,0.09146341681480408,86.66666412353516,134285.0,873407.166074833
-388307.8125,-296525.65625,-279872.625,-364897.0625,171612.484375,-373541.8125,-442562.40625,-750000.0625,0.371826171875,0.893310546875,0.6005859375,-0.15243902802467346,2.3475608825683594,0.09146341681480408,86.66666412353516,134286.0,873407.196043875
-388235.0625,-296485.25,-279841.53125,-364906.1875,171443.78125,-373545.40625,-442566.78125,-750000.0625,0.372314453125,0.894775390625,0.60205078125,-0.21341463923454285,2.408536672592163,0.12195122241973877,86.66666412353516,134287.0,873407.196126541
-388290.65625,-296537.71875,-279919.21875,-364924.5,171936.59375,-373516.59375,-442604.5,-750000.0625,0.3740234375,0.892822265625,0.60205078125,-0.21341463923454285,2.4695122241973877,0.09146341681480408,86.66666412353516,134288.0,873407.199659583
-388381.59375,-296593.78125,-279968.90625,-364923.96875,172205.171875,-373513.03125,-442610.3125,-750000.0625,0.37451171875,0.89599609375,0.600830078125,-0.21341463923454285,2.5,0.15243902802467346,86.66666412353516,134289.0,873407.19973825
-388342.34375,-296552.5,-279903.9375,-364912.0625,171716.203125,-373548.6875,-442578.9375,-750000.0625,0.373046875,0.892822265625,0.6015625,-0.15243902802467346,2.5304877758026123,0.18292683362960815,86.66666412353516,134290.0,873407.199788208
-388251.0625,-296496.875,-279852.59375,-364915.375,171413.65625,-373558.09375,-442574.09375,-750000.0625,0.373046875,0.892578125,0.6005859375,-0.12195122241973877,2.591463327407837,0.12195122241973877,86.66666412353516,134291.0,873407.202100833
-388284.03125,-296535.21875,-279916.78125,-364934.53125,171832.515625,-373533.15625,-442610.3125,-750000.0625,0.372802734375,0.892333984375,0.602783203125,-0.15243902802467346,2.5,0.15243902802467346,86.66666412353516,134292.0,873407.202208208
-388380.59375,-296599.875,-279981.78125,-364936.03125,172224.578125,-373519.375,-442623.46875,-750000.0625,0.372314453125,0.894287109375,0.60107421875,-0.15243902802467346,2.4390244483947754,0.24390244483947754,86.66666412353516,134293.0,873407.202296958
-388366.21875,-296574.75,-279932.53125,-364924.3125,171830.90625,-373553.625,-442595.46875,-750000.0625,0.371826171875,0.895263671875,0.602294921875,-0.12195122241973877,2.5304877758026123,0.12195122241973877,86.66666412353516,134294.0,873407.205002208
-388270.0,-296511.4375,-279866.90625,-364924.875,171431.171875,-373572.3125,-442582.15625,-750000.0625,0.372314453125,0.894287109375,0.603759765625,-0.09146341681480408,2.5304877758026123,0.09146341681480408,86.66666412353516,134295.0,873407.205078541
-388277.59375,-296532.1875,-279912.78125,-364942.84375,171734.359375,-373549.40625,-442613.625,-750000.0625,0.372802734375,0.894287109375,0.6044921875,-0.15243902802467346,2.5,0.060975611209869385,86.66666412353516,134296.0,873407.207119041
-388376.21875,-296603.09375,-279990.8125,-364948.71875,172220.015625,-373528.59375,-442635.4375,-750000.0625,0.37158203125,0.893310546875,0.60009765625,-0.09146341681480408,2.408536672592163,0.12195122241973877,86.66666412353516,134297.0,873407.207190541
-388390.25,-296597.46875,-279961.5,-364937.5625,171945.53125,-373557.71875,-442612.5625,-750000.0625,0.37109375,0.892822265625,0.599853515625,-0.09146341681480408,2.378048896789551,0.09146341681480408,86.66666412353516,134298.0,873407.240738333
-388293.53125,-296530.21875,-279883.96875,-364933.1875,171464.34375,-373582.84375,-442591.09375,-750000.0625,0.3701171875,0.8935546875,0.598876953125,-0.18292683362960815,2.408536672592163,0.12195122241973877,86.66666412353516,134299.0,873407.240813208
-388278.21875,-296534.59375,-279911.53125,-364950.96875,171642.71875,-373565.6875,-442617.5625,-750000.0625,0.37353515625,0.89404296875,0.60205078125,-0.18292683362960815,2.4695122241973877,0.21341463923454285,86.66666412353516,134300.0,873407.244454958
-388372.46875,-296606.21875,-279997.96875,-364962.15625,172184.078125,-373540.5625,-442647.15625,-750000.0625,0.371826171875,0.8935546875,0.60009765625,-0.12195122241973877,2.5,0.15243902802467346,86.66666412353516,134301.0,873407.244580666
-388411.1875,-296615.96875,-279988.6875,-364952.125,172056.671875,-373560.59375,-442627.75,-750000.0625,0.373046875,0.893798828125,0.60205078125,-0.21341463923454285,2.5,0.12195122241973877,86.66666412353516,134302.0,873407.244696375
-388318.65625,-296548.28125,-279905.875,-364943.28125,171529.875,-373591.71875,-442600.9375,-750000.0625,0.371337890625,0.892822265625,0.602294921875,-0.15243902802467346,2.4390244483947754,0.12195122241973877,86.66666412353516,134303.0,873407.246455833
-388277.875,-296533.8125,-279910.1875,-364957.5,171578.609375,-373581.6875,-442619.875,-750000.0625,0.37255859375,0.89208984375,0.601806640625,-0.15243902802467346,2.5,0.12195122241973877,86.66666412353516,134304.0,873407.247619708
-388361.125,-296602.03125,-279997.625,-364971.875,172127.203125,-373552.09375,-442654.75,-750000.0625,0.3720703125,0.894287109375,0.60009765625,-0.09146341681480408,2.4695122241973877,0.09146341681480408,86.66666412353516,134305.0,873407.249900083
-388422.96875,-296632.0625,-280012.375,-364965.09375,172150.28125,-373564.625,-442645.625,-750000.0625,0.371337890625,0.893310546875,0.6025390625,-0.21341463923454285,2.5,0.12195122241973877,86.66666412353516,134306.0,873407.279872583
-388346.28125,-296571.09375,-279932.09375,-364954.71875,171601.859375,-373599.3125,-442615.40625,-750000.0625,0.3720703125,0.895751953125,0.602783203125,-0.18292683362960815,2.4390244483947754,0.12195122241973877,86.66666412353516,134307.0,873407.280019541
-388285.65625,-296541.40625,-279915.28125,-364966.78125,171530.234375,-373599.75,-442625.875,-750000.0625,0.372802734375,0.8955078125,0.599853515625,-0.12195122241973877,2.5,0.18292683362960815,86.66666412353516,134308.0,873407.28012425
-388352.71875,-296600.40625,-279996.90625,-364982.09375,172048.703125,-373567.03125,-442661.28125,-750000.0625,0.37109375,0.89501953125,0.599609375,-0.12195122241973877,2.408536672592163,0.09146341681480408,86.66666412353516,134309.0,873407.280226083
-388434.4375,-296647.4375,-280033.125,-364977.96875,172224.21875,-373569.09375,-442660.75,-750000.0625,0.371826171875,0.893310546875,0.600341796875,-0.09146341681480408,2.378048896789551,0.12195122241973877,86.66666412353516,134310.0,873407.280326833
-388378.0,-296596.90625,-279960.15625,-364966.625,171693.21875,-373605.46875,-442629.53125,-750000.0625,0.37255859375,0.893310546875,0.598388671875,-0.15243902802467346,2.5,0.15243902802467346,86.66666412353516,134311.0,873407.28042625
-388298.09375,-296549.8125,-279922.25,-364974.40625,171476.140625,-373611.28125,-442631.25,-750000.0625,0.371826171875,0.893798828125,0.59912109375,-0.12195122241973877,2.5,0.12195122241973877,86.66666412353516,134312.0,873407.281240333
-388346.53125,-296598.15625,-279996.46875,-364993.875,171950.453125,-373584.28125,-442669.25,-750000.0625,0.3740234375,0.894287109375,0.59814453125,-0.15243902802467346,2.5,0.0,86.66666412353516,134313.0,873407.282672625
-388440.59375,-296656.09375,-280050.71875,-364993.09375,172265.4375,-373575.625,-442675.6875,-750000.0625,0.3720703125,0.892333984375,0.597900390625,-0.12195122241973877,2.4695122241973877,0.12195122241973877,86.66666412353516,134314.0,873407.284476625
-388408.15625,-296619.4375,-279989.9375,-364980.125,171806.140625,-373611.03125,-442645.1875,-750000.0625,0.3740234375,0.892578125,0.603515625,-0.030487805604934692,2.591463327407837,0.060975611209869385,86.66666412353516,134315.0,873407.284659666
-388314.71875,-296561.34375,-279932.4375,-364981.71875,171464.34375,-373623.8125,-442636.875,-750000.0625,0.37255859375,0.891845703125,0.602783203125,-0.030487805604934692,2.5609755516052246,0.12195122241973877,86.66666412353516,134316.0,873407.286528333
-388339.5625,-296593.875,-279991.0,-365000.9375,171846.828125,-373598.59375,-442671.90625,-750000.0625,0.373046875,0.8935546875,0.603271484375,-0.12195122241973877,2.4695122241973877,0.09146341681480408,86.66666412353516,134317.0,873407.317379541
-388440.59375,-296663.875,-280063.5,-365006.75,172274.546875,-373584.8125,-442690.875,-750000.0625,0.3720703125,0.892578125,0.60205078125,-0.12195122241973877,2.408536672592163,0.12195122241973877,86.66666412353516,134318.0,873407.317455875
-388436.3125,-296646.0,-280020.34375,-364994.15625,171919.609375,-373616.90625,-442663.6875,-750000.0625,0.37158203125,0.89404296875,0.600341796875,-0.09146341681480408,2.682926893234253,-0.030487805604934692,86.66666412353516,134319.0,873407.321787083
-388338.84375,-296580.5625,-279949.4375,-364992.0,171488.75,-373636.6875,-442646.71875,-750000.0625,0.370361328125,0.89404296875,0.601806640625,-0.09146341681480408,2.4390244483947754,0.18292683362960815,86.66666412353516,134320.0,873407.321864916
-388337.34375,-296593.875,-279988.78125,-365010.15625,171748.125,-373615.125,-442676.375,-750000.0625,0.370849609375,0.8955078125,0.600830078125,-0.12195122241973877,2.4695122241973877,0.15243902802467346,86.66666412353516,134321.0,873407.323801166
-388434.96875,-296665.5,-280070.65625,-365018.375,172257.109375,-373593.84375,-442701.0625,-750000.0625,0.373291015625,0.894287109375,0.60009765625,-0.12195122241973877,2.378048896789551,0.15243902802467346,86.66666412353516,134322.0,873407.323862375
-388456.25,-296664.875,-280048.3125,-365007.75,172032.703125,-373620.75,-442680.0625,-750000.0625,0.372802734375,0.89453125,0.6025390625,-0.09146341681480408,2.378048896789551,0.12195122241973877,86.66666412353516,134323.0,873407.3250135
-388362.625,-296598.8125,-279970.875,-365003.625,171540.34375,-373650.28125,-442658.59375,-750000.0625,0.372314453125,0.893798828125,0.604248046875,-0.09146341681480408,2.378048896789551,0.12195122241973877,86.66666412353516,134324.0,873407.325070791
-388337.6875,-296595.3125,-279989.9375,-365019.71875,171667.125,-373634.53125,-442681.84375,-750000.0625,0.371826171875,0.893310546875,0.602783203125,-0.030487805604934692,2.378048896789551,0.18292683362960815,86.66666412353516,134325.0,873407.330166375
-388430.03125,-296667.5625,-280077.1875,-365032.5,172216.34375,-373608.0625,-442713.3125,-750000.0625,0.373779296875,0.891845703125,0.603515625,-0.060975611209869385,2.5304877758026123,0.21341463923454285,86.66666412353516,134326.0,873407.330227833
-388476.71875,-296684.09375,-280074.875,-365022.84375,172139.546875,-373624.34375,-442696.3125,-750000.0625,0.373046875,0.891845703125,0.603271484375,-0.09146341681480408,2.4695122241973877,0.18292683362960815,86.66666412353516,134327.0,873407.331471166
-388389.0,-296619.09375,-279992.4375,-365013.46875,171592.640625,-373656.78125,-442669.0625,-750000.0625,0.371826171875,0.892822265625,0.603515625,-0.09146341681480408,2.4695122241973877,0.12195122241973877,86.66666412353516,134328.0,873407.331523041
-388341.34375,-296599.34375,-279989.40625,-365026.59375,171597.734375,-373649.8125,-442684.875,-750000.0625,0.370361328125,0.893798828125,0.600341796875,-0.060975611209869385,2.378048896789551,0.15243902802467346,86.66666412353516,134329.0,873407.362446
-388420.5625,-296665.6875,-280076.21875,-365042.25,172146.4375,-373620.0625,-442720.90625,-750000.0625,0.37109375,0.89306640625,0.6005859375,-0.12195122241973877,2.4390244483947754,0.15243902802467346,86.66666412353516,134330.0,873407.363121625
-388489.40625,-296702.0625,-280099.0,-365037.0625,172221.890625,-373629.875,-442715.8125,-750000.0625,0.371337890625,0.89501953125,0.599609375,-0.12195122241973877,2.378048896789551,0.15243902802467346,86.66666412353516,134331.0,873407.36318
-388417.875,-296643.0625,-280019.34375,-365025.1875,171682.3125,-373664.75,-442684.0,-750000.0625,0.3740234375,0.895263671875,0.60009765625,-0.12195122241973877,2.4695122241973877,0.15243902802467346,86.66666412353516,134332.0,873407.365471166
-388348.6875,-296605.59375,-279994.3125,-365035.09375,171557.0625,-373666.1875,-442690.25,-750000.0625,0.372314453125,0.89599609375,0.6025390625,-0.09146341681480408,2.4695122241973877,0.15243902802467346,86.66666412353516,134333.0,873407.366840333
-388409.5625,-296661.5625,-280075.3125,-365053.0625,172062.921875,-373636.3125,-442728.25,-750000.0625,0.37060546875,0.894287109375,0.599609375,-0.09146341681480408,2.4695122241973877,0.12195122241973877,86.66666412353516,134334.0,873407.368841125
-388493.0625,-296710.5625,-280116.625,-365049.125,172287.15625,-373633.625,-442728.875,-750000.0625,0.372314453125,0.893798828125,0.599853515625,-0.21341463923454285,2.408536672592163,0.060975611209869385,86.66666412353516,134335.0,873407.371660833
-388445.96875,-296666.03125,-280049.46875,-365038.5,171778.875,-373671.625,-442700.0,-750000.0625,0.373291015625,0.89404296875,0.6005859375,-0.12195122241973877,2.378048896789551,-0.09146341681480408,86.66666412353516,134336.0,873407.411918416
-388361.84375,-296615.875,-280004.5,-365044.65625,171513.34375,-373678.6875,-442698.125,-750000.0625,0.372802734375,0.8935546875,0.6015625,-0.12195122241973877,2.4390244483947754,0.09146341681480408,86.66666412353516,134337.0,873407.412021208
-388401.4375,-296658.34375,-280072.375,-365063.09375,171960.734375,-373651.34375,-442734.15625,-750000.0625,0.373291015625,0.894287109375,0.603271484375,-0.21341463923454285,2.408536672592163,0.09146341681480408,86.66666412353516,134338.0,873407.41208025
-388499.25,-296721.09375,-280133.25,-365064.4375,172317.90625,-373640.34375,-442743.8125,-750000.0625,0.370849609375,0.896484375,0.60302734375,-0.21341463923454285,2.378048896789551,0.12195122241973877,86.66666412353516,134339.0,873407.412140708
-388475.65625,-296691.5,-280078.4375,-365051.71875,171890.90625,-373675.3125,-442715.0,-750000.0625,0.372802734375,0.8955078125,0.6015625,-0.21341463923454285,2.378048896789551,0.09146341681480408,86.66666412353516,134340.0,873407.412201375
-388383.8125,-296633.3125,-280018.09375,-365053.875,171535.421875,-373694.25,-442705.90625,-750000.0625,0.3720703125,0.89404296875,0.60107421875,-0.18292683362960815,2.4390244483947754,0.21341463923454285,86.66666412353516,134341.0,873407.412258625
-388398.40625,-296657.0,-280069.25,-365071.65625,171870.96875,-373668.78125,-442737.71875,-750000.0625,0.37353515625,0.894287109375,0.599853515625,-0.18292683362960815,2.3475608825683594,0.15243902802467346,86.66666412353516,134342.0,873407.412316875
-388495.5,-296724.0625,-280143.0,-365075.4375,172325.953125,-373648.21875,-442756.0625,-750000.0625,0.372314453125,0.89501953125,0.6005859375,-0.15243902802467346,2.408536672592163,0.21341463923454285,86.66666412353516,134343.0,873407.412639958
-388500.78125,-296712.34375,-280107.3125,-365064.4375,172011.25,-373680.40625,-442731.65625,-750000.0625,0.37060546875,0.89453125,0.60205078125,-0.21341463923454285,2.5,0.24390244483947754,86.66666412353516,134344.0,873407.41464525
-388404.125,-296646.53125,-280033.90625,-365062.0,171542.9375,-373702.46875,-442713.5,-750000.0625,0.3720703125,0.8935546875,0.602294921875,-0.21341463923454285,2.4695122241973877,0.24390244483947754,86.66666412353516,134345.0,873407.416573958
-388395.625,-296654.78125,-280065.40625,-365078.46875,171768.15625,-373682.625,-442739.6875,-750000.0625,0.370849609375,0.893310546875,0.601318359375,-0.24390244483947754,2.5304877758026123,0.21341463923454285,86.66666412353516,134346.0,873407.4166685
-388492.625,-296726.75,-280148.90625,-365086.875,172297.34375,-373658.65625,-442766.25,-750000.0625,0.37109375,0.8935546875,0.603759765625,-0.27439025044441223,2.621951103210449,0.21341463923454285,86.66666412353516,134347.0,873407.4182595
-388523.46875,-296732.90625,-280133.6875,-365076.59375,172121.75,-373683.25,-442747.09375,-750000.0625,0.3720703125,0.89453125,0.6005859375,-0.15243902802467346,2.5609755516052246,0.18292683362960815,86.66666412353516,134348.0,873407.420818833
-388432.1875,-296666.65625,-280054.75,-365071.40625,171602.5625,-373713.84375,-442723.6875,-750000.0625,0.371826171875,0.894775390625,0.60205078125,-0.21341463923454285,2.5,0.12195122241973877,86.66666412353516,134349.0,873407.420887458
-388399.5625,-296657.4375,-280066.28125,-365087.59375,171686.78125,-373700.25,-442744.34375,-750000.0625,0.36962890625,0.893310546875,0.600830078125,-0.18292683362960815,2.4695122241973877,0.09146341681480408,86.66666412353516,134350.0,873407.4510915
-388491.125,-296730.3125,-280154.8125,-365101.8125,172244.59375,-373672.96875,-442777.34375,-750000.0625,0.371826171875,0.895751953125,0.599365234375,0.0,2.4695122241973877,0.0,86.66666412353516,134351.0,873407.451164916
-388546.8125,-296755.78125,-280162.03125,-365093.84375,172217.234375,-373688.90625,-442765.96875,-750000.0625,0.370849609375,0.89599609375,0.599853515625,0.0,2.591463327407837,-0.030487805604934692,86.66666412353516,134352.0,873407.455826583
-388463.125,-296691.15625,-280079.53125,-365083.03125,171670.25,-373721.875,-442736.5625,-750000.0625,0.37158203125,0.89306640625,0.601806640625,0.030487805604934692,2.591463327407837,-0.09146341681480408,86.66666412353516,134353.0,873407.45593125
-388407.25,-296664.0625,-280068.625,-365095.53125,171626.078125,-373716.25,-442749.0,-750000.0625,0.37158203125,0.890869140625,0.6025390625,0.0,2.591463327407837,-0.060975611209869385,86.66666412353516,134354.0,873407.455990458
-388479.5,-296725.9375,-280154.0,-365112.15625,172168.515625,-373687.375,-442785.90625,-750000.0625,0.370849609375,0.89404296875,0.603271484375,-0.12195122241973877,2.591463327407837,-0.030487805604934692,86.66666412353516,134355.0,873407.457676083
-388553.25,-296766.78125,-280183.5,-365107.15625,172296.09375,-373693.625,-442782.78125,-750000.0625,0.37255859375,0.895751953125,0.60498046875,-0.18292683362960815,2.4695122241973877,0.060975611209869385,86.66666412353516,134356.0,873407.457747333
-388488.96875,-296711.71875,-280106.53125,-365095.09375,171762.703125,-373730.03125,-442751.3125,-750000.0625,0.3720703125,0.895263671875,0.602783203125,-0.27439025044441223,2.5304877758026123,0.21341463923454285,86.66666412353516,134357.0,873407.458813791
-388413.875,-296669.25,-280073.53125,-365103.40625,171598.359375,-373733.5,-442754.0,-750000.0625,0.373291015625,0.894287109375,0.601806640625,-0.3048780560493469,2.5304877758026123,0.3048780560493469,86.66666412353516,134358.0,873407.460585041
-388466.875,-296720.03125,-280149.96875,-365120.9375,172080.359375,-373701.125,-442791.0,-750000.0625,0.3720703125,0.892822265625,0.60302734375,-0.3048780560493469,2.5304877758026123,0.396341472864151,86.66666412353516,134359.0,873407.460653875
-388554.9375,-296775.1875,-280199.3125,-365118.96875,172350.90625,-373696.65625,-442796.0,-750000.0625,0.373046875,0.893798828125,0.6005859375,-0.3353658616542816,2.5,0.4573170840740204,86.66666412353516,134360.0,873407.462663208
-388515.6875,-296735.40625,-280135.5,-365107.4375,171869.09375,-373734.65625,-442766.34375,-750000.0625,0.373046875,0.89404296875,0.599609375,-0.3353658616542816,2.4695122241973877,0.5792682766914368,86.66666412353516,134361.0,873407.493898916
-388429.78125,-296683.1875,-280085.34375,-365113.0625,171572.171875,-373747.1875,-442762.3125,-750000.0625,0.373046875,0.895263671875,0.603271484375,-0.24390244483947754,2.4390244483947754,0.5182926654815674,86.66666412353516,134362.0,873407.49399175
-388460.96875,-296718.78125,-280146.40625,-365130.0625,171979.328125,-373717.21875,-442794.84375,-750000.0625,0.3759765625,0.8955078125,0.6005859375,-0.15243902802467346,2.591463327407837,0.4878048896789551,86.66666412353516,134363.0,873407.49404125
-388560.3125,-296784.84375,-280212.8125,-365133.53125,172373.171875,-373703.8125,-442809.15625,-750000.0625,0.3759765625,0.893310546875,0.599609375,-0.18292683362960815,2.5304877758026123,0.4878048896789551,86.66666412353516,134364.0,873407.498090416
-388544.03125,-296760.28125,-280165.09375,-365121.65625,171982.453125,-373740.3125,-442783.6875,-750000.0625,0.375,0.894287109375,0.59814453125,-0.18292683362960815,2.5,0.4268292784690857,86.66666412353516,134365.0,873407.498162666
-388446.40625,-296695.625,-280098.5625,-365120.9375,171578.78125,-373757.75,-442769.90625,-750000.0625,0.3740234375,0.89453125,0.60009765625,-0.24390244483947754,2.5304877758026123,0.3048780560493469,86.66666412353516,134366.0,873407.499299041
-388452.75,-296715.03125,-280144.15625,-365139.4375,171879.8125,-373734.21875,-442801.1875,-750000.0625,0.3740234375,0.8935546875,0.601318359375,-0.3048780560493469,2.5304877758026123,0.24390244483947754,86.66666412353516,134367.0,873407.501976458
-388550.125,-296785.46875,-280221.9375,-365145.59375,172365.921875,-373713.3125,-442823.375,-750000.0625,0.37255859375,0.89306640625,0.60205078125,-0.3048780560493469,2.5,0.12195122241973877,86.66666412353516,134368.0,873407.502036666
-388561.46875,-296778.0625,-280191.28125,-365133.0,172096.1875,-373741.90625,-442798.59375,-750000.0625,0.373779296875,0.894775390625,0.60107421875,-0.27439025044441223,2.408536672592163,0.0,86.66666412353516,134369.0,873407.504746541
-388465.8125,-296712.15625,-280115.5625,-365129.96875,171621.078125,-373769.1875,-442778.59375,-750000.0625,0.373779296875,0.892578125,0.603271484375,-0.15243902802467346,2.4695122241973877,-0.060975611209869385,86.66666412353516,134370.0,873407.504817666
-388448.28125,-296714.59375,-280141.46875,-365147.21875,171794.875,-373750.9375,-442805.03125,-750000.0625,0.37353515625,0.892578125,0.603271484375,-0.09146341681480408,2.5609755516052246,-0.24390244483947754,86.66666412353516,134371.0,873407.51261175
-388541.1875,-296786.28125,-280226.6875,-365157.0625,172331.40625,-373723.40625,-442833.125,-750000.0625,0.374267578125,0.892822265625,0.6005859375,-0.12195122241973877,2.4695122241973877,-0.3048780560493469,86.66666412353516,134372.0,873407.546115958
-388579.90625,-296799.15625,-280218.90625,-365146.6875,172204.90625,-373745.125,-442815.5,-750000.0625,0.3720703125,0.89208984375,0.60009765625,-0.030487805604934692,2.4695122241973877,-0.3353658616542816,86.66666412353516,134373.0,873407.546208416
-388490.9375,-296733.71875,-280137.375,-365139.34375,171659.25,-373775.15625,-442789.5,-750000.0625,0.37158203125,0.895751953125,0.599609375,0.0,2.621951103210449,-0.4268292784690857,86.66666412353516,134374.0,873407.546259125
-388449.96875,-296717.4375,-280140.40625,-365153.75,171706.453125,-373764.09375,-442807.375,-750000.0625,0.370849609375,0.895263671875,0.600830078125,0.0,2.621951103210449,-0.3353658616542816,86.66666412353516,134375.0,873407.546310916
-388532.9375,-296783.34375,-280226.5,-365166.875,172268.109375,-373733.9375,-442839.65625,-750000.0625,0.37109375,0.893310546875,0.60205078125,0.0,2.591463327407837,-0.3658536672592163,86.66666412353516,134376.0,873407.546359291
-388591.96875,-296812.40625,-280240.09375,-365158.03125,172292.4375,-373745.65625,-442830.25,-750000.0625,0.370849609375,0.8955078125,0.60107421875,0.0,2.5,-0.24390244483947754,86.66666412353516,134377.0,873407.54766575
-388516.21875,-296752.21875,-280160.875,-365148.8125,171751.96875,-373782.5,-442801.65625,-750000.0625,0.368896484375,0.897216796875,0.600341796875,-0.09146341681480408,2.5,-0.09146341681480408,86.66666412353516,134378.0,873407.550006375
-388454.625,-296720.84375,-280143.25,-365160.53125,171663.90625,-373780.34375,-442811.46875,-750000.0625,0.36865234375,0.896240234375,0.60107421875,-0.27439025044441223,2.5,-0.030487805604934692,86.66666412353516,134379.0,873407.550058208
-388521.15625,-296780.28125,-280226.15625,-365177.78125,172186.75,-373750.40625,-442848.59375,-750000.0625,0.37109375,0.8974609375,0.60205078125,-0.3048780560493469,2.408536672592163,0.09146341681480408,86.66666412353516,134380.0,873407.551407625
-388601.78125,-296827.5,-280263.34375,-365174.75,172365.390625,-373753.96875,-442849.125,-750000.0625,0.37060546875,0.897705078125,0.60107421875,-0.3353658616542816,2.408536672592163,0.27439025044441223,86.66666412353516,134381.0,873407.551481458
-388546.90625,-296777.6875,-280191.1875,-365163.3125,171840.75,-373791.1875,-442818.09375,-750000.0625,0.373046875,0.8955078125,0.603515625,-0.3048780560493469,2.378048896789551,0.4573170840740204,86.66666412353516,134382.0,873407.551534208
-388469.21875,-296732.28125,-280152.84375,-365171.09375,171627.328125,-373797.625,-442819.09375,-750000.0625,0.37109375,0.896240234375,0.601806640625,-0.3658536672592163,2.4695122241973877,0.6097561120986938,86.66666412353516,134383.0,873407.556576333
-388516.3125,-296779.3125,-280225.25,-365189.78125,172093.6875,-373768.28125,-442856.1875,-750000.0625,0.3720703125,0.89453125,0.602783203125,-0.3658536672592163,2.5609755516052246,0.5182926654815674,86.66666412353516,134384.0,873407.586457208
-388610.1875,-296840.46875,-280281.40625,-365189.78125,172408.484375,-373761.21875,-442864.78125,-750000.0625,0.372802734375,0.892822265625,0.599853515625,-0.3353658616542816,2.5304877758026123,0.5487805008888245,86.66666412353516,134385.0,873407.586541083
-388580.0625,-296806.65625,-280222.21875,-365178.0625,171952.0625,-373798.40625,-442835.8125,-750000.0625,0.373291015625,0.890869140625,0.602783203125,-0.3353658616542816,2.4695122241973877,0.5487805008888245,86.66666412353516,134386.0,873407.588717166
-388486.625,-296746.3125,-280163.84375,-365179.65625,171604.171875,-373808.25,-442826.40625,-750000.0625,0.372802734375,0.892578125,0.60205078125,-0.27439025044441223,2.5,0.5182926654815674,86.66666412353516,134387.0,873407.588804333
-388511.59375,-296777.0,-280221.40625,-365198.53125,171988.53125,-373783.21875,-442859.59375,-750000.0625,0.3720703125,0.891357421875,0.602294921875,-0.3353658616542816,2.4695122241973877,0.5792682766914368,86.66666412353516,134388.0,873407.5888705
-388608.59375,-296843.40625,-280292.125,-365202.125,172419.65625,-373767.40625,-442876.46875,-750000.0625,0.373046875,0.894287109375,0.6025390625,-0.24390244483947754,2.5609755516052246,0.4268292784690857,86.66666412353516,134389.0,873407.590060625
-388601.96875,-296824.71875,-280249.46875,-365190.03125,172065.421875,-373801.375,-442850.65625,-750000.0625,0.37353515625,0.89404296875,0.603271484375,-0.3048780560493469,2.5609755516052246,0.3353658616542816,86.66666412353516,134390.0,873407.5915405
-388505.6875,-296760.53125,-280179.28125,-365188.6875,171640.828125,-373823.0,-442834.71875,-750000.0625,0.373779296875,0.89453125,0.604736328125,-0.24390244483947754,2.5304877758026123,0.27439025044441223,86.66666412353516,134391.0,873407.592636666
-388505.0625,-296774.5625,-280218.625,-365207.03125,171901.453125,-373801.46875,-442864.21875,-750000.0625,0.375,0.89404296875,0.603515625,-0.18292683362960815,2.4695122241973877,0.18292683362960815,86.66666412353516,134392.0,873407.592741625
-388601.34375,-296845.125,-280299.46875,-365214.1875,172404.640625,-373776.96875,-442888.5625,-750000.0625,0.37353515625,0.89501953125,0.6015625,-0.24390244483947754,2.591463327407837,0.060975611209869385,86.66666412353516,134393.0,873407.597760541
-388622.53125,-296845.03125,-280276.40625,-365202.125,172180.140625,-373803.5,-442866.375,-750000.0625,0.3759765625,0.8935546875,0.604736328125,-0.15243902802467346,2.5609755516052246,-0.030487805604934692,86.66666412353516,134394.0,873407.627481916
-388528.46875,-296778.78125,-280197.8125,-365197.09375,171666.140625,-373829.53125,-442843.84375,-750000.0625,0.376953125,0.893798828125,0.601806640625,-0.12195122241973877,2.5609755516052246,0.0,86.66666412353516,134395.0,873407.627575
-388504.78125,-296776.8125,-280217.03125,-365214.8125,171799.359375,-373814.875,-442868.25,-750000.0625,0.375,0.892578125,0.60205078125,0.030487805604934692,2.5304877758026123,-0.09146341681480408,86.66666412353516,134396.0,873407.631730083
-388596.4375,-296849.0625,-280304.65625,-365227.59375,172355.46875,-373789.75,-442900.34375,-750000.0625,0.372802734375,0.89208984375,0.604248046875,0.09146341681480408,2.5,-0.27439025044441223,86.66666412353516,134397.0,873407.631803166
-388641.59375,-296865.5,-280303.40625,-365217.03125,172280.0,-373807.71875,-442884.53125,-750000.0625,0.373046875,0.8935546875,0.603759765625,0.060975611209869385,2.5,-0.3353658616542816,86.66666412353516,134398.0,873407.631853083
-388555.9375,-296800.40625,-280222.5625,-365209.1875,171747.140625,-373841.96875,-442857.625,-750000.0625,0.37109375,0.89501953125,0.603271484375,0.0,2.5,-0.21341463923454285,86.66666412353516,134399.0,873407.633854666
-388509.71875,-296780.28125,-280220.4375,-365224.375,171740.796875,-373834.34375,-442873.625,-750000.0625,0.36962890625,0.895263671875,0.6025390625,-0.030487805604934692,2.5304877758026123,-0.27439025044441223,86.66666412353516,134400.0,873407.633909083
-388589.375,-296845.375,-280306.25,-365239.9375,172289.125,-373803.78125,-442908.21875,-750000.0625,0.369384765625,0.894287109375,0.602294921875,-0.030487805604934692,2.5609755516052246,-0.24390244483947754,86.66666412353516,134401.0,873407.635084291
-388655.4375,-296881.15625,-280328.34375,-365233.21875,172366.1875,-373813.4375,-442902.6875,-750000.0625,0.37109375,0.894287109375,0.603515625,-0.030487805604934692,2.5304877758026123,-0.18292683362960815,86.66666412353516,134402.0,873407.637080083
-388585.25,-296823.75,-280249.65625,-365221.875,171824.46875,-373849.09375,-442871.84375,-750000.0625,0.369140625,0.89453125,0.60205078125,0.0,2.5,-0.09146341681480408,86.66666412353516,134403.0,873407.637148583
-388518.03125,-296787.90625,-280225.875,-365233.21875,171688.75,-373849.1875,-442879.4375,-750000.0625,0.3671875,0.895263671875,0.604248046875,-0.21341463923454285,2.591463327407837,-0.030487805604934692,86.66666412353516,134404.0,873407.638824916
-388579.09375,-296843.78125,-280305.375,-365250.5625,172201.6875,-373819.96875,-442916.71875,-750000.0625,0.369140625,0.89599609375,0.60302734375,-0.15243902802467346,2.5,0.060975611209869385,86.66666412353516,134405.0,873407.67005475
-388664.75,-296895.71875,-280348.46875,-365248.0625,172430.03125,-373820.0625,-442919.5,-750000.0625,0.37060546875,0.897216796875,0.599853515625,-0.18292683362960815,2.408536672592163,0.09146341681480408,86.66666412353516,134406.0,873407.670139083
-388618.0625,-296852.1875,-280280.9375,-365236.625,171928.640625,-373858.0625,-442889.28125,-750000.0625,0.37060546875,0.895751953125,0.603271484375,-0.24390244483947754,2.5,0.24390244483947754,86.66666412353516,134407.0,873407.670233375
-388533.59375,-296800.9375,-280234.5625,-365241.625,171664.796875,-373864.65625,-442885.6875,-750000.0625,0.3720703125,0.893798828125,0.603271484375,-0.18292683362960815,2.5304877758026123,0.24390244483947754,86.66666412353516,134408.0,873407.674332333
-388571.5,-296840.90625,-280301.59375,-365259.59375,172103.515625,-373835.53125,-442921.1875,-750000.0625,0.37451171875,0.89501953125,0.60205078125,-0.21341463923454285,2.4390244483947754,0.3353658616542816,86.66666412353516,134409.0,873407.674406708
-388664.1875,-296900.90625,-280361.25,-365259.0625,172463.734375,-373824.0625,-442930.84375,-750000.0625,0.37255859375,0.8955078125,0.601318359375,-0.21341463923454285,2.378048896789551,0.4573170840740204,86.66666412353516,134410.0,873407.675503916
-388641.125,-296870.6875,-280306.6875,-365246.46875,172041.203125,-373860.5625,-442901.96875,-750000.0625,0.37060546875,0.89453125,0.603271484375,-0.15243902802467346,2.4390244483947754,0.4268292784690857,86.66666412353516,134411.0,873407.677877875
-388548.59375,-296810.5,-280245.375,-365248.4375,171667.921875,-373876.75,-442891.5,-750000.0625,0.373046875,0.892822265625,0.602294921875,-0.18292683362960815,2.5,0.4268292784690857,86.66666412353516,134412.0,873407.677951125
-388567.5625,-296836.71875,-280297.65625,-365268.0,172006.6875,-373851.625,-442923.875,-750000.0625,0.370361328125,0.894287109375,0.601806640625,-0.24390244483947754,2.5304877758026123,0.396341472864151,86.66666412353516,134413.0,873407.679455416
-388665.28125,-296906.4375,-280373.21875,-365273.0,172467.765625,-373833.65625,-442944.34375,-750000.0625,0.3720703125,0.893798828125,0.603759765625,-0.21341463923454285,2.4390244483947754,0.3048780560493469,86.66666412353516,134414.0,873407.679529333
-388668.5,-296893.75,-280336.84375,-365260.59375,172154.03125,-373865.125,-442919.125,-750000.0625,0.374267578125,0.89453125,0.6015625,-0.21341463923454285,2.3475608825683594,0.3048780560493469,86.66666412353516,134415.0,873407.681026291
-388572.46875,-296828.125,-280262.96875,-365258.09375,171691.53125,-373888.34375,-442900.875,-750000.0625,0.373046875,0.894287109375,0.60302734375,-0.12195122241973877,2.317073106765747,0.3048780560493469,86.66666412353516,134416.0,873407.722343958
-388563.25,-296836.25,-280294.375,-365274.8125,171909.859375,-373866.90625,-442927.0,-750000.0625,0.371337890625,0.89208984375,0.603759765625,-0.21341463923454285,2.408536672592163,0.27439025044441223,86.66666412353516,134417.0,873407.722488541
-388660.0,-296909.03125,-280378.40625,-365284.0,172439.0625,-373842.84375,-442954.1875,-750000.0625,0.37109375,0.89208984375,0.600830078125,-0.18292683362960815,2.378048896789551,0.24390244483947754,86.66666412353516,134418.0,873407.722598375
-388691.5625,-296916.0,-280363.84375,-365274.34375,172262.484375,-373868.0625,-442935.3125,-750000.0625,0.370849609375,0.893310546875,0.603759765625,-0.09146341681480408,2.4390244483947754,0.09146341681480408,86.66666412353516,134419.0,873407.724402416
-388596.875,-296846.8125,-280282.75,-365267.375,171747.140625,-373897.21875,-442910.1875,-750000.0625,0.373046875,0.89404296875,0.602783203125,-0.18292683362960815,2.4695122241973877,0.09146341681480408,86.66666412353516,134420.0,873407.724514958
-388562.90625,-296835.8125,-280293.03125,-365282.21875,171837.171875,-373884.34375,-442930.46875,-750000.0625,0.373779296875,0.892822265625,0.6005859375,-0.12195122241973877,2.378048896789551,0.12195122241973877,86.66666412353516,134421.0,873407.72564
-388650.0,-296905.03125,-280380.625,-365295.71875,172385.859375,-373854.75,-442963.46875,-750000.0625,0.37255859375,0.894287109375,0.599853515625,-0.15243902802467346,2.378048896789551,0.0,86.66666412353516,134422.0,873407.726826125
-388704.625,-296930.21875,-280388.40625,-365287.9375,172361.359375,-373871.71875,-442951.9375,-750000.0625,0.369873046875,0.895263671875,0.600830078125,-0.09146341681480408,2.5,-0.15243902802467346,86.66666412353516,134423.0,873407.758111625
-388622.0,-296867.1875,-280306.53125,-365277.9375,171803.28125,-373904.625,-442922.71875,-750000.0625,0.37060546875,0.893798828125,0.600830078125,-0.15243902802467346,2.4695122241973877,-0.12195122241973877,86.66666412353516,134424.0,873407.758200375
-388567.5625,-296839.75,-280295.0625,-365289.8125,171755.71875,-373897.84375,-442933.6875,-750000.0625,0.369873046875,0.8955078125,0.600830078125,-0.060975611209869385,2.2865853309631348,-0.12195122241973877,86.66666412353516,134425.0,873407.758250791
-388640.59375,-296901.96875,-280380.09375,-365306.09375,172303.25,-373869.03125,-442970.625,-750000.0625,0.371337890625,0.894775390625,0.601318359375,-0.060975611209869385,2.4695122241973877,-0.09146341681480408,86.66666412353516,134426.0,873407.75829875
-388713.71875,-296943.625,-280409.96875,-365301.25,172431.90625,-373876.03125,-442968.40625,-750000.0625,0.371337890625,0.895751953125,0.600830078125,-0.060975611209869385,2.4390244483947754,-0.060975611209869385,86.66666412353516,134427.0,873407.758346166
-388649.71875,-296890.09375,-280333.875,-365289.5625,171901.09375,-373912.84375,-442937.375,-750000.0625,0.369873046875,0.894287109375,0.603759765625,-0.060975611209869385,2.4695122241973877,-0.060975611209869385,86.66666412353516,134428.0,873407.760719708
-388577.125,-296850.5625,-280302.40625,-365299.125,171729.25,-373916.96875,-442941.65625,-750000.0625,0.3701171875,0.895263671875,0.6025390625,-0.060975611209869385,2.4695122241973877,0.0,86.66666412353516,134429.0,873407.760789125
-388633.28125,-296902.875,-280379.125,-365317.71875,172212.0625,-373886.75,-442979.375,-750000.0625,0.368896484375,0.89501953125,0.60498046875,-0.030487805604934692,2.4390244483947754,-0.030487805604934692,86.66666412353516,134430.0,873407.7608385
-388721.78125,-296957.3125,-280428.75,-365315.84375,172486.09375,-373882.71875,-442984.5625,-750000.0625,0.36865234375,0.896484375,0.60107421875,-0.09146341681480408,2.408536672592163,0.060975611209869385,86.66666412353516,134431.0,873407.7642865
-388678.25,-296913.875,-280362.5,-365301.625,172003.015625,-373919.28125,-442952.65625,-750000.0625,0.37060546875,0.895263671875,0.60009765625,-0.18292683362960815,2.408536672592163,0.18292683362960815,86.66666412353516,134432.0,873407.764343375
-388589.0,-296858.96875,-280310.71875,-365305.75,171703.234375,-373929.65625,-442947.03125,-750000.0625,0.3701171875,0.89501953125,0.59912109375,-0.24390244483947754,2.2560975551605225,0.3353658616542816,86.66666412353516,134433.0,873407.765426541
-388621.90625,-296895.90625,-280374.5625,-365325.5,172110.046875,-373902.75,-442983.21875,-750000.0625,0.3701171875,0.895263671875,0.59814453125,-0.21341463923454285,2.408536672592163,0.3353658616542816,86.66666412353516,134434.0,873407.766830458
-388717.3125,-296959.5625,-280438.5625,-365326.03125,172505.484375,-373888.0,-442995.65625,-750000.0625,0.37158203125,0.893310546875,0.599609375,-0.21341463923454285,2.3475608825683594,0.5487805008888245,86.66666412353516,134435.0,873407.767933208
-388703.71875,-296935.78125,-280390.75,-365313.6875,172115.40625,-373923.84375,-442967.84375,-750000.0625,0.37255859375,0.89404296875,0.599609375,-0.15243902802467346,2.4695122241973877,0.5487805008888245,86.66666412353516,134436.0,873407.798531583
-388610.65625,-296874.71875,-280325.9375,-365315.46875,171709.5,-373944.40625,-442955.4375,-750000.0625,0.3720703125,0.894287109375,0.6015625,-0.21341463923454285,2.4390244483947754,0.4878048896789551,86.66666412353516,134437.0,873407.799560291
-388622.8125,-296897.5,-280373.5625,-365336.65625,172007.9375,-373921.53125,-442988.40625,-750000.0625,0.3720703125,0.8935546875,0.604248046875,-0.21341463923454285,2.4695122241973877,0.5792682766914368,86.66666412353516,134438.0,873407.7996195
-388721.0625,-296969.03125,-280452.15625,-365342.5625,172495.46875,-373901.0625,-443011.40625,-750000.0625,0.373779296875,0.89453125,0.6005859375,-0.21341463923454285,2.5,0.4878048896789551,86.66666412353516,134439.0,873407.799674458
-388734.46875,-296962.875,-280422.3125,-365330.78125,172227.609375,-373931.1875,-442987.34375,-750000.0625,0.375244140625,0.891845703125,0.601318359375,-0.27439025044441223,2.5609755516052246,0.4268292784690857,86.66666412353516,134440.0,873407.803592666
-388638.0,-296896.0625,-280345.3125,-365325.9375,171741.78125,-373956.84375,-442965.8125,-750000.0625,0.374267578125,0.895263671875,0.60107421875,-0.3658536672592163,2.5,0.3658536672592163,86.66666412353516,134441.0,873407.803651
-388619.59375,-296896.0625,-280370.09375,-365343.03125,171915.140625,-373938.0625,-442991.375,-750000.0625,0.37548828125,0.892578125,0.60205078125,-0.3353658616542816,2.4390244483947754,0.3048780560493469,86.66666412353516,134442.0,873407.803702
-388712.84375,-296966.25,-280455.125,-365353.75,172460.703125,-373911.25,-443020.4375,-750000.0625,0.375,0.893310546875,0.6044921875,-0.18292683362960815,2.5609755516052246,0.21341463923454285,86.66666412353516,134443.0,873407.803755125
-388752.34375,-296979.125,-280448.21875,-365343.8125,172335.796875,-373933.875,-443003.15625,-750000.0625,0.374755859375,0.89208984375,0.602294921875,-0.15243902802467346,2.408536672592163,0.030487805604934692,86.66666412353516,134444.0,873407.803806125
-388664.1875,-296914.21875,-280367.40625,-365336.40625,171810.078125,-373967.03125,-442977.34375,-750000.0625,0.374267578125,0.893310546875,0.603759765625,-0.12195122241973877,2.5304877758026123,-0.09146341681480408,86.66666412353516,134445.0,873407.805532291
-388624.59375,-296899.03125,-280371.0625,-365351.5,171848.890625,-373955.78125,-442995.84375,-750000.0625,0.375732421875,0.894775390625,0.602294921875,-0.060975611209869385,2.408536672592163,-0.15243902802467346,86.66666412353516,134446.0,873407.805596875
-388709.0,-296966.25,-280458.4375,-365366.25,172402.40625,-373925.46875,-443030.34375,-750000.0625,0.37451171875,0.892333984375,0.604736328125,0.15243902802467346,2.5,-0.21341463923454285,86.66666412353516,134447.0,873407.806878958
-388771.59375,-296997.09375,-280473.4375,-365359.03125,172432.265625,-373938.15625,-443020.78125,-750000.0625,0.374267578125,0.8916015625,0.6025390625,0.09146341681480408,2.5609755516052246,-0.18292683362960815,86.66666412353516,134448.0,873407.839820958
-388696.46875,-296938.625,-280393.6875,-365348.84375,171885.71875,-373974.625,-442991.09375,-750000.0625,0.37158203125,0.892822265625,0.603515625,0.030487805604934692,2.4390244483947754,-0.3048780560493469,86.66666412353516,134449.0,873407.839895916
-388635.875,-296906.4375,-280374.84375,-365360.625,171786.203125,-373969.90625,-442999.6875,-750000.0625,0.37060546875,0.89453125,0.599853515625,0.060975611209869385,2.4695122241973877,-0.24390244483947754,86.66666412353516,134450.0,873407.842120166
-388702.125,-296964.5625,-280457.34375,-365377.625,172318.453125,-373939.15625,-443036.96875,-750000.0625,0.3720703125,0.89501953125,0.601318359375,0.030487805604934692,2.5304877758026123,-0.27439025044441223,86.66666412353516,134451.0,873407.842173958
-388780.875,-297009.09375,-280493.75,-365372.96875,172501.5625,-373941.1875,-443036.34375,-750000.0625,0.371337890625,0.894775390625,0.600830078125,0.0,2.4695122241973877,-0.27439025044441223,86.66666412353516,134452.0,873407.845592583
-388723.125,-296958.75,-280420.78125,-365360.375,171977.71875,-373978.40625,-443005.59375,-750000.0625,0.3681640625,0.89599609375,0.6005859375,0.0,2.5,-0.21341463923454285,86.66666412353516,134453.0,873407.845655
-388641.84375,-296911.09375,-280379.9375,-365366.1875,171759.65625,-373982.25,-443004.875,-750000.0625,0.371337890625,0.895263671875,0.600830078125,-0.030487805604934692,2.5304877758026123,-0.12195122241973877,86.66666412353516,134454.0,873407.846690083
-388688.53125,-296956.6875,-280451.625,-365384.5,172227.171875,-373950.84375,-443040.625,-750000.0625,0.37255859375,0.894775390625,0.601806640625,-0.09146341681480408,2.408536672592163,0.030487805604934692,86.66666412353516,134455.0,873407.847940125
-388782.125,-297015.96875,-280508.125,-365384.9375,172547.328125,-373943.34375,-443049.46875,-750000.0625,0.369140625,0.894775390625,0.601318359375,0.0,2.317073106765747,0.12195122241973877,86.66666412353516,134456.0,873407.879473
-388750.5625,-296981.375,-280449.3125,-365373.59375,172090.90625,-373981.0625,-443020.6875,-750000.0625,0.37060546875,0.89306640625,0.6015625,-0.060975611209869385,2.408536672592163,0.21341463923454285,86.66666412353516,134457.0,873407.879563291
-388658.75,-296924.875,-280392.53125,-365377.0,171754.65625,-373995.5625,-443013.4375,-750000.0625,0.371826171875,0.894775390625,0.601318359375,-0.21341463923454285,2.3475608825683594,0.3658536672592163,86.66666412353516,134458.0,873407.879613
-388683.34375,-296956.5,-280449.84375,-365395.78125,172128.546875,-373968.03125,-443047.6875,-750000.0625,0.368408203125,0.894775390625,0.6025390625,-0.18292683362960815,2.5,0.396341472864151,86.66666412353516,134459.0,873407.879665041
-388783.375,-297025.34375,-280521.46875,-365399.78125,172561.09375,-373951.46875,-443065.03125,-750000.0625,0.37109375,0.894287109375,0.601806640625,-0.24390244483947754,2.4390244483947754,0.4878048896789551,86.66666412353516,134460.0,873407.879714
-388779.1875,-297008.375,-280479.625,-365387.90625,172209.1875,-373985.28125,-443038.9375,-750000.0625,0.37109375,0.892333984375,0.600830078125,-0.21341463923454285,2.408536672592163,0.4573170840740204,86.66666412353516,134461.0,873407.879761875
-388681.5625,-296942.125,-280409.0625,-365386.375,171771.90625,-374006.5625,-443021.59375,-750000.0625,0.373291015625,0.8935546875,0.6015625,-0.18292683362960815,2.4695122241973877,0.4573170840740204,86.66666412353516,134462.0,873407.880571375
-388679.84375,-296955.0,-280447.6875,-365404.8125,172030.203125,-373984.28125,-443051.28125,-750000.0625,0.37255859375,0.89404296875,0.603515625,-0.3353658616542816,2.5,0.5487805008888245,86.66666412353516,134463.0,873407.881756041
-388775.15625,-297024.71875,-280528.25,-365411.9375,172541.875,-373960.15625,-443076.03125,-750000.0625,0.37255859375,0.8935546875,0.603515625,-0.3048780560493469,2.5,0.5792682766914368,86.66666412353516,134464.0,873407.882947083
-388797.15625,-297025.09375,-280506.15625,-365400.875,172322.03125,-373987.0625,-443054.65625,-750000.0625,0.371337890625,0.892333984375,0.60205078125,-0.27439025044441223,2.5304877758026123,0.4573170840740204,86.66666412353516,134465.0,873407.884205208
-388701.21875,-296958.46875,-280427.59375,-365395.0625,171820.546875,-374016.375,-443031.4375,-750000.0625,0.3740234375,0.89306640625,0.602783203125,-0.3048780560493469,2.4390244483947754,0.4573170840740204,86.66666412353516,134466.0,873407.885656541
-388675.46875,-296955.1875,-280446.0,-365411.9375,171950.984375,-374002.25,-443055.75,-750000.0625,0.373291015625,0.892578125,0.603515625,-0.21341463923454285,2.408536672592163,0.3353658616542816,86.66666412353516,134467.0,873407.888049791
-388766.125,-297025.4375,-280532.375,-365423.84375,172499.046875,-373972.3125,-443086.59375,-750000.0625,0.372802734375,0.892333984375,0.6044921875,-0.18292683362960815,2.378048896789551,0.12195122241973877,86.66666412353516,134468.0,873407.91872025
-388814.75,-297046.375,-280532.625,-365414.09375,172427.4375,-373990.28125,-443071.5625,-750000.0625,0.373291015625,0.890380859375,0.60205078125,-0.060975611209869385,2.408536672592163,0.060975611209869385,86.66666412353516,134469.0,873407.918809416
-388729.5625,-296983.78125,-280452.4375,-365406.9375,171887.5,-374025.6875,-443045.8125,-750000.0625,0.371826171875,0.891357421875,0.603271484375,-0.09146341681480408,2.5,0.0,86.66666412353516,134470.0,873407.918901458
-388678.96875,-296961.78125,-280447.6875,-365420.1875,171886.53125,-374018.34375,-443060.5625,-750000.0625,0.37109375,0.893310546875,0.604248046875,0.0,2.4390244483947754,-0.030487805604934692,86.66666412353516,134471.0,873407.922055833
-388756.84375,-297025.71875,-280534.40625,-365436.1875,172433.34375,-373987.34375,-443096.5,-750000.0625,0.371826171875,0.893310546875,0.6044921875,0.0,2.4390244483947754,-0.030487805604934692,86.66666412353516,134472.0,873407.922127416
-388824.78125,-297060.21875,-280556.40625,-365429.125,172517.46875,-373994.5625,-443089.0,-750000.0625,0.371337890625,0.891845703125,0.60302734375,0.09146341681480408,2.408536672592163,-0.18292683362960815,86.66666412353516,134473.0,873407.923122583
-388754.59375,-297002.65625,-280477.375,-365416.96875,171960.734375,-374029.96875,-443057.25,-750000.0625,0.370361328125,0.8935546875,0.603759765625,0.12195122241973877,2.408536672592163,-0.18292683362960815,86.66666412353516,134474.0,873407.923181208
-388685.21875,-296964.75,-280450.09375,-365425.625,171826.984375,-374029.34375,-443062.1875,-750000.0625,0.3701171875,0.893310546875,0.603759765625,0.060975611209869385,2.4390244483947754,-0.030487805604934692,86.66666412353516,134475.0,873407.92703625
-388742.96875,-297018.21875,-280528.78125,-365441.90625,172342.671875,-373997.78125,-443099.5625,-750000.0625,0.37109375,0.893798828125,0.6025390625,0.09146341681480408,2.5,-0.09146341681480408,86.66666412353516,134476.0,873407.927098583
-388830.0625,-297070.25,-280574.03125,-365440.65625,172575.9375,-373996.71875,-443102.875,-750000.0625,0.36962890625,0.894775390625,0.603271484375,0.030487805604934692,2.4695122241973877,-0.15243902802467346,86.66666412353516,134477.0,873407.93059375
-388782.84375,-297026.625,-280506.4375,-365429.46875,172068.015625,-374035.53125,-443072.90625,-750000.0625,0.36767578125,0.895751953125,0.605712890625,0.09146341681480408,2.408536672592163,-0.060975611209869385,86.66666412353516,134478.0,873407.962537541
-388698.90625,-296979.125,-280461.71875,-365435.71875,171807.046875,-374046.96875,-443071.375,-750000.0625,0.36962890625,0.894775390625,0.60498046875,0.060975611209869385,2.378048896789551,0.060975611209869385,86.66666412353516,134479.0,873407.962624666
-388738.78125,-297020.8125,-280529.78125,-365455.03125,172244.6875,-374017.90625,-443108.03125,-750000.0625,0.3720703125,0.896240234375,0.606201171875,0.030487805604934692,2.2865853309631348,0.12195122241973877,86.66666412353516,134480.0,873407.964622708
-388834.25,-297081.78125,-280590.65625,-365455.75,172607.59375,-374004.6875,-443118.78125,-750000.0625,0.37109375,0.89599609375,0.60498046875,0.09146341681480408,2.317073106765747,0.3048780560493469,86.66666412353516,134481.0,873407.96468425
-388811.375,-297051.46875,-280536.21875,-365442.4375,172184.078125,-374040.53125,-443089.4375,-750000.0625,0.37060546875,0.895263671875,0.6015625,0.18292683362960815,2.2865853309631348,0.3048780560493469,86.66666412353516,134482.0,873407.9679825
-388715.25,-296991.375,-280474.15625,-365444.0625,171807.21875,-374060.09375,-443079.15625,-750000.0625,0.37109375,0.895751953125,0.6025390625,0.12195122241973877,2.378048896789551,0.27439025044441223,86.66666412353516,134483.0,873407.968037583
-388730.625,-297016.59375,-280525.9375,-365463.0,172144.734375,-374034.71875,-443112.0625,-750000.0625,0.374755859375,0.894287109375,0.60009765625,0.15243902802467346,2.4695122241973877,0.27439025044441223,86.66666412353516,134484.0,873407.969354458
-388830.59375,-297085.0,-280600.75,-365467.90625,172610.09375,-374013.0,-443131.125,-750000.0625,0.3720703125,0.89697265625,0.599609375,0.15243902802467346,2.591463327407837,0.3658536672592163,86.66666412353516,134485.0,873407.97067975
-388835.6875,-297073.375,-280565.4375,-365455.84375,172302.265625,-374044.28125,-443106.0,-750000.0625,0.372314453125,0.8974609375,0.598388671875,0.12195122241973877,2.621951103210449,0.3658536672592163,86.66666412353516,134486.0,873408.039669458
-388739.40625,-297008.1875,-280491.40625,-365453.34375,171836.90625,-374068.59375,-443086.6875,-750000.0625,0.373046875,0.89697265625,0.597900390625,0.030487805604934692,2.6524391174316406,0.3048780560493469,86.66666412353516,134487.0,873408.039759166
-388728.5625,-297016.6875,-280524.125,-365471.6875,172051.125,-374051.34375,-443116.09375,-750000.0625,0.373779296875,0.895751953125,0.593505859375,-0.09146341681480408,2.5304877758026123,0.3353658616542816,86.66666412353516,134488.0,873408.039808625
-388825.5,-297088.125,-280608.375,-365481.40625,172583.09375,-374025.15625,-443143.375,-750000.0625,0.375,0.8955078125,0.59423828125,-0.18292683362960815,2.5609755516052246,0.396341472864151,86.66666412353516,134489.0,873408.039856208
-388858.5625,-297096.15625,-280594.3125,-365471.59375,172415.1875,-374048.75,-443124.125,-750000.0625,0.374755859375,0.895263671875,0.595458984375,-0.27439025044441223,2.3475608825683594,0.3353658616542816,86.66666412353516,134490.0,873408.03990775
-388765.15625,-297031.15625,-280514.03125,-365464.53125,171888.9375,-374080.5,-443099.8125,-750000.0625,0.37451171875,0.895751953125,0.595703125,-0.3048780560493469,2.4390244483947754,0.3658536672592163,86.66666412353516,134491.0,873408.0399555
-388729.65625,-297020.8125,-280524.40625,-365479.53125,171969.40625,-374067.625,-443120.125,-750000.0625,0.375732421875,0.893798828125,0.59765625,-0.396341472864151,2.4390244483947754,0.4268292784690857,86.66666412353516,134492.0,873408.040003583
-388816.65625,-297088.375,-280610.875,-365492.6875,172530.703125,-374037.125,-443152.84375,-750000.0625,0.375732421875,0.891357421875,0.598388671875,-0.5487805008888245,2.4390244483947754,0.3048780560493469,86.66666412353516,134493.0,873408.040050958
-388873.3125,-297113.34375,-280618.90625,-365484.375,172515.5,-374051.25,-443140.40625,-750000.0625,0.374267578125,0.89111328125,0.595947265625,-0.5487805008888245,2.317073106765747,0.3048780560493469,86.66666412353516,134494.0,873408.040098791
-388792.3125,-297052.0,-280538.96875,-365475.34375,171967.796875,-374088.09375,-443112.25,-750000.0625,0.375244140625,0.88916015625,0.600341796875,-0.5182926654815674,2.408536672592163,0.396341472864151,86.66666412353516,134495.0,873408.040146708
-388734.75,-297025.1875,-280527.0,-365487.21875,171920.5,-374085.84375,-443124.75,-750000.0625,0.373291015625,0.89111328125,0.601806640625,-0.4878048896789551,2.3475608825683594,0.396341472864151,86.66666412353516,134496.0,873408.040194291
-388808.25,-297086.5,-280611.3125,-365503.78125,172456.140625,-374052.78125,-443160.34375,-750000.0625,0.37158203125,0.8935546875,0.603759765625,-0.3658536672592163,2.4390244483947754,0.3048780560493469,86.66666412353516,134497.0,873408.040245583
-388884.6875,-297127.625,-280640.53125,-365498.21875,172594.53125,-374055.625,-443155.625,-750000.0625,0.3740234375,0.893310546875,0.60498046875,-0.3353658616542816,2.4390244483947754,0.27439025044441223,86.66666412353516,134498.0,873408.040296041
-388824.40625,-297074.875,-280565.53125,-365487.3125,172053.359375,-374094.53125,-443124.5,-750000.0625,0.372314453125,0.8916015625,0.60546875,-0.3048780560493469,2.4390244483947754,0.27439025044441223,86.66666412353516,134499.0,873408.040347291
-388747.875,-297032.78125,-280532.375,-365495.1875,171858.8125,-374098.03125,-443128.34375,-750000.0625,0.37158203125,0.891845703125,0.606201171875,-0.3658536672592163,2.5304877758026123,0.18292683362960815,86.66666412353516,134500.0,873408.040397083
-388799.65625,-297081.875,-280607.09375,-365512.25,172356.171875,-374067.09375,-443164.625,-750000.0625,0.372314453125,0.891357421875,0.607177734375,-0.21341463923454285,2.4695122241973877,0.12195122241973877,86.66666412353516,134501.0,873408.040635916
-388890.03125,-297136.125,-280656.90625,-365510.84375,172640.5,-374060.1875,-443169.28125,-750000.0625,0.369873046875,0.890625,0.609130859375,-0.09146341681480408,2.5304877758026123,0.060975611209869385,86.66666412353516,134502.0,873408.041163875
-388852.6875,-297098.03125,-280594.15625,-365499.5625,172161.890625,-374100.0,-443140.5,-750000.0625,0.3720703125,0.8916015625,0.607177734375,0.060975611209869385,2.5609755516052246,-0.12195122241973877,86.66666412353516,134503.0,873408.041244666
-388762.625,-297044.75,-280543.1875,-365503.9375,171857.46875,-374115.09375,-443135.84375,-750000.0625,0.372802734375,0.8916015625,0.604736328125,0.15243902802467346,2.5304877758026123,-0.3353658616542816,86.66666412353516,134504.0,873408.041308541
-388793.3125,-297080.0625,-280605.15625,-365522.28125,172253.1875,-374086.40625,-443170.4375,-750000.0625,0.3720703125,0.89111328125,0.60107421875,0.21341463923454285,2.591463327407837,-0.3048780560493469,86.66666412353516,134505.0,873408.044672583
-388891.65625,-297144.90625,-280671.75,-365524.875,172658.015625,-374069.9375,-443184.5,-750000.0625,0.36962890625,0.893798828125,0.59912109375,0.3353658616542816,2.7134146690368652,-0.4268292784690857,86.66666412353516,134506.0,873408.044775916
-388880.75,-297123.4375,-280625.625,-365514.21875,172271.25,-374106.34375,-443158.75,-750000.0625,0.3720703125,0.894287109375,0.60009765625,0.4268292784690857,2.7134146690368652,-0.396341472864151,86.66666412353516,134507.0,873408.052525875
-388785.09375,-297063.53125,-280558.84375,-365513.4375,171857.90625,-374127.15625,-443145.875,-750000.0625,0.37109375,0.896728515625,0.595458984375,0.3658536672592163,2.591463327407837,-0.4573170840740204,86.66666412353516,134508.0,873408.05260225
-388790.8125,-297083.21875,-280603.71875,-365531.5625,172154.65625,-374104.1875,-443176.71875,-750000.0625,0.37109375,0.895263671875,0.597412109375,0.24390244483947754,2.682926893234253,-0.4878048896789551,86.66666412353516,134509.0,873408.112884833
-388890.9375,-297152.9375,-280683.90625,-365539.1875,172650.15625,-374080.84375,-443199.875,-750000.0625,0.369873046875,0.896728515625,0.594482421875,0.09146341681480408,2.5,-0.4573170840740204,86.66666412353516,134510.0,873408.112972833
-388904.78125,-297145.78125,-280655.125,-365527.375,172390.328125,-374109.0,-443176.0,-750000.0625,0.368896484375,0.897705078125,0.596435546875,0.0,2.4390244483947754,-0.3353658616542816,86.66666412353516,134511.0,873408.113806416
-388808.3125,-297080.875,-280579.125,-365524.0625,171896.265625,-374136.90625,-443156.3125,-750000.0625,0.367919921875,0.89697265625,0.596435546875,-0.18292683362960815,2.408536672592163,-0.09146341681480408,86.66666412353516,134512.0,873408.113867625
-388786.15625,-297081.59375,-280602.625,-365540.15625,172067.125,-374120.46875,-443182.4375,-750000.0625,0.365966796875,0.898193359375,0.599853515625,-0.3353658616542816,2.317073106765747,0.060975611209869385,86.66666412353516,134513.0,873408.118094208
-388880.03125,-297151.25,-280687.9375,-365551.0625,172616.71875,-374091.75,-443210.78125,-750000.0625,0.36669921875,0.89794921875,0.6015625,-0.4268292784690857,2.195122003555298,0.396341472864151,86.66666412353516,134514.0,873408.118158333
-388920.71875,-297163.3125,-280680.96875,-365540.78125,172502.09375,-374110.625,-443192.90625,-750000.0625,0.36767578125,0.8955078125,0.603271484375,-0.4268292784690857,2.2865853309631348,0.6097561120986938,86.66666412353516,134515.0,873408.1195135
-388830.40625,-297097.96875,-280599.78125,-365533.1875,171951.875,-374143.71875,-443167.3125,-750000.0625,0.369873046875,0.892333984375,0.599365234375,-0.4573170840740204,2.2560975551605225,0.8231707215309143,86.66666412353516,134516.0,873408.119603833
-388786.25,-297081.25,-280601.125,-365546.40625,171986.03125,-374134.59375,-443184.03125,-750000.0625,0.37158203125,0.894775390625,0.603515625,-0.4878048896789551,2.317073106765747,0.9146341681480408,86.66666412353516,134517.0,873408.121580875
-388870.46875,-297148.28125,-280687.9375,-365561.25,172551.09375,-374103.5625,-443217.375,-750000.0625,0.372314453125,0.892578125,0.605224609375,-0.4573170840740204,2.378048896789551,1.0670732259750366,86.66666412353516,134518.0,873408.123503041
-388935.46875,-297178.4375,-280703.40625,-365554.03125,172591.234375,-374112.6875,-443206.9375,-750000.0625,0.372802734375,0.892578125,0.605224609375,-0.396341472864151,2.4390244483947754,0.9756097793579102,86.66666412353516,134519.0,873408.123562833
-388860.09375,-297118.53125,-280623.125,-365543.03125,172036.28125,-374150.21875,-443177.0625,-750000.0625,0.372314453125,0.892822265625,0.602294921875,-0.396341472864151,2.4695122241973877,1.0365853309631348,86.66666412353516,134520.0,873408.124564166
-388796.4375,-297087.40625,-280604.34375,-365553.9375,171937.3125,-374151.40625,-443186.90625,-750000.0625,0.373779296875,0.894287109375,0.60498046875,-0.3353658616542816,2.5,1.0060975551605225,86.66666412353516,134521.0,873408.125839625
-388865.46875,-297146.875,-280687.75,-365572.4375,172462.484375,-374120.28125,-443224.09375,-750000.0625,0.3740234375,0.893798828125,0.605712890625,-0.3353658616542816,2.4390244483947754,0.8841463327407837,86.66666412353516,134522.0,873408.130144416
-388948.59375,-297191.84375,-280723.96875,-365568.0625,172655.875,-374118.5,-443221.9375,-750000.0625,0.376220703125,0.8916015625,0.604736328125,-0.3353658616542816,2.4695122241973877,0.8231707215309143,86.66666412353516,134523.0,873408.130201208
-388896.75,-297144.1875,-280652.53125,-365556.53125,172142.671875,-374157.65625,-443190.46875,-750000.0625,0.37890625,0.890625,0.602294921875,-0.3048780560493469,2.4695122241973877,0.7012194991111755,86.66666412353516,134524.0,873408.139742416
-388812.71875,-297098.21875,-280612.65625,-365562.5,171912.984375,-374168.1875,-443191.90625,-750000.0625,0.377685546875,0.890625,0.597900390625,-0.18292683362960815,2.4695122241973877,0.4573170840740204,86.66666412353516,134525.0,873408.173542458
-388858.75,-297144.4375,-280685.25,-365581.8125,172368.515625,-374137.90625,-443229.71875,-750000.0625,0.37841796875,0.890869140625,0.599853515625,-0.21341463923454285,2.4390244483947754,0.24390244483947754,86.66666412353516,134526.0,873408.173616291
-388956.65625,-297205.78125,-280743.625,-365584.15625,172699.5,-374128.9375,-443240.1875,-750000.0625,0.3759765625,0.8916015625,0.598876953125,-0.09146341681480408,2.5304877758026123,0.030487805604934692,86.66666412353516,134527.0,873408.173665875
-388926.0625,-297171.53125,-280684.0,-365570.75,172251.9375,-374164.90625,-443210.15625,-750000.0625,0.375732421875,0.89208984375,0.60009765625,-0.030487805604934692,2.4695122241973877,-0.21341463923454285,86.66666412353516,134528.0,873408.173738416
-388832.65625,-297116.375,-280627.125,-365573.40625,171924.96875,-374185.5625,-443202.46875,-750000.0625,0.376953125,0.89306640625,0.6025390625,0.030487805604934692,2.5304877758026123,-0.4268292784690857,86.66666412353516,134529.0,873408.173804125
-388853.03125,-297145.78125,-280683.1875,-365591.84375,172279.734375,-374157.375,-443236.34375,-750000.0625,0.37744140625,0.89208984375,0.599365234375,0.0,2.5,-0.4878048896789551,86.66666412353516,134530.0,873408.173854708
-388952.28125,-297211.3125,-280754.28125,-365595.78125,172719.171875,-374135.03125,-443252.53125,-750000.0625,0.375,0.89111328125,0.60107421875,0.060975611209869385,2.5,-0.4878048896789551,86.66666412353516,134531.0,873408.173903083
-388948.15625,-297192.71875,-280713.15625,-365584.40625,172373.171875,-374167.75,-443227.84375,-750000.0625,0.375244140625,0.89453125,0.6005859375,0.12195122241973877,2.408536672592163,-0.6402438879013062,86.66666412353516,134532.0,873408.173950916
-388846.25,-297127.5625,-280641.1875,-365580.5625,171924.171875,-374191.4375,-443210.6875,-750000.0625,0.37158203125,0.89404296875,0.599609375,0.060975611209869385,2.4695122241973877,-0.5792682766914368,86.66666412353516,134533.0,873408.173998458
-388842.75,-297141.59375,-280679.53125,-365598.46875,172182.734375,-374173.21875,-443240.09375,-750000.0625,0.370849609375,0.894287109375,0.6005859375,0.030487805604934692,2.4695122241973877,-0.5792682766914368,86.66666412353516,134534.0,873408.174045791
-388940.5625,-297210.25,-280759.90625,-365606.15625,172698.515625,-374144.34375,-443264.0625,-750000.0625,0.369873046875,0.89501953125,0.60498046875,0.030487805604934692,2.317073106765747,-0.4268292784690857,86.66666412353516,134535.0,873408.174093125
-388966.03125,-297209.09375,-280737.65625,-365594.875,172489.21875,-374166.3125,-443240.53125,-750000.0625,0.36962890625,0.89501953125,0.606689453125,0.09146341681480408,2.408536672592163,-0.3353658616542816,86.66666412353516,134536.0,873408.174423458
-388869.125,-297142.9375,-280658.875,-365589.34375,171958.765625,-374195.90625,-443218.5625,-750000.0625,0.36865234375,0.895751953125,0.608642578125,0.12195122241973877,2.3475608825683594,-0.12195122241973877,86.66666412353516,134537.0,873408.176302833
-388840.25,-297140.15625,-280676.40625,-365605.15625,172087.25,-374187.34375,-443242.875,-750000.0625,0.366943359375,0.894287109375,0.6064453125,0.030487805604934692,2.4390244483947754,-0.15243902802467346,86.66666412353516,134538.0,873408.178319333
-388935.46875,-297210.96875,-280764.28125,-365618.5625,172645.328125,-374158.0,-443274.15625,-750000.0625,0.368408203125,0.89501953125,0.603515625,0.030487805604934692,2.4695122241973877,-0.060975611209869385,86.66666412353516,134539.0,873408.181007916
-388988.65625,-297230.90625,-280766.625,-365611.59375,172586.671875,-374173.9375,-443260.75,-750000.0625,0.36865234375,0.894775390625,0.604736328125,0.09146341681480408,2.591463327407837,-0.030487805604934692,86.66666412353516,134540.0,873408.1810625
-388906.125,-297171.71875,-280687.5625,-365604.96875,172038.15625,-374212.5625,-443235.625,-750000.0625,0.368408203125,0.89599609375,0.602294921875,0.060975611209869385,2.5304877758026123,0.09146341681480408,86.66666412353516,134541.0,873408.214913208
-388856.6875,-297153.5625,-280684.1875,-365618.84375,172025.90625,-374210.9375,-443251.71875,-750000.0625,0.3681640625,0.896728515625,0.600830078125,0.0,2.682926893234253,0.060975611209869385,86.66666412353516,134542.0,873408.215105458
-388934.75,-297215.53125,-280768.9375,-365633.15625,172572.28125,-374176.6875,-443285.25,-750000.0625,0.367431640625,0.89697265625,0.603515625,0.030487805604934692,2.621951103210449,0.12195122241973877,86.66666412353516,134543.0,873408.215162041
-389006.90625,-297249.40625,-280790.40625,-365625.8125,172672.046875,-374178.84375,-443276.75,-750000.0625,0.367919921875,0.896728515625,0.6005859375,0.0,2.5304877758026123,0.24390244483947754,86.66666412353516,134544.0,873408.215205708
-388935.90625,-297191.75,-280712.59375,-365614.8125,172118.984375,-374216.40625,-443246.90625,-750000.0625,0.368408203125,0.897705078125,0.599853515625,-0.12195122241973877,2.378048896789551,0.3048780560493469,86.66666412353516,134545.0,873408.218895791
-388864.21875,-297156.34375,-280687.3125,-365624.65625,171962.25,-374222.125,-443254.6875,-750000.0625,0.369140625,0.89599609375,0.5986328125,-0.18292683362960815,2.4695122241973877,0.3048780560493469,86.66666412353516,134546.0,873408.2189605
-388923.65625,-297209.28125,-280764.90625,-365640.84375,172479.65625,-374190.375,-443290.0,-750000.0625,0.37158203125,0.897216796875,0.59814453125,-0.27439025044441223,2.4390244483947754,0.4268292784690857,86.66666412353516,134547.0,873408.220372208
-389012.625,-297258.625,-280808.1875,-365638.40625,172729.09375,-374183.59375,-443290.875,-750000.0625,0.370361328125,0.8974609375,0.6025390625,-0.27439025044441223,2.3475608825683594,0.4573170840740204,86.66666412353516,134548.0,873408.222753375
-388964.0625,-297211.78125,-280738.28125,-365624.90625,172227.171875,-374218.1875,-443258.34375,-750000.0625,0.369140625,0.895263671875,0.60400390625,-0.3353658616542816,2.3475608825683594,0.5182926654815674,86.66666412353516,134549.0,873408.2228095
-388874.03125,-297162.59375,-280693.125,-365630.28125,171951.34375,-374233.46875,-443258.875,-750000.0625,0.3720703125,0.894287109375,0.598388671875,-0.3658536672592163,2.3475608825683594,0.5792682766914368,86.66666412353516,134550.0,873408.22413
-388913.46875,-297204.96875,-280761.34375,-365649.59375,172386.9375,-374206.46875,-443295.25,-750000.0625,0.37353515625,0.89501953125,0.5966796875,-0.396341472864151,2.378048896789551,0.6402438879013062,86.66666412353516,134551.0,873408.255534083
-389012.4375,-297266.3125,-280822.75,-365651.375,172760.921875,-374189.75,-443306.25,-750000.0625,0.373046875,0.89306640625,0.6015625,-0.4268292784690857,2.3475608825683594,0.7317073345184326,86.66666412353516,134552.0,873408.256767333
-388990.8125,-297236.8125,-280768.40625,-365638.78125,172343.484375,-374224.0,-443277.03125,-750000.0625,0.374755859375,0.892822265625,0.600830078125,-0.4268292784690857,2.317073106765747,0.8536585569381714,86.66666412353516,134553.0,873408.256818916
-388894.0625,-297179.125,-280706.34375,-365639.59375,171956.34375,-374245.90625,-443266.90625,-750000.0625,0.3740234375,0.890869140625,0.6025390625,-0.3658536672592163,2.4695122241973877,0.792682945728302,86.66666412353516,134554.0,873408.256869166
-388908.28125,-297204.53125,-280757.75,-365658.09375,172286.4375,-374222.90625,-443300.0,-750000.0625,0.375244140625,0.89013671875,0.602783203125,-0.3353658616542816,2.408536672592163,0.6707317233085632,86.66666412353516,134555.0,873408.2627285
-389009.03125,-297271.21875,-280833.5,-365664.71875,172761.015625,-374199.3125,-443319.5,-750000.0625,0.375,0.891357421875,0.60205078125,-0.3048780560493469,2.4695122241973877,0.5182926654815674,86.66666412353516,134556.0,873408.26278625
-389014.84375,-297257.8125,-280797.46875,-365652.71875,172462.578125,-374227.46875,-443294.1875,-750000.0625,0.37548828125,0.8916015625,0.6015625,-0.3048780560493469,2.4390244483947754,0.4573170840740204,86.66666412353516,134557.0,873408.262828875
-388915.15625,-297193.1875,-280723.96875,-365649.9375,171983.796875,-374255.09375,-443276.40625,-750000.0625,0.37451171875,0.89111328125,0.603271484375,-0.24390244483947754,2.4695122241973877,0.3658536672592163,86.66666412353516,134558.0,873408.263856416
-388902.90625,-297201.21875,-280754.90625,-365666.21875,172189.4375,-374239.375,-443303.21875,-750000.0625,0.37548828125,0.89013671875,0.6044921875,-0.12195122241973877,2.5,0.27439025044441223,86.66666412353516,134559.0,873408.265500958
-389001.8125,-297271.5,-280838.125,-365676.0625,172727.21875,-374210.125,-443328.96875,-750000.0625,0.375732421875,0.891845703125,0.604248046875,-0.09146341681480408,2.5609755516052246,0.060975611209869385,86.66666412353516,134560.0,873408.322721541
-389038.71875,-297278.28125,-280824.53125,-365667.125,172568.96875,-374230.6875,-443308.9375,-750000.0625,0.376953125,0.89306640625,0.604248046875,-0.030487805604934692,2.621951103210449,-0.21341463923454285,86.66666412353516,134561.0,873408.32279075
-388943.34375,-297213.375,-280744.4375,-365659.96875,172036.734375,-374264.3125,-443285.78125,-750000.0625,0.376953125,0.894775390625,0.60302734375,0.15243902802467346,2.5609755516052246,-0.3658536672592163,86.66666412353516,134562.0,873408.322834916
-388906.59375,-297204.625,-280754.53125,-365675.15625,172106.90625,-374254.65625,-443307.25,-750000.0625,0.375,0.893310546875,0.600830078125,0.18292683362960815,2.5,-0.5182926654815674,86.66666412353516,134563.0,873408.322876125
-388993.40625,-297272.03125,-280841.1875,-365688.3125,172666.953125,-374223.09375,-443339.25,-750000.0625,0.37353515625,0.89453125,0.598876953125,0.21341463923454285,2.5304877758026123,-0.7012194991111755,86.66666412353516,134564.0,873408.32291675
-389051.15625,-297297.96875,-280850.125,-365680.71875,172658.640625,-374235.875,-443327.53125,-750000.0625,0.372802734375,0.8955078125,0.6005859375,0.24390244483947754,2.5304877758026123,-0.6402438879013062,86.66666412353516,134565.0,873408.322956791
-388968.28125,-297235.8125,-280769.84375,-365671.0625,172106.734375,-374273.15625,-443300.0,-750000.0625,0.3720703125,0.896240234375,0.601318359375,0.24390244483947754,2.5,-0.7012194991111755,86.66666412353516,134566.0,873408.322996166
-388907.375,-297208.1875,-280756.59375,-365682.21875,172057.109375,-374272.0,-443311.71875,-750000.0625,0.371337890625,0.895263671875,0.6015625,0.27439025044441223,2.5,-0.7012194991111755,86.66666412353516,134567.0,873408.3230355
-388980.875,-297269.875,-280842.0625,-365699.65625,172591.140625,-374239.1875,-443348.8125,-750000.0625,0.37060546875,0.89501953125,0.59814453125,0.15243902802467346,2.6524391174316406,-0.6097561120986938,86.66666412353516,134568.0,873408.323074541
-389058.03125,-297311.46875,-280872.375,-365695.28125,172738.21875,-374240.96875,-443345.59375,-750000.0625,0.36865234375,0.896728515625,0.59765625,0.15243902802467346,2.591463327407837,-0.4878048896789551,86.66666412353516,134569.0,873408.323113708
-388993.3125,-297257.90625,-280796.46875,-365682.9375,172198.109375,-374277.375,-443314.75,-750000.0625,0.368896484375,0.89794921875,0.5966796875,0.030487805604934692,2.621951103210449,-0.24390244483947754,86.66666412353516,134570.0,873408.3231535
-388915.34375,-297216.15625,-280763.125,-365690.8125,172014.46875,-374284.25,-443318.6875,-750000.0625,0.3671875,0.896484375,0.600341796875,-0.030487805604934692,2.5609755516052246,-0.030487805604934692,86.66666412353516,134571.0,873408.323193041
-388969.15625,-297266.75,-280839.375,-365709.78125,172498.78125,-374254.75,-443356.25,-750000.0625,0.367919921875,0.89697265625,0.6025390625,-0.18292683362960815,2.5,0.18292683362960815,86.66666412353516,134572.0,873408.3232325
-389062.0625,-297321.21875,-280889.375,-365709.125,172791.953125,-374245.71875,-443360.25,-750000.0625,0.369384765625,0.897216796875,0.60595703125,-0.18292683362960815,2.408536672592163,0.3353658616542816,86.66666412353516,134573.0,873408.323278083
-389021.5625,-297279.53125,-280824.1875,-365695.0,172310.765625,-374280.9375,-443328.4375,-750000.0625,0.3701171875,0.895263671875,0.602294921875,-0.24390244483947754,2.378048896789551,0.5487805008888245,86.66666412353516,134574.0,873408.324022583
-388928.21875,-297224.90625,-280771.625,-365697.96875,171988.453125,-374294.34375,-443323.25,-750000.0625,0.37060546875,0.893798828125,0.602294921875,-0.3048780560493469,2.378048896789551,0.792682945728302,86.66666412353516,134575.0,873408.326006666
-388959.875,-297262.28125,-280834.90625,-365718.09375,172396.59375,-374269.59375,-443359.71875,-750000.0625,0.370361328125,0.8935546875,0.60107421875,-0.4878048896789551,2.3475608825683594,0.8536585569381714,86.66666412353516,134576.0,873408.32606
-389060.375,-297327.46875,-280902.875,-365722.09375,172809.296875,-374253.3125,-443374.3125,-750000.0625,0.371826171875,0.89404296875,0.599365234375,-0.4573170840740204,2.378048896789551,0.9146341681480408,86.66666412353516,134577.0,873408.327424166
-389049.625,-297304.65625,-280855.84375,-365710.03125,172429.046875,-374287.90625,-443346.5,-750000.0625,0.373291015625,0.892333984375,0.599365234375,-0.396341472864151,2.378048896789551,0.9756097793579102,86.66666412353516,134578.0,873408.360575166
-388954.5,-297245.3125,-280789.6875,-365710.3125,172018.578125,-374312.15625,-443333.8125,-750000.0625,0.373291015625,0.893310546875,0.600341796875,-0.396341472864151,2.5304877758026123,0.9756097793579102,86.66666412353516,134579.0,873408.360645375
-388962.71875,-297267.375,-280835.28125,-365729.875,172301.640625,-374290.40625,-443366.34375,-750000.0625,0.3740234375,0.891845703125,0.60205078125,-0.396341472864151,2.4390244483947754,0.9756097793579102,86.66666412353516,134580.0,873408.360690791
-389063.0625,-297336.5,-280914.59375,-365737.3125,172799.1875,-374266.1875,-443388.25,-750000.0625,0.3759765625,0.892578125,0.60009765625,-0.396341472864151,2.4390244483947754,0.8536585569381714,86.66666412353516,134581.0,873408.360736708
-389077.4375,-297328.53125,-280885.625,-365725.40625,172542.0625,-374293.375,-443364.46875,-750000.0625,0.376708984375,0.893310546875,0.6005859375,-0.3353658616542816,2.378048896789551,0.7012194991111755,86.66666412353516,134582.0,873408.362568291
-388979.0,-297261.75,-280808.09375,-365719.6875,172046.03125,-374322.15625,-443343.375,-750000.0625,0.376708984375,0.89306640625,0.601318359375,-0.3658536672592163,2.4695122241973877,0.5792682766914368,86.66666412353516,134583.0,873408.36512025
-388957.90625,-297262.90625,-280831.6875,-365735.6875,172209.375,-374306.25,-443368.21875,-750000.0625,0.375732421875,0.89111328125,0.603271484375,-0.27439025044441223,2.408536672592163,0.3048780560493469,86.66666412353516,134584.0,873408.365185875
-389054.03125,-297333.8125,-280918.15625,-365747.84375,172760.75,-374276.90625,-443397.53125,-750000.0625,0.374755859375,0.890625,0.6025390625,-0.24390244483947754,2.4695122241973877,0.18292683362960815,86.66666412353516,134585.0,873408.366297
-389098.90625,-297348.03125,-280912.78125,-365739.90625,172652.109375,-374296.3125,-443380.90625,-750000.0625,0.375,0.892822265625,0.6015625,0.0,2.5,0.030487805604934692,86.66666412353516,134586.0,873408.368835416
-389006.375,-297283.125,-280831.6875,-365731.5,172111.375,-374330.84375,-443356.15625,-750000.0625,0.3740234375,0.8935546875,0.603515625,-0.030487805604934692,2.4695122241973877,-0.15243902802467346,86.66666412353516,134587.0,873408.368884875
-388961.125,-297267.125,-280833.9375,-365744.8125,172133.109375,-374322.53125,-443373.75,-750000.0625,0.372802734375,0.893798828125,0.600341796875,0.060975611209869385,2.5609755516052246,-0.3048780560493469,86.66666412353516,134588.0,873408.433842875
-389045.6875,-297335.5,-280921.03125,-365759.75,172696.375,-374291.75,-443408.09375,-750000.0625,0.373046875,0.893310546875,0.5986328125,0.12195122241973877,2.5304877758026123,-0.3353658616542816,86.66666412353516,134589.0,873408.433969125
-389113.28125,-297368.59375,-280938.90625,-365754.90625,172740.8125,-374302.40625,-443400.75,-750000.0625,0.373291015625,0.8935546875,0.599853515625,0.18292683362960815,2.5609755516052246,-0.396341472864151,86.66666412353516,134590.0,873408.434032083
-389038.1875,-297311.1875,-280860.3125,-365744.90625,172194.796875,-374341.75,-443372.59375,-750000.0625,0.3701171875,0.8955078125,0.600341796875,0.18292683362960815,2.4695122241973877,-0.5182926654815674,86.66666412353516,134591.0,873408.436713166
-388969.34375,-297275.4375,-280838.21875,-365753.3125,172094.484375,-374341.46875,-443380.375,-750000.0625,0.369140625,0.894775390625,0.601806640625,0.15243902802467346,2.4390244483947754,-0.5792682766914368,86.66666412353516,134592.0,873408.436762708
-389033.90625,-297331.125,-280919.9375,-365770.28125,172616.078125,-374307.21875,-443416.21875,-750000.0625,0.36962890625,0.89453125,0.603271484375,0.12195122241973877,2.408536672592163,-0.5487805008888245,86.66666412353516,134593.0,873408.436808375
-389115.09375,-297375.75,-280955.78125,-365765.28125,172812.6875,-374303.75,-443413.375,-750000.0625,0.3681640625,0.8955078125,0.60107421875,0.09146341681480408,2.5609755516052246,-0.4573170840740204,86.66666412353516,134594.0,873408.438258375
-389059.75,-297326.84375,-280883.5625,-365753.03125,172287.0625,-374341.65625,-443382.53125,-750000.0625,0.3681640625,0.8974609375,0.6015625,0.09146341681480408,2.408536672592163,-0.3353658616542816,86.66666412353516,134595.0,873408.442159458
-388977.84375,-297281.5,-280844.21875,-365759.9375,172056.671875,-374352.75,-443383.96875,-750000.0625,0.368408203125,0.89794921875,0.6015625,-0.060975611209869385,2.4390244483947754,-0.18292683362960815,86.66666412353516,134596.0,873408.442219958
-389022.8125,-297325.6875,-280915.21875,-365777.625,172517.921875,-374321.0,-443419.4375,-750000.0625,0.369140625,0.89697265625,0.6015625,-0.09146341681480408,2.4390244483947754,-0.09146341681480408,86.66666412353516,134597.0,873408.444373958
-389120.28125,-297384.25,-280971.625,-365778.15625,172851.3125,-374308.21875,-443425.71875,-750000.0625,0.370849609375,0.895263671875,0.6005859375,-0.15243902802467346,2.4390244483947754,0.12195122241973877,86.66666412353516,134598.0,873408.47432575
-389089.96875,-297350.09375,-280912.34375,-365765.90625,172399.265625,-374345.5,-443396.75,-750000.0625,0.369873046875,0.89453125,0.6005859375,-0.24390244483947754,2.4390244483947754,0.21341463923454285,86.66666412353516,134599.0,873408.474486041
-388995.8125,-297293.3125,-280855.5625,-365768.5,172037.265625,-374363.28125,-443389.9375,-750000.0625,0.37109375,0.896484375,0.6044921875,-0.24390244483947754,2.4390244483947754,0.4268292784690857,86.66666412353516,134600.0,873408.474521791
-389019.15625,-297324.875,-280913.3125,-365788.25,172408.84375,-374339.5,-443425.0,-750000.0625,0.370849609375,0.893798828125,0.60302734375,-0.3353658616542816,2.408536672592163,0.6707317233085632,86.66666412353516,134601.0,873408.474553
-389120.4375,-297392.375,-280984.84375,-365793.0,172855.34375,-374319.9375,-443442.25,-750000.0625,0.370849609375,0.89453125,0.603271484375,-0.3353658616542816,2.408536672592163,0.6707317233085632,86.66666412353516,134602.0,873408.474585291
-389117.59375,-297374.21875,-280942.75,-365780.21875,172513.09375,-374351.03125,-443414.71875,-750000.0625,0.37158203125,0.89306640625,0.603759765625,-0.27439025044441223,2.5304877758026123,0.7012194991111755,86.66666412353516,134603.0,873408.474615583
-389019.78125,-297311.1875,-280872.90625,-365778.78125,172075.984375,-374377.15625,-443399.6875,-750000.0625,0.373046875,0.89501953125,0.59912109375,-0.3048780560493469,2.4695122241973877,0.7317073345184326,86.66666412353516,134604.0,873408.474644208
-389016.71875,-297324.78125,-280911.09375,-365797.21875,172319.25,-374357.65625,-443429.375,-750000.0625,0.373291015625,0.89208984375,0.600830078125,-0.27439025044441223,2.4695122241973877,0.7012194991111755,86.66666412353516,134605.0,873408.474673041
-389117.3125,-297396.40625,-280993.875,-365806.6875,172839.25,-374331.71875,-443454.75,-750000.0625,0.374267578125,0.892578125,0.6044921875,-0.3658536672592163,2.4695122241973877,0.7317073345184326,86.66666412353516,134606.0,873408.474701333
-389144.0625,-297398.8125,-280973.3125,-365796.40625,172631.015625,-374356.9375,-443433.75,-750000.0625,0.374755859375,0.892333984375,0.60400390625,-0.3353658616542816,2.5,0.5792682766914368,86.66666412353516,134607.0,873408.474729708
-389049.0,-297333.53125,-280893.84375,-365790.21875,172120.328125,-374388.9375,-443410.96875,-750000.0625,0.37646484375,0.8935546875,0.60107421875,-0.24390244483947754,2.3475608825683594,0.5792682766914368,86.66666412353516,134608.0,873408.474758333
-389021.5625,-297330.15625,-280911.28125,-365806.5,172242.1875,-374377.0625,-443434.65625,-750000.0625,0.3740234375,0.892822265625,0.600830078125,-0.24390244483947754,2.317073106765747,0.4878048896789551,86.66666412353516,134609.0,873408.474786541
-389115.4375,-297400.59375,-280998.96875,-365819.90625,172796.0625,-374345.5,-443465.21875,-750000.0625,0.376708984375,0.893310546875,0.602294921875,-0.18292683362960815,2.317073106765747,0.3353658616542816,86.66666412353516,134610.0,873408.474814416
-389163.71875,-297417.21875,-280999.0625,-365810.78125,172735.984375,-374359.8125,-443450.21875,-750000.0625,0.37744140625,0.890869140625,0.603759765625,-0.15243902802467346,2.317073106765747,0.21341463923454285,86.66666412353516,134611.0,873408.474844333
-389075.375,-297352.78125,-280917.09375,-365800.59375,172173.78125,-374395.28125,-443423.46875,-750000.0625,0.3759765625,0.89208984375,0.6044921875,-0.030487805604934692,2.5,0.030487805604934692,86.66666412353516,134612.0,873408.476436916
-389023.34375,-297331.03125,-280912.0,-365813.75,172160.828125,-374390.75,-443438.40625,-750000.0625,0.3759765625,0.8935546875,0.6025390625,-0.09146341681480408,2.7134146690368652,0.030487805604934692,86.66666412353516,134613.0,873408.477624083
-389101.21875,-297394.53125,-280997.5625,-365829.125,172719.890625,-374358.71875,-443473.28125,-750000.0625,0.375244140625,0.893310546875,0.60302734375,-0.030487805604934692,2.7134146690368652,0.0,86.66666412353516,134614.0,873408.480510791
-389172.03125,-297429.9375,-281020.53125,-365822.59375,172816.359375,-374363.28125,-443466.03125,-750000.0625,0.375732421875,0.892578125,0.60205078125,0.060975611209869385,2.6524391174316406,-0.24390244483947754,86.66666412353516,134615.0,873408.480637
-389103.0,-297374.65625,-280943.28125,-365811.96875,172272.859375,-374401.1875,-443436.15625,-750000.0625,0.3740234375,0.89453125,0.599365234375,0.030487805604934692,2.591463327407837,-0.21341463923454285,86.66666412353516,134616.0,873408.482241583
-389031.65625,-297338.1875,-280916.1875,-365819.90625,172130.421875,-374405.75,-443442.25,-750000.0625,0.37353515625,0.893798828125,0.60009765625,0.060975611209869385,2.5304877758026123,-0.24390244483947754,86.66666412353516,134617.0,873408.513204333
-389094.4375,-297395.5,-280996.75,-365838.875,172632.453125,-374374.90625,-443480.25,-750000.0625,0.372314453125,0.8935546875,0.60107421875,0.0,2.4390244483947754,-0.27439025044441223,86.66666412353516,134618.0,873408.513251958
-389182.5,-297447.0,-281042.34375,-365838.5,172875.09375,-374370.875,-443484.0,-750000.0625,0.371826171875,0.895751953125,0.59814453125,-0.030487805604934692,2.3475608825683594,-0.21341463923454285,86.66666412353516,134619.0,873408.516622708
-389133.0625,-297400.34375,-280972.6875,-365824.84375,172370.484375,-374407.71875,-443452.0,-750000.0625,0.372314453125,0.89404296875,0.599609375,0.0,2.378048896789551,-0.27439025044441223,86.66666412353516,134620.0,873408.516657125
-389044.375,-297348.5625,-280925.5,-365828.9375,172098.234375,-374420.34375,-443449.21875,-750000.0625,0.373046875,0.895751953125,0.599365234375,0.030487805604934692,2.4390244483947754,-0.09146341681480408,86.66666412353516,134621.0,873408.516683291
-389081.90625,-297387.625,-280991.5625,-365847.375,172532.578125,-374390.03125,-443483.8125,-750000.0625,0.3720703125,0.895263671875,0.599853515625,0.030487805604934692,2.408536672592163,-0.060975611209869385,86.66666412353516,134622.0,873408.518164625
-389180.875,-297448.875,-281053.15625,-365849.34375,172906.203125,-374373.9375,-443493.46875,-750000.0625,0.371826171875,0.89599609375,0.60107421875,0.0,2.4390244483947754,-0.060975611209869385,86.66666412353516,134623.0,873408.518297125
-389157.46875,-297419.375,-280999.34375,-365836.0,172482.25,-374409.5,-443465.59375,-750000.0625,0.371826171875,0.8955078125,0.6005859375,-0.060975611209869385,2.5304877758026123,-0.030487805604934692,86.66666412353516,134624.0,873408.519860333
-389060.46875,-297360.09375,-280937.28125,-365836.53125,172087.421875,-374429.71875,-443455.5625,-750000.0625,0.371337890625,0.89599609375,0.603271484375,-0.060975611209869385,2.5,-0.030487805604934692,86.66666412353516,134625.0,873408.521437458
-389074.5,-297385.84375,-280988.59375,-365856.21875,172423.859375,-374407.09375,-443489.375,-750000.0625,0.371826171875,0.896484375,0.604736328125,-0.12195122241973877,2.5,0.030487805604934692,86.66666412353516,134626.0,873408.523164291
-389175.6875,-297454.59375,-281063.875,-365861.9375,172900.046875,-374384.3125,-443508.6875,-750000.0625,0.37158203125,0.89697265625,0.599365234375,-0.15243902802467346,2.5,0.15243902802467346,86.66666412353516,134627.0,873408.553053333
-389185.09375,-297445.75,-281031.0,-365852.09375,172600.703125,-374416.125,-443485.4375,-750000.0625,0.37158203125,0.895751953125,0.600341796875,-0.09146341681480408,2.5304877758026123,0.15243902802467346,86.66666412353516,134628.0,873408.553135458
-389087.28125,-297381.5625,-280957.21875,-365848.34375,172125.953125,-374443.21875,-443467.28125,-750000.0625,0.370849609375,0.894775390625,0.599853515625,-0.15243902802467346,2.4390244483947754,0.24390244483947754,86.66666412353516,134629.0,873408.553255458
-389075.21875,-297388.8125,-280987.8125,-365865.78125,172331.234375,-374425.0625,-443494.71875,-750000.0625,0.373046875,0.8935546875,0.600830078125,-0.27439025044441223,2.378048896789551,0.3048780560493469,86.66666412353516,134630.0,873408.555143125
-389171.5,-297458.53125,-281072.125,-365875.96875,172871.609375,-374397.25,-443521.8125,-750000.0625,0.371337890625,0.8916015625,0.60302734375,-0.3048780560493469,2.4390244483947754,0.24390244483947754,86.66666412353516,134631.0,873408.557047625
-389204.125,-297464.15625,-281058.0,-365865.15625,172711.84375,-374418.625,-443502.0625,-750000.0625,0.3701171875,0.89208984375,0.6015625,-0.3048780560493469,2.5,0.3658536672592163,86.66666412353516,134632.0,873408.558191125
-389111.40625,-297398.53125,-280978.15625,-365858.4375,172181.296875,-374451.71875,-443478.0,-750000.0625,0.370849609375,0.89453125,0.601318359375,-0.18292683362960815,2.5,0.396341472864151,86.66666412353516,134633.0,873408.560601625
-389073.78125,-297387.0,-280986.09375,-365872.03125,172250.046875,-374439.65625,-443497.15625,-750000.0625,0.370849609375,0.894775390625,0.597900390625,-0.18292683362960815,2.5,0.4268292784690857,86.66666412353516,134634.0,873408.562998625
-389163.09375,-297454.96875,-281072.65625,-365885.28125,172816.796875,-374407.90625,-443527.90625,-750000.0625,0.3720703125,0.893310546875,0.599853515625,-0.27439025044441223,2.5609755516052246,0.3353658616542816,86.66666412353516,134635.0,873408.563063875
-389221.125,-297480.8125,-281082.65625,-365878.5625,172809.734375,-374421.40625,-443517.71875,-750000.0625,0.370849609375,0.894775390625,0.6005859375,-0.27439025044441223,2.5,0.27439025044441223,86.66666412353516,134636.0,873408.593027791
-389140.375,-297420.09375,-281001.3125,-365868.5625,172257.109375,-374459.125,-443489.09375,-750000.0625,0.373291015625,0.894287109375,0.60009765625,-0.18292683362960815,2.4390244483947754,0.24390244483947754,86.66666412353516,134637.0,873408.593119375
-389084.5,-297395.5,-280989.3125,-365880.625,172207.5,-374458.5,-443501.625,-750000.0625,0.37158203125,0.8935546875,0.5986328125,-0.15243902802467346,2.4390244483947754,0.15243902802467346,86.66666412353516,134638.0,873408.593182541
-389158.53125,-297457.09375,-281074.34375,-365897.4375,172743.484375,-374425.34375,-443537.75,-750000.0625,0.369384765625,0.894775390625,0.60009765625,-0.12195122241973877,2.5609755516052246,0.3048780560493469,86.66666412353516,134639.0,873408.593236416
-389237.65625,-297499.84375,-281106.28125,-365894.03125,172891.09375,-374428.28125,-443535.15625,-750000.0625,0.3720703125,0.892333984375,0.6015625,-0.09146341681480408,2.4390244483947754,0.18292683362960815,86.66666412353516,134640.0,873408.593291625
-389172.84375,-297443.96875,-281029.03125,-365880.4375,172346.515625,-374464.5,-443502.59375,-750000.0625,0.373291015625,0.89111328125,0.600341796875,-0.15243902802467346,2.408536672592163,0.15243902802467346,86.66666412353516,134641.0,873408.593346041
-389094.25,-297400.6875,-280994.5,-365886.96875,172152.328125,-374469.78125,-443505.0,-750000.0625,0.372314453125,0.89208984375,0.6005859375,-0.12195122241973877,2.3475608825683594,0.21341463923454285,86.66666412353516,134642.0,873408.594412583
-389147.96875,-297450.5,-281070.15625,-365904.75,172647.46875,-374439.71875,-443541.40625,-750000.0625,0.372314453125,0.891845703125,0.6025390625,-0.15243902802467346,2.378048896789551,0.15243902802467346,86.66666412353516,134643.0,873408.596118583
-389240.96875,-297505.90625,-281121.1875,-365904.6875,172937.59375,-374431.78125,-443547.21875,-750000.0625,0.372802734375,0.89306640625,0.6015625,-0.15243902802467346,2.4390244483947754,0.09146341681480408,86.66666412353516,134644.0,873408.597463041
-389203.25,-297466.75,-281057.71875,-365892.5,172460.15625,-374469.6875,-443517.4375,-750000.0625,0.371826171875,0.89453125,0.601806640625,-0.18292683362960815,2.5,0.21341463923454285,86.66666412353516,134645.0,873408.600027166
-389112.65625,-297412.84375,-281005.59375,-365896.28125,172144.28125,-374484.96875,-443512.34375,-750000.0625,0.373779296875,0.89501953125,0.602783203125,-0.21341463923454285,2.4695122241973877,0.12195122241973877,86.66666412353516,134646.0,873408.633314125
-389143.4375,-297447.34375,-281066.125,-365914.34375,172544.921875,-374455.5625,-443545.25,-750000.0625,0.373779296875,0.8935546875,0.601806640625,-0.24390244483947754,2.4390244483947754,0.12195122241973877,86.66666412353516,134647.0,873408.633468583
-389245.09375,-297514.40625,-281133.8125,-365917.71875,172957.0,-374437.9375,-443559.71875,-750000.0625,0.37353515625,0.89453125,0.60400390625,-0.18292683362960815,2.5,0.12195122241973877,86.66666412353516,134648.0,873408.63357425
-389231.59375,-297491.15625,-281086.25,-365905.3125,172575.3125,-374472.53125,-443532.8125,-750000.0625,0.372314453125,0.894775390625,0.6044921875,-0.15243902802467346,2.4695122241973877,0.09146341681480408,86.66666412353516,134649.0,873408.633676208
-389131.25,-297426.71875,-281018.125,-365903.59375,172156.265625,-374494.1875,-443518.875,-750000.0625,0.373291015625,0.894287109375,0.60400390625,-0.15243902802467346,2.408536672592163,-0.09146341681480408,86.66666412353516,134650.0,873408.635315166
-389135.75,-297445.3125,-281062.8125,-365922.375,172443.53125,-374472.71875,-443550.625,-750000.0625,0.373779296875,0.895751953125,0.600830078125,-0.09146341681480408,2.5,0.030487805604934692,86.66666412353516,134651.0,873408.63769125
-389234.8125,-297515.03125,-281141.9375,-365929.71875,172945.453125,-374448.40625,-443572.5,-750000.0625,0.37255859375,0.894287109375,0.60107421875,-0.060975611209869385,2.5,0.030487805604934692,86.66666412353516,134652.0,873408.637754625
-389252.15625,-297510.5625,-281115.375,-365919.78125,172689.21875,-374477.28125,-443550.4375,-750000.0625,0.3701171875,0.894287109375,0.6044921875,-0.060975611209869385,2.5609755516052246,0.0,86.66666412353516,134653.0,873408.639441416
-389156.125,-297445.75,-281039.46875,-365915.75,172199.1875,-374508.84375,-443530.9375,-750000.0625,0.37255859375,0.893310546875,0.603759765625,0.09146341681480408,2.4390244483947754,-0.12195122241973877,86.66666412353516,134654.0,873408.639578541
-389134.21875,-297446.65625,-281062.375,-365931.59375,172361.8125,-374492.65625,-443555.71875,-750000.0625,0.373291015625,0.892578125,0.602294921875,0.060975611209869385,2.5,-0.060975611209869385,86.66666412353516,134655.0,873408.641549
-389227.375,-297516.28125,-281147.5625,-365942.84375,172908.171875,-374461.1875,-443584.5,-750000.0625,0.3720703125,0.89404296875,0.602294921875,0.060975611209869385,2.4695122241973877,-0.030487805604934692,86.66666412353516,134656.0,873408.672273208
-389271.90625,-297531.75,-281143.28125,-365935.34375,172797.40625,-374481.75,-443568.9375,-750000.0625,0.3720703125,0.89404296875,0.60302734375,0.09146341681480408,2.4695122241973877,-0.09146341681480408,86.66666412353516,134657.0,873408.672353
-389183.75,-297468.09375,-281061.90625,-365927.03125,172249.515625,-374516.1875,-443543.0,-750000.0625,0.37109375,0.89404296875,0.60205078125,0.15243902802467346,2.6524391174316406,-0.09146341681480408,86.66666412353516,134658.0,873408.672403
-389140.21875,-297452.71875,-281064.15625,-365941.15625,172282.78125,-374508.75,-443560.8125,-750000.0625,0.371337890625,0.89501953125,0.6005859375,0.09146341681480408,2.4390244483947754,-0.030487805604934692,86.66666412353516,134659.0,873408.672450916
-389223.25,-297518.25,-281150.875,-365956.4375,172841.5625,-374476.03125,-443594.59375,-750000.0625,0.37060546875,0.893798828125,0.601318359375,0.030487805604934692,2.5304877758026123,-0.030487805604934692,86.66666412353516,134660.0,873408.67363625
-389282.09375,-297545.53125,-281165.0,-365947.3125,172886.359375,-374483.4375,-443584.21875,-750000.0625,0.36962890625,0.89453125,0.599609375,-0.09146341681480408,2.5609755516052246,-0.030487805604934692,86.66666412353516,134661.0,873408.6750505
-389206.625,-297486.0625,-281085.34375,-365936.15625,172333.65625,-374521.53125,-443554.46875,-750000.0625,0.37158203125,0.895263671875,0.60009765625,-0.18292683362960815,2.5304877758026123,0.0,86.66666412353516,134662.0,873408.676998041
-389142.1875,-297455.3125,-281066.84375,-365947.84375,172239.953125,-374524.65625,-443565.375,-750000.0625,0.37060546875,0.893310546875,0.599365234375,-0.15243902802467346,2.5,0.15243902802467346,86.66666412353516,134663.0,873408.715853958
-389206.8125,-297511.90625,-281147.9375,-365965.375,172758.421875,-374490.59375,-443601.75,-750000.0625,0.372314453125,0.896240234375,0.601318359375,-0.21341463923454285,2.378048896789551,0.24390244483947754,86.66666412353516,134664.0,873408.715992208
-389289.25,-297558.3125,-281185.5625,-365961.4375,172954.578125,-374488.46875,-443600.84375,-750000.0625,0.3720703125,0.895263671875,0.6005859375,-0.3048780560493469,2.2560975551605225,0.396341472864151,86.66666412353516,134665.0,873408.716101458
-389235.875,-297510.65625,-281114.40625,-365949.46875,172430.125,-374526.90625,-443570.46875,-750000.0625,0.3720703125,0.89599609375,0.601806640625,-0.27439025044441223,2.378048896789551,0.3658536672592163,86.66666412353516,134666.0,873408.717887166
-389154.34375,-297465.15625,-281073.71875,-365955.8125,172198.640625,-374536.90625,-443570.5625,-750000.0625,0.371826171875,0.89404296875,0.6015625,-0.3353658616542816,2.4390244483947754,0.4878048896789551,86.66666412353516,134667.0,873408.717951791
-389198.15625,-297510.125,-281144.1875,-365974.0625,172660.875,-374506.0625,-443606.5,-750000.0625,0.37158203125,0.893798828125,0.60009765625,-0.3048780560493469,2.4695122241973877,0.5792682766914368,86.66666412353516,134668.0,873408.722030041
-389291.75,-297568.6875,-281200.9375,-365974.6875,172994.8125,-374494.0,-443615.15625,-750000.0625,0.3740234375,0.89404296875,0.601318359375,-0.3658536672592163,2.5304877758026123,0.5487805008888245,86.66666412353516,134669.0,873408.722106791
-389261.875,-297533.09375,-281141.5,-365961.1875,172541.78125,-374530.03125,-443584.84375,-750000.0625,0.375244140625,0.8935546875,0.601318359375,-0.3353658616542816,2.4695122241973877,0.6097561120986938,86.66666412353516,134670.0,873408.722156416
-389167.28125,-297474.375,-281082.21875,-365961.625,172181.390625,-374545.5,-443575.46875,-750000.0625,0.37548828125,0.89501953125,0.60205078125,-0.3048780560493469,2.378048896789551,0.6097561120986938,86.66666412353516,134671.0,873408.722209208
-389191.15625,-297505.03125,-281139.875,-365981.75,172557.34375,-374520.09375,-443608.90625,-750000.0625,0.374267578125,0.89404296875,0.602294921875,-0.396341472864151,2.4390244483947754,0.5182926654815674,86.66666412353516,134672.0,873408.723671291
-389289.875,-297572.4375,-281212.125,-365986.5625,173003.3125,-374500.96875,-443627.21875,-750000.0625,0.374755859375,0.893798828125,0.6015625,-0.27439025044441223,2.408536672592163,0.4573170840740204,86.66666412353516,134673.0,873408.723726916
-389287.5625,-297555.4375,-281170.8125,-365974.6875,172659.71875,-374533.6875,-443601.46875,-750000.0625,0.374755859375,0.892822265625,0.6015625,-0.21341463923454285,2.5609755516052246,0.396341472864151,86.66666412353516,134674.0,873408.723786041
-389190.375,-297492.0625,-281100.71875,-365972.875,172207.765625,-374558.90625,-443586.1875,-750000.0625,0.375732421875,0.891845703125,0.60009765625,-0.21341463923454285,2.5,0.24390244483947754,86.66666412353516,134675.0,873408.723837041
-389187.84375,-297506.375,-281140.40625,-365992.5625,172460.703125,-374541.3125,-443617.21875,-750000.0625,0.37451171875,0.89306640625,0.600830078125,-0.15243902802467346,2.4390244483947754,0.060975611209869385,86.66666412353516,134676.0,873408.723887291
-389285.21875,-297576.90625,-281222.0625,-366001.5,172980.78125,-374514.5625,-443641.8125,-750000.0625,0.37548828125,0.890380859375,0.60009765625,-0.09146341681480408,2.4695122241973877,-0.060975611209869385,86.66666412353516,134677.0,873408.725579166
-389311.0625,-297578.34375,-281201.21875,-365990.6875,172772.09375,-374539.15625,-443620.15625,-750000.0625,0.372802734375,0.892578125,0.6015625,0.060975611209869385,2.6524391174316406,-0.21341463923454285,86.66666412353516,134678.0,873408.75492175
-389218.0,-297513.96875,-281122.71875,-365985.21875,172255.78125,-374570.0,-443598.09375,-750000.0625,0.37353515625,0.89404296875,0.599853515625,0.15243902802467346,2.6524391174316406,-0.24390244483947754,86.66666412353516,134679.0,873408.756417708
-389188.75,-297509.125,-281138.625,-366000.25,172370.75,-374555.6875,-443620.15625,-750000.0625,0.37451171875,0.895263671875,0.598876953125,0.060975611209869385,2.5304877758026123,-0.27439025044441223,86.66666412353516,134680.0,873408.75648725
-389276.0,-297576.28125,-281223.3125,-366010.875,172931.421875,-374524.03125,-443649.6875,-750000.0625,0.37353515625,0.89501953125,0.601806640625,0.060975611209869385,2.5,-0.27439025044441223,86.66666412353516,134681.0,873408.760363458
-389325.28125,-297594.34375,-281224.90625,-366002.84375,172874.109375,-374540.65625,-443635.8125,-750000.0625,0.37158203125,0.89501953125,0.601806640625,0.060975611209869385,2.4695122241973877,-0.3658536672592163,86.66666412353516,134682.0,873408.760422416
-389241.9375,-297532.125,-281144.8125,-365994.625,172316.84375,-374576.53125,-443609.25,-750000.0625,0.36962890625,0.89501953125,0.600830078125,0.0,2.408536672592163,-0.27439025044441223,86.66666412353516,134683.0,873408.762581291
-389191.34375,-297509.84375,-281139.09375,-366007.21875,172293.421875,-374569.5625,-443623.03125,-750000.0625,0.3701171875,0.8955078125,0.600830078125,-0.060975611209869385,2.408536672592163,-0.396341472864151,86.66666412353516,134684.0,873408.762654791
-389267.4375,-297572.8125,-281223.5625,-366021.78125,172854.890625,-374537.8125,-443657.71875,-750000.0625,0.37158203125,0.89501953125,0.6025390625,-0.060975611209869385,2.408536672592163,-0.3353658616542816,86.66666412353516,134685.0,873408.764923375
-389336.90625,-297608.90625,-281247.34375,-366015.8125,172952.703125,-374544.0625,-443651.90625,-750000.0625,0.37109375,0.89404296875,0.603271484375,-0.030487805604934692,2.5304877758026123,-0.18292683362960815,86.66666412353516,134686.0,873408.764996208
-389269.84375,-297553.9375,-281170.375,-366004.8125,172406.34375,-374582.59375,-443622.03125,-750000.0625,0.371337890625,0.8955078125,0.601318359375,-0.09146341681480408,2.408536672592163,0.09146341681480408,86.66666412353516,134687.0,873408.8015075
-389200.09375,-297518.53125,-281144.1875,-366014.5625,172256.484375,-374586.8125,-443629.09375,-750000.0625,0.37109375,0.897216796875,0.597412109375,-0.15243902802467346,2.4390244483947754,0.12195122241973877,86.66666412353516,134688.0,873408.801654208
-389259.46875,-297573.4375,-281223.125,-366032.71875,172766.734375,-374555.25,-443666.5625,-750000.0625,0.370849609375,0.89599609375,0.598876953125,-0.15243902802467346,2.5,0.18292683362960815,86.66666412353516,134689.0,873408.80242375
-389347.71875,-297625.09375,-281267.5625,-366030.65625,173012.609375,-374550.59375,-443668.8125,-750000.0625,0.37109375,0.894775390625,0.602294921875,-0.24390244483947754,2.408536672592163,0.3658536672592163,86.66666412353516,134690.0,873408.802711166
-389301.21875,-297579.6875,-281198.96875,-366017.6875,172516.03125,-374588.15625,-443637.0625,-750000.0625,0.37109375,0.894775390625,0.60009765625,-0.21341463923454285,2.4695122241973877,0.5182926654815674,86.66666412353516,134691.0,873408.803062708
-389215.21875,-297528.90625,-281152.9375,-366023.3125,172259.984375,-374603.34375,-443635.375,-750000.0625,0.3701171875,0.89453125,0.5986328125,-0.3353658616542816,2.3475608825683594,0.6097561120986938,86.66666412353516,134692.0,873408.803144333
-389251.4375,-297569.03125,-281219.71875,-366042.375,172679.203125,-374573.125,-443671.40625,-750000.0625,0.3720703125,0.892578125,0.60009765625,-0.3353658616542816,2.3475608825683594,0.6402438879013062,86.66666412353516,134693.0,873408.803205
-389346.65625,-297629.46875,-281280.78125,-366043.0625,173051.046875,-374556.75,-443681.59375,-750000.0625,0.371337890625,0.89404296875,0.603759765625,-0.3048780560493469,2.408536672592163,0.6097561120986938,86.66666412353516,134694.0,873408.804387375
-389328.0625,-297601.125,-281227.875,-366030.90625,172630.21875,-374592.71875,-443653.4375,-750000.0625,0.373046875,0.89111328125,0.599609375,-0.3048780560493469,2.378048896789551,0.6707317233085632,86.66666412353516,134695.0,873408.806262375
-389234.34375,-297541.6875,-281166.09375,-366032.0,172235.921875,-374611.40625,-443642.4375,-750000.0625,0.37353515625,0.891357421875,0.600341796875,-0.4268292784690857,2.378048896789551,0.6402438879013062,86.66666412353516,134696.0,873408.806324125
-389250.4375,-297567.96875,-281218.46875,-366052.8125,172571.65625,-374589.5625,-443676.21875,-750000.0625,0.375,0.8935546875,0.60107421875,-0.3353658616542816,2.317073106765747,0.4878048896789551,86.66666412353516,134697.0,873408.80745825
-389348.0,-297636.8125,-281293.84375,-366057.90625,173046.671875,-374567.75,-443696.875,-750000.0625,0.374755859375,0.89404296875,0.601806640625,-0.18292683362960815,2.3475608825683594,0.4878048896789551,86.66666412353516,134698.0,873408.838516916
-389356.65625,-297627.34375,-281259.40625,-366045.84375,172746.625,-374598.0625,-443671.5625,-750000.0625,0.376220703125,0.89208984375,0.60107421875,-0.21341463923454285,2.4390244483947754,0.4268292784690857,86.66666412353516,134699.0,873408.83948775
-389259.84375,-297562.59375,-281184.84375,-366042.1875,172271.875,-374624.96875,-443653.15625,-750000.0625,0.374755859375,0.891845703125,0.605224609375,-0.15243902802467346,2.408536672592163,0.27439025044441223,86.66666412353516,134700.0,873408.839549083
-389246.34375,-297568.9375,-281214.90625,-366059.09375,172476.875,-374605.84375,-443679.71875,-750000.0625,0.375,0.890625,0.604248046875,-0.060975611209869385,2.4390244483947754,0.12195122241973877,86.66666412353516,134701.0,873408.839601291
-389339.9375,-297637.15625,-281297.96875,-366068.03125,173018.234375,-374576.625,-443705.71875,-750000.0625,0.375,0.891357421875,0.603271484375,-0.09146341681480408,2.5,-0.09146341681480408,86.66666412353516,134702.0,873408.842999
-389373.375,-297643.53125,-281284.46875,-366057.8125,172859.09375,-374598.875,-443686.96875,-750000.0625,0.3759765625,0.892578125,0.6025390625,0.0,2.5304877758026123,-0.12195122241973877,86.66666412353516,134703.0,873408.843060708
-389281.125,-297578.0625,-281204.25,-366050.9375,172336.15625,-374632.3125,-443662.625,-750000.0625,0.373779296875,0.891845703125,0.604736328125,0.030487805604934692,2.4695122241973877,-0.24390244483947754,86.66666412353516,134704.0,873408.844452833
-389245.875,-297568.875,-281214.625,-366067.125,172407.3125,-374623.375,-443683.65625,-750000.0625,0.373291015625,0.8935546875,0.600341796875,0.0,2.621951103210449,-0.3658536672592163,86.66666412353516,134705.0,873408.844525625
-389332.25,-297637.25,-281302.34375,-366081.25,172964.953125,-374592.0,-443716.90625,-750000.0625,0.373046875,0.8935546875,0.60107421875,0.060975611209869385,2.4695122241973877,-0.3048780560493469,86.66666412353516,134706.0,873408.848131083
-389389.65625,-297662.03125,-281311.375,-366073.46875,172959.5,-374604.15625,-443705.0,-750000.0625,0.372314453125,0.894775390625,0.603515625,0.09146341681480408,2.408536672592163,-0.3353658616542816,86.66666412353516,134707.0,873408.848197916
-389309.90625,-297599.875,-281229.90625,-366062.375,172396.6875,-374639.46875,-443675.4375,-750000.0625,0.37158203125,0.895751953125,0.599365234375,0.0,2.317073106765747,-0.15243902802467346,86.66666412353516,134708.0,873408.879405458
-389254.5625,-297573.96875,-281217.40625,-366073.90625,172332.3125,-374636.34375,-443686.34375,-750000.0625,0.37255859375,0.896484375,0.599853515625,-0.030487805604934692,2.378048896789551,-0.18292683362960815,86.66666412353516,134709.0,873408.879486875
-389326.625,-297636.90625,-281301.96875,-366091.09375,172881.0,-374605.84375,-443723.96875,-750000.0625,0.371826171875,0.89599609375,0.60107421875,-0.030487805604934692,2.408536672592163,-0.030487805604934692,86.66666412353516,134710.0,873408.88476575
-389404.125,-297679.375,-281333.71875,-366087.34375,173029.40625,-374609.25,-443721.8125,-750000.0625,0.37158203125,0.894775390625,0.60107421875,-0.12195122241973877,2.5304877758026123,0.030487805604934692,86.66666412353516,134711.0,873408.884832875
-389342.71875,-297626.25,-281258.53125,-366075.625,172497.0,-374648.0625,-443690.96875,-750000.0625,0.370361328125,0.896728515625,0.601806640625,-0.09146341681480408,2.5,0.09146341681480408,86.66666412353516,134712.0,873408.884882375
-389267.34375,-297585.5,-281227.0625,-366085.71875,172309.328125,-374658.25,-443696.78125,-750000.0625,0.3701171875,0.895263671875,0.59912109375,-0.12195122241973877,2.5609755516052246,0.18292683362960815,86.66666412353516,134713.0,873408.886378375
-389317.78125,-297633.6875,-281301.875,-366103.4375,172788.640625,-374625.25,-443732.65625,-750000.0625,0.36962890625,0.895263671875,0.59912109375,-0.24390244483947754,2.5,0.21341463923454285,86.66666412353516,134714.0,873408.886463541
-389406.8125,-297686.96875,-281350.78125,-366101.28125,173081.0,-374614.96875,-443736.125,-750000.0625,0.37109375,0.894775390625,0.601806640625,-0.21341463923454285,2.5,0.3658536672592163,86.66666412353516,134715.0,873408.88828825
-389370.0625,-297648.0625,-281287.3125,-366088.6875,172602.140625,-374652.4375,-443706.09375,-750000.0625,0.369140625,0.89501953125,0.60302734375,-0.27439025044441223,2.5,0.4268292784690857,86.66666412353516,134716.0,873408.88985225
-389279.6875,-297593.90625,-281235.09375,-366091.34375,172285.8125,-374668.0625,-443700.46875,-750000.0625,0.371337890625,0.894775390625,0.602294921875,-0.27439025044441223,2.4695122241973877,0.4268292784690857,86.66666412353516,134717.0,873408.921374166
-389308.8125,-297629.5625,-281296.78125,-366110.84375,172688.140625,-374640.625,-443735.5,-750000.0625,0.37109375,0.894775390625,0.6015625,-0.3048780560493469,2.317073106765747,0.396341472864151,86.66666412353516,134718.0,873408.921546083
-389408.59375,-297695.28125,-281364.5625,-366115.0625,173099.515625,-374623.1875,-443750.4375,-750000.0625,0.373046875,0.89453125,0.603515625,-0.3048780560493469,2.317073106765747,0.3658536672592163,86.66666412353516,134719.0,873408.921604583
-389399.75,-297674.1875,-281318.15625,-366103.59375,172719.0,-374658.40625,-443724.25,-750000.0625,0.372802734375,0.893798828125,0.6044921875,-0.3658536672592163,2.408536672592163,0.4268292784690857,86.66666412353516,134720.0,873408.9216575
-389306.6875,-297613.9375,-281252.1875,-366103.4375,172308.53125,-374683.09375,-443710.65625,-750000.0625,0.373291015625,0.892578125,0.6025390625,-0.18292683362960815,2.317073106765747,0.27439025044441223,86.66666412353516,134721.0,873408.921730625
-389308.90625,-297630.5625,-281295.0,-366120.59375,172595.796875,-374658.5,-443740.0625,-750000.0625,0.373779296875,0.890869140625,0.602783203125,-0.21341463923454285,2.378048896789551,0.3353658616542816,86.66666412353516,134722.0,873408.921782208
-389403.34375,-297697.25,-281372.4375,-366126.40625,173093.609375,-374631.6875,-443761.4375,-750000.0625,0.3740234375,0.891845703125,0.601806640625,-0.18292683362960815,2.5,0.3048780560493469,86.66666412353516,134723.0,873408.922667625
-389421.21875,-297693.6875,-281346.3125,-366116.75,172837.1875,-374660.9375,-443740.0625,-750000.0625,0.3740234375,0.89111328125,0.6044921875,-0.15243902802467346,2.4695122241973877,0.21341463923454285,86.66666412353516,134724.0,873408.924825916
-389324.28125,-297627.4375,-281269.15625,-366112.0,172336.59375,-374689.8125,-443719.59375,-750000.0625,0.37353515625,0.894287109375,0.603271484375,-0.060975611209869385,2.4695122241973877,0.12195122241973877,86.66666412353516,134725.0,873408.924887458
-389303.0,-297628.84375,-281292.78125,-366128.46875,172504.5,-374675.0625,-443744.90625,-750000.0625,0.372314453125,0.89501953125,0.603271484375,-0.09146341681480408,2.5304877758026123,0.030487805604934692,86.66666412353516,134726.0,873408.92595075
-389395.375,-297698.25,-281377.625,-366138.375,173054.984375,-374643.5,-443772.875,-750000.0625,0.37255859375,0.895751953125,0.600830078125,-0.030487805604934692,2.591463327407837,0.0,86.66666412353516,134727.0,873408.927793458
-389438.65625,-297712.1875,-281372.15625,-366129.71875,172945.90625,-374662.8125,-443756.4375,-750000.0625,0.372802734375,0.894775390625,0.59716796875,-0.030487805604934692,2.5,-0.09146341681480408,86.66666412353516,134728.0,873408.958727958
-389350.84375,-297648.53125,-281292.15625,-366122.65625,172387.5625,-374696.96875,-443731.9375,-750000.0625,0.373046875,0.895751953125,0.601318359375,-0.060975611209869385,2.4390244483947754,-0.12195122241973877,86.66666412353516,134729.0,873408.958815583
-389307.40625,-297634.21875,-281293.9375,-366136.59375,172418.578125,-374690.15625,-443749.90625,-750000.0625,0.374267578125,0.894287109375,0.6015625,-0.030487805604934692,2.4695122241973877,-0.060975611209869385,86.66666412353516,134730.0,873408.958879
-389390.625,-297701.46875,-281381.09375,-366151.625,172983.546875,-374659.21875,-443784.21875,-750000.0625,0.37255859375,0.89453125,0.604736328125,-0.15243902802467346,2.4695122241973877,-0.030487805604934692,86.66666412353516,134731.0,873408.963918208
-389456.15625,-297732.3125,-281398.1875,-366145.625,173033.265625,-374668.25,-443775.1875,-750000.0625,0.372802734375,0.89404296875,0.604736328125,-0.15243902802467346,2.5304877758026123,-0.060975611209869385,86.66666412353516,134732.0,873408.963986416
-389381.78125,-297672.03125,-281317.53125,-366134.28125,172488.5,-374705.625,-443744.4375,-750000.0625,0.372802734375,0.893310546875,0.600341796875,-0.24390244483947754,2.4695122241973877,0.030487805604934692,86.66666412353516,134733.0,873408.9640355
-389316.0625,-297638.96875,-281297.34375,-366144.5625,172379.609375,-374706.0625,-443753.125,-750000.0625,0.371337890625,0.89404296875,0.59912109375,-0.24390244483947754,2.4390244483947754,0.060975611209869385,86.66666412353516,134734.0,873408.964083541
-389378.46875,-297696.09375,-281378.5,-366160.5625,172902.90625,-374673.09375,-443789.59375,-750000.0625,0.3701171875,0.894775390625,0.59912109375,-0.24390244483947754,2.378048896789551,0.060975611209869385,86.66666412353516,134735.0,873408.967318416
-389463.84375,-297743.46875,-281416.875,-366157.15625,173106.921875,-374671.28125,-443788.4375,-750000.0625,0.368408203125,0.8935546875,0.60009765625,-0.15243902802467346,2.408536672592163,0.15243902802467346,86.66666412353516,134736.0,873408.967370333
-389411.8125,-297695.5625,-281345.96875,-366145.34375,172585.234375,-374711.25,-443758.46875,-750000.0625,0.371337890625,0.89306640625,0.6015625,-0.15243902802467346,2.4390244483947754,0.18292683362960815,86.66666412353516,134737.0,873408.967418666
-389329.3125,-297649.6875,-281305.8125,-366152.0625,172357.703125,-374722.96875,-443760.71875,-750000.0625,0.37353515625,0.894287109375,0.601318359375,-0.18292683362960815,2.5304877758026123,0.24390244483947754,86.66666412353516,134738.0,873409.012524833
-389373.375,-297695.09375,-281376.90625,-366170.9375,172812.875,-374691.78125,-443797.1875,-750000.0625,0.373046875,0.89599609375,0.603271484375,-0.21341463923454285,2.4390244483947754,0.24390244483947754,86.66666412353516,134739.0,873409.012602958
-389472.34375,-297756.875,-281435.65625,-366172.90625,173149.84375,-374680.875,-443805.6875,-750000.0625,0.372802734375,0.893310546875,0.60009765625,-0.18292683362960815,2.4390244483947754,0.27439025044441223,86.66666412353516,134740.0,873409.01389125
-389445.53125,-297722.46875,-281377.15625,-366160.03125,172695.125,-374717.53125,-443775.75,-750000.0625,0.37451171875,0.894775390625,0.60400390625,-0.12195122241973877,2.4390244483947754,0.27439025044441223,86.66666412353516,134741.0,873409.013952333
-389348.0,-297661.59375,-281317.1875,-366160.09375,172319.515625,-374731.03125,-443766.25,-750000.0625,0.371337890625,0.8955078125,0.601806640625,-0.18292683362960815,2.4390244483947754,0.21341463923454285,86.66666412353516,134742.0,873409.014005666
-389369.09375,-297692.78125,-281374.5625,-366180.5,172698.78125,-374708.40625,-443801.65625,-750000.0625,0.372314453125,0.89404296875,0.600830078125,-0.15243902802467346,2.4695122241973877,0.24390244483947754,86.66666412353516,134743.0,873409.014058541
-389469.5,-297759.84375,-281445.375,-366184.25,173149.671875,-374687.84375,-443817.125,-750000.0625,0.370849609375,0.893798828125,0.602294921875,-0.18292683362960815,2.3475608825683594,0.060975611209869385,86.66666412353516,134744.0,873409.014108625
-389467.78125,-297740.625,-281402.75,-366170.5625,172808.125,-374718.0625,-443788.625,-750000.0625,0.3720703125,0.89306640625,0.601318359375,-0.18292683362960815,2.4695122241973877,0.15243902802467346,86.66666412353516,134745.0,873409.015998333
-389369.8125,-297674.375,-281330.3125,-366167.09375,172346.875,-374740.40625,-443770.5625,-750000.0625,0.372802734375,0.892333984375,0.60009765625,-0.12195122241973877,2.5,0.18292683362960815,86.66666412353516,134746.0,873409.016053416
-389364.15625,-297688.03125,-281368.78125,-366186.40625,172595.96875,-374722.25,-443802.75,-750000.0625,0.373046875,0.8935546875,0.59814453125,-0.060975611209869385,2.5304877758026123,0.12195122241973877,86.66666412353516,134747.0,873409.017346083
-389462.0625,-297759.3125,-281451.1875,-366195.25,173123.5625,-374697.21875,-443827.9375,-750000.0625,0.3720703125,0.893310546875,0.601318359375,-0.060975611209869385,2.408536672592163,0.060975611209869385,86.66666412353516,134748.0,873409.019735291
-389489.4375,-297761.1875,-281431.4375,-366184.875,172918.28125,-374722.53125,-443806.75,-750000.0625,0.372314453125,0.89501953125,0.59912109375,-0.09146341681480408,2.4390244483947754,0.030487805604934692,86.66666412353516,134749.0,873409.019857833
-389393.6875,-297694.75,-281351.96875,-366178.875,172409.640625,-374754.8125,-443784.3125,-750000.0625,0.372802734375,0.89404296875,0.599853515625,-0.12195122241973877,2.408536672592163,0.030487805604934692,86.66666412353516,134750.0,873409.021583208
-389362.65625,-297689.84375,-281368.40625,-366195.0625,172520.0625,-374741.375,-443808.28125,-750000.0625,0.373291015625,0.895263671875,0.603271484375,-0.21341463923454285,2.4695122241973877,0.030487805604934692,86.66666412353516,134751.0,873409.052394958
-389453.125,-297760.375,-281455.3125,-366207.3125,173075.1875,-374710.53125,-443838.6875,-750000.0625,0.3720703125,0.895263671875,0.6015625,-0.15243902802467346,2.3475608825683594,0.09146341681480408,86.66666412353516,134752.0,873409.054105875
-389506.40625,-297781.84375,-281457.28125,-366198.71875,173020.65625,-374726.625,-443824.03125,-750000.0625,0.370361328125,0.894287109375,0.60205078125,-0.15243902802467346,2.4390244483947754,0.060975611209869385,86.66666412353516,134753.0,873409.054186458
-389421.5625,-297718.1875,-281375.46875,-366189.34375,172478.21875,-374762.5,-443796.9375,-750000.0625,0.371826171875,0.894775390625,0.599853515625,-0.24390244483947754,2.4390244483947754,0.12195122241973877,86.66666412353516,134754.0,873409.054312708
-389368.46875,-297696.34375,-281370.5625,-366203.28125,172466.421875,-374759.71875,-443813.28125,-750000.0625,0.373779296875,0.89453125,0.6005859375,-0.3048780560493469,2.4390244483947754,0.18292683362960815,86.66666412353516,134755.0,873409.059269458
-389442.03125,-297757.34375,-281454.40625,-366217.59375,173008.9375,-374724.21875,-443847.0,-750000.0625,0.37255859375,0.894287109375,0.603759765625,-0.24390244483947754,2.4390244483947754,0.15243902802467346,86.66666412353516,134756.0,873409.059493875
-389513.125,-297792.5625,-281477.21875,-366210.625,173111.21875,-374727.96875,-443838.3125,-750000.0625,0.373779296875,0.89404296875,0.604248046875,-0.21341463923454285,2.4390244483947754,0.18292683362960815,86.66666412353516,134757.0,873409.060632416
-389447.59375,-297737.125,-281400.40625,-366200.625,172551.265625,-374766.15625,-443808.375,-750000.0625,0.3720703125,0.893798828125,0.60400390625,-0.21341463923454285,2.378048896789551,0.24390244483947754,86.66666412353516,134758.0,873409.060717166
-389374.4375,-297699.21875,-281373.6875,-366210.09375,172398.109375,-374770.53125,-443815.625,-750000.0625,0.37255859375,0.891845703125,0.603271484375,-0.15243902802467346,2.5304877758026123,0.24390244483947754,86.66666412353516,134759.0,873409.060777708
-389431.5,-297754.03125,-281453.625,-366228.875,172913.90625,-374741.125,-443854.3125,-750000.0625,0.371337890625,0.8916015625,0.600830078125,-0.21341463923454285,2.5,0.27439025044441223,86.66666412353516,134760.0,873409.061891666
-389520.46875,-297805.875,-281498.21875,-366226.8125,173164.234375,-374735.59375,-443856.5625,-750000.0625,0.371826171875,0.892333984375,0.603515625,-0.24390244483947754,2.408536672592163,0.24390244483947754,86.66666412353516,134761.0,873409.063982666
-389476.09375,-297762.34375,-281430.53125,-366214.46875,172664.09375,-374774.375,-443825.96875,-750000.0625,0.374267578125,0.89306640625,0.602294921875,-0.27439025044441223,2.4390244483947754,0.3048780560493469,86.66666412353516,134762.0,873409.075078166
-389389.5625,-297713.0,-281384.0625,-366219.90625,172392.65625,-374788.78125,-443824.71875,-750000.0625,0.374267578125,0.8935546875,0.601806640625,-0.21341463923454285,2.5304877758026123,0.3048780560493469,86.66666412353516,134763.0,873409.075155416
-389425.15625,-297753.75,-281451.125,-366239.40625,172816.265625,-374758.90625,-443861.3125,-750000.0625,0.373046875,0.893798828125,0.601318359375,-0.09146341681480408,2.4390244483947754,0.27439025044441223,86.66666412353516,134764.0,873409.078476458
-389524.65625,-297817.875,-281514.78125,-366242.0,173194.1875,-374744.59375,-443872.75,-750000.0625,0.3740234375,0.894775390625,0.601806640625,-0.15243902802467346,2.4390244483947754,0.18292683362960815,86.66666412353516,134765.0,873409.078542791
-389504.28125,-297787.46875,-281460.6875,-366228.40625,172774.875,-374779.3125,-443842.875,-750000.0625,0.37451171875,0.89208984375,0.6005859375,-0.060975611209869385,2.5304877758026123,0.15243902802467346,86.66666412353516,134766.0,873409.107518458
-389404.03125,-297723.90625,-281395.21875,-366226.90625,172373.4375,-374796.46875,-443830.46875,-750000.0625,0.3740234375,0.891845703125,0.601318359375,-0.060975611209869385,2.4695122241973877,0.09146341681480408,86.66666412353516,134767.0,873409.107597
-389416.75,-297749.90625,-281446.375,-366246.46875,172707.28125,-374773.84375,-443864.53125,-750000.0625,0.37353515625,0.89306640625,0.6044921875,-0.030487805604934692,2.408536672592163,0.030487805604934692,86.66666412353516,134768.0,873409.111096458
-389518.21875,-297819.90625,-281523.4375,-366253.1875,173187.9375,-374752.375,-443884.53125,-750000.0625,0.371337890625,0.89453125,0.60205078125,-0.09146341681480408,2.378048896789551,0.030487805604934692,86.66666412353516,134769.0,873409.111160333
-389526.4375,-297807.40625,-281487.6875,-366240.5,172891.1875,-374781.28125,-443858.0,-750000.0625,0.373046875,0.894775390625,0.602783203125,-0.060975611209869385,2.378048896789551,-0.12195122241973877,86.66666412353516,134770.0,873409.112454166
-389429.625,-297741.5,-281413.90625,-366237.28125,172415.28125,-374807.90625,-443839.65625,-750000.0625,0.372802734375,0.894775390625,0.602783203125,-0.12195122241973877,2.378048896789551,-0.09146341681480408,86.66666412353516,134771.0,873409.114406541
-389414.6875,-297748.5625,-281445.125,-366255.15625,172614.390625,-374790.5625,-443869.34375,-750000.0625,0.3720703125,0.89501953125,0.602783203125,-0.060975611209869385,2.408536672592163,0.0,86.66666412353516,134772.0,873409.114468291
-389510.625,-297819.1875,-281528.96875,-366264.90625,173157.796875,-374762.21875,-443895.4375,-750000.0625,0.371826171875,0.893310546875,0.602294921875,-0.09146341681480408,2.4390244483947754,-0.030487805604934692,86.66666412353516,134773.0,873409.116418708
-389545.125,-297825.90625,-281514.5,-366253.8125,173002.953125,-374782.875,-443874.25,-750000.0625,0.37353515625,0.89404296875,0.6025390625,-0.060975611209869385,2.4390244483947754,-0.030487805604934692,86.66666412353516,134774.0,873409.11755525
-389453.3125,-297760.65625,-281434.3125,-366247.0,172466.953125,-374817.21875,-443850.5625,-750000.0625,0.3681640625,0.894287109375,0.6015625,-0.060975611209869385,2.5304877758026123,-0.09146341681480408,86.66666412353516,134775.0,873409.151856416
-389413.78125,-297748.84375,-281442.09375,-366260.78125,172536.25,-374805.75,-443870.40625,-750000.0625,0.37353515625,0.8955078125,0.60302734375,0.0,2.591463327407837,0.030487805604934692,86.66666412353516,134776.0,873409.151944125
-389504.0,-297820.90625,-281532.1875,-366276.4375,173100.765625,-374775.8125,-443905.03125,-750000.0625,0.372802734375,0.893798828125,0.60009765625,-0.09146341681480408,2.5,0.09146341681480408,86.66666412353516,134777.0,873409.151996208
-389564.25,-297847.0,-281541.3125,-366268.03125,173100.484375,-374787.0,-443892.0625,-750000.0625,0.373046875,0.8935546875,0.60107421875,-0.21341463923454285,2.5,0.060975611209869385,86.66666412353516,134778.0,873409.152088083
-389485.125,-297785.84375,-281460.78125,-366258.71875,172556.71875,-374825.875,-443864.25,-750000.0625,0.37109375,0.892578125,0.602783203125,-0.15243902802467346,2.378048896789551,0.060975611209869385,86.66666412353516,134779.0,873409.152148458
-389424.34375,-297757.6875,-281448.25,-366271.5,172498.96875,-374826.875,-443877.84375,-750000.0625,0.374267578125,0.8935546875,0.603759765625,-0.24390244483947754,2.408536672592163,0.18292683362960815,86.66666412353516,134780.0,873409.153977625
-389494.875,-297818.40625,-281532.90625,-366288.5,173030.578125,-374792.625,-443914.3125,-750000.0625,0.374267578125,0.892333984375,0.602294921875,-0.21341463923454285,2.408536672592163,0.24390244483947754,86.66666412353516,134781.0,873409.154038375
-389573.90625,-297860.0625,-281564.125,-366283.59375,173184.09375,-374793.34375,-443909.65625,-750000.0625,0.3720703125,0.893798828125,0.6025390625,-0.18292683362960815,2.408536672592163,0.3048780560493469,86.66666412353516,134782.0,873409.155224166
-389515.34375,-297807.21875,-281488.46875,-366271.6875,172641.484375,-374830.4375,-443877.5625,-750000.0625,0.373291015625,0.893798828125,0.604248046875,-0.12195122241973877,2.4390244483947754,0.27439025044441223,86.66666412353516,134783.0,873409.156966541
-389435.0625,-297764.5,-281454.5,-366279.5625,172438.796875,-374836.59375,-443882.84375,-750000.0625,0.371337890625,0.89404296875,0.602783203125,-0.24390244483947754,2.4695122241973877,0.3353658616542816,86.66666412353516,134784.0,873409.157025083
-389484.4375,-297813.9375,-281529.34375,-366297.4375,172932.140625,-374806.5625,-443919.59375,-750000.0625,0.37158203125,0.891357421875,0.599365234375,-0.21341463923454285,2.4695122241973877,0.396341472864151,86.66666412353516,134785.0,873409.163684916
-389577.84375,-297870.625,-281580.84375,-366296.90625,173228.078125,-374798.6875,-443924.5,-750000.0625,0.3720703125,0.893310546875,0.60400390625,-0.24390244483947754,2.5304877758026123,0.396341472864151,86.66666412353516,134786.0,873409.19417175
-389542.96875,-297832.0,-281516.75,-366283.40625,172747.609375,-374834.5625,-443893.5,-750000.0625,0.37255859375,0.894775390625,0.60205078125,-0.24390244483947754,2.5304877758026123,0.18292683362960815,86.66666412353516,134787.0,873409.19426525
-389452.40625,-297777.625,-281464.53125,-366287.5,172422.078125,-374847.25,-443888.84375,-750000.0625,0.37353515625,0.893310546875,0.599853515625,-0.18292683362960815,2.5304877758026123,0.21341463923454285,86.66666412353516,134788.0,873409.19432575
-389482.0,-297815.28125,-281528.4375,-366309.15625,172825.828125,-374824.625,-443926.84375,-750000.0625,0.37353515625,0.892822265625,0.6005859375,-0.18292683362960815,2.5,0.21341463923454285,86.66666412353516,134789.0,873409.194384875
-389580.90625,-297881.78125,-281596.65625,-366312.8125,173241.046875,-374809.59375,-443941.59375,-750000.0625,0.372802734375,0.89306640625,0.600830078125,-0.12195122241973877,2.4695122241973877,0.18292683362960815,86.66666412353516,134790.0,873409.194443666
-389571.78125,-297857.28125,-281549.1875,-366300.3125,172867.671875,-374842.6875,-443913.15625,-750000.0625,0.373779296875,0.894775390625,0.602294921875,-0.18292683362960815,2.5304877758026123,0.15243902802467346,86.66666412353516,134791.0,873409.195927
-389473.4375,-297792.28125,-281480.53125,-366298.34375,172459.625,-374862.96875,-443898.5,-750000.0625,0.373046875,0.89306640625,0.6044921875,-0.12195122241973877,2.4695122241973877,0.09146341681480408,86.66666412353516,134792.0,873409.198273458
-389474.78125,-297810.53125,-281523.8125,-366316.75,172737.140625,-374840.71875,-443929.875,-750000.0625,0.374755859375,0.893798828125,0.6015625,-0.12195122241973877,2.4390244483947754,0.030487805604934692,86.66666412353516,134793.0,873409.198332958
-389572.9375,-297882.59375,-281604.0,-366324.15625,173233.0,-374818.0,-443952.6875,-750000.0625,0.373291015625,0.89599609375,0.60009765625,-0.15243902802467346,2.4695122241973877,0.0,86.66666412353516,134794.0,873409.199251708
-389595.28125,-297878.84375,-281577.96875,-366314.15625,172982.921875,-374845.90625,-443929.0625,-750000.0625,0.37158203125,0.893798828125,0.600341796875,-0.15243902802467346,2.4390244483947754,0.0,86.66666412353516,134795.0,873409.199310083
-389499.875,-297810.71875,-281500.0,-366308.875,172478.84375,-374871.03125,-443907.875,-750000.0625,0.371826171875,0.89208984375,0.6005859375,-0.15243902802467346,2.3475608825683594,-0.09146341681480408,86.66666412353516,134796.0,873409.231167166
-389475.46875,-297811.34375,-281522.375,-366324.625,172642.546875,-374855.75,-443933.625,-750000.0625,0.37060546875,0.894775390625,0.601318359375,-0.12195122241973877,2.378048896789551,-0.09146341681480408,86.66666412353516,134797.0,873409.23125025
-389568.65625,-297886.09375,-281609.53125,-366336.25,173190.171875,-374829.90625,-443963.5,-750000.0625,0.373046875,0.895263671875,0.59765625,-0.12195122241973877,2.408536672592163,-0.09146341681480408,86.66666412353516,134798.0,873409.231394
-389614.40625,-297901.46875,-281604.71875,-366327.21875,173086.640625,-374849.84375,-443946.9375,-750000.0625,0.37109375,0.895751953125,0.59912109375,-0.09146341681480408,2.4695122241973877,0.0,86.66666412353516,134799.0,873409.231472375
-389528.15625,-297834.03125,-281522.8125,-366319.34375,172555.375,-374881.75,-443920.5,-750000.0625,0.37158203125,0.89697265625,0.5986328125,-0.09146341681480408,2.591463327407837,0.0,86.66666412353516,134800.0,873409.231526125
-389479.9375,-297814.90625,-281523.71875,-366332.9375,172580.234375,-374873.09375,-443938.375,-750000.0625,0.370361328125,0.89501953125,0.598876953125,-0.09146341681480408,2.5,0.060975611209869385,86.66666412353516,134801.0,873409.232358208
-389556.46875,-297880.96875,-281609.53125,-366346.15625,173127.21875,-374841.875,-443971.71875,-750000.0625,0.3720703125,0.8935546875,0.598876953125,-0.030487805604934692,2.408536672592163,0.12195122241973877,86.66666412353516,134802.0,873409.235156
-389622.8125,-297913.625,-281626.78125,-366339.375,173175.328125,-374852.78125,-443962.0625,-750000.0625,0.37158203125,0.8955078125,0.599853515625,-0.12195122241973877,2.4695122241973877,0.12195122241973877,86.66666412353516,134803.0,873409.235218666
-389552.8125,-297853.4375,-281546.6875,-366328.90625,172622.4375,-374887.21875,-443931.75,-750000.0625,0.37255859375,0.894775390625,0.5986328125,-0.09146341681480408,2.5,0.24390244483947754,86.66666412353516,134804.0,873409.23792625
-389485.75,-297818.84375,-281525.84375,-366339.0,172514.15625,-374885.78125,-443940.875,-750000.0625,0.37255859375,0.89404296875,0.60009765625,-0.24390244483947754,2.4390244483947754,0.09146341681480408,86.66666412353516,134805.0,873409.238001
-389547.90625,-297878.375,-281608.5625,-366356.90625,173038.984375,-374857.53125,-443978.6875,-750000.0625,0.37109375,0.896484375,0.6015625,-0.15243902802467346,2.4390244483947754,0.18292683362960815,86.66666412353516,134806.0,873409.269708708
-389634.8125,-297929.875,-281648.6875,-366354.84375,173236.84375,-374860.125,-443979.125,-750000.0625,0.37109375,0.89501953125,0.60009765625,-0.24390244483947754,2.4695122241973877,0.24390244483947754,86.66666412353516,134807.0,873409.269823291
-389589.75,-297882.78125,-281578.34375,-366343.84375,172726.328125,-374896.59375,-443947.5625,-750000.0625,0.37109375,0.893310546875,0.600830078125,-0.21341463923454285,2.5,0.24390244483947754,86.66666412353516,134808.0,873409.269902458
-389507.59375,-297835.9375,-281538.0,-366351.53125,172503.4375,-374907.40625,-443950.25,-750000.0625,0.37060546875,0.8935546875,0.603271484375,-0.24390244483947754,2.5304877758026123,0.3353658616542816,86.66666412353516,134809.0,873409.271307958
-389544.9375,-297879.03125,-281608.28125,-366369.21875,172948.046875,-374876.40625,-443986.90625,-750000.0625,0.37158203125,0.8935546875,0.6025390625,-0.18292683362960815,2.4695122241973877,0.27439025044441223,86.66666412353516,134810.0,873409.272168333
-389636.40625,-297938.46875,-281664.6875,-366367.96875,173278.140625,-374866.90625,-443993.96875,-750000.0625,0.373046875,0.892578125,0.6015625,-0.21341463923454285,2.4695122241973877,0.24390244483947754,86.66666412353516,134811.0,873409.275267875
-389612.0,-297903.5,-281606.21875,-366355.71875,172835.765625,-374901.34375,-443964.03125,-750000.0625,0.3720703125,0.892333984375,0.599365234375,-0.24390244483947754,2.5,0.27439025044441223,86.66666412353516,134812.0,873409.275333791
-389520.53125,-297844.25,-281548.28125,-366358.40625,172488.40625,-374915.90625,-443956.59375,-750000.0625,0.373779296875,0.89453125,0.599365234375,-0.18292683362960815,2.5,0.21341463923454285,86.66666412353516,134813.0,873409.275383166
-389536.625,-297873.375,-281603.71875,-366376.46875,172848.0,-374891.25,-443990.5,-750000.0625,0.3740234375,0.892578125,0.600341796875,-0.18292683362960815,2.5,0.21341463923454285,86.66666412353516,134814.0,873409.281036333
-389634.53125,-297944.09375,-281677.3125,-366381.75,173287.359375,-374875.78125,-444008.09375,-750000.0625,0.372802734375,0.890869140625,0.6015625,-0.15243902802467346,2.4390244483947754,0.21341463923454285,86.66666412353516,134815.0,873409.314371125
-389637.03125,-297927.375,-281636.625,-366369.84375,172951.890625,-374906.875,-443981.46875,-750000.0625,0.37451171875,0.89208984375,0.601806640625,-0.15243902802467346,2.378048896789551,0.15243902802467346,86.66666412353516,134816.0,873409.316531875
-389541.1875,-297860.15625,-281563.0625,-366365.75,172498.25,-374924.6875,-443963.40625,-750000.0625,0.37255859375,0.89404296875,0.602783203125,-0.12195122241973877,2.4390244483947754,0.15243902802467346,86.66666412353516,134817.0,873409.316591208
-389534.5,-297874.0,-281600.15625,-366384.0625,172745.09375,-374906.0,-443993.71875,-750000.0625,0.373779296875,0.89453125,0.600341796875,-0.12195122241973877,2.4390244483947754,0.12195122241973877,86.66666412353516,134818.0,873409.318222
-389628.625,-297946.4375,-281682.84375,-366392.84375,173262.5,-374884.96875,-444018.75,-750000.0625,0.37548828125,0.89501953125,0.603759765625,-0.15243902802467346,2.317073106765747,0.09146341681480408,86.66666412353516,134819.0,873409.318312416
-389658.125,-297946.96875,-281662.375,-366382.28125,173062.140625,-374909.03125,-443995.84375,-750000.0625,0.37451171875,0.8935546875,0.59912109375,-0.18292683362960815,2.5304877758026123,0.09146341681480408,86.66666412353516,134820.0,873409.320322958
-389566.40625,-297878.65625,-281583.34375,-366376.46875,172561.546875,-374937.28125,-443974.65625,-750000.0625,0.375,0.895263671875,0.601806640625,-0.15243902802467346,2.591463327407837,0.0,86.66666412353516,134821.0,873409.321754166
-389533.40625,-297872.5,-281598.53125,-366391.75,172670.625,-374923.0625,-443997.375,-750000.0625,0.374267578125,0.89404296875,0.60205078125,-0.21341463923454285,2.4695122241973877,-0.030487805604934692,86.66666412353516,134822.0,873409.322950666
-389619.59375,-297944.46875,-281686.25,-366404.5625,173217.796875,-374897.0625,-444029.21875,-750000.0625,0.372802734375,0.8935546875,0.6005859375,-0.15243902802467346,2.621951103210449,-0.060975611209869385,86.66666412353516,134823.0,873409.323005208
-389672.0,-297965.28125,-281688.75,-366395.6875,173164.421875,-374913.84375,-444014.375,-750000.0625,0.373046875,0.894775390625,0.598876953125,-0.15243902802467346,2.5609755516052246,-0.12195122241973877,86.66666412353516,134824.0,873409.36379
-389591.875,-297899.75,-281606.78125,-366387.03125,172623.0625,-374945.6875,-443986.46875,-750000.0625,0.373046875,0.895751953125,0.599853515625,-0.12195122241973877,2.4695122241973877,-0.060975611209869385,86.66666412353516,134825.0,873409.363867541
-389537.96875,-297875.875,-281599.4375,-366399.1875,172600.890625,-374938.53125,-444001.21875,-750000.0625,0.373046875,0.892822265625,0.601318359375,-0.12195122241973877,2.4695122241973877,-0.12195122241973877,86.66666412353516,134826.0,873409.363917583
-389610.3125,-297941.875,-281685.90625,-366415.09375,173146.890625,-374910.28125,-444037.25,-750000.0625,0.37353515625,0.89453125,0.602783203125,-0.030487805604934692,2.378048896789551,-0.09146341681480408,86.66666412353516,134827.0,873409.363966375
-389683.1875,-297981.125,-281710.9375,-366409.1875,173245.59375,-374917.53125,-444030.46875,-750000.0625,0.373046875,0.893310546875,0.606689453125,-0.060975611209869385,2.378048896789551,-0.060975611209869385,86.66666412353516,134828.0,873409.364014625
-389621.03125,-297924.25,-281632.53125,-366397.75,172709.421875,-374952.40625,-443999.25,-750000.0625,0.3720703125,0.89306640625,0.604248046875,-0.21341463923454285,2.5,-0.030487805604934692,86.66666412353516,134829.0,873409.364062041
-389551.3125,-297887.40625,-281606.21875,-366408.40625,172565.84375,-374957.5625,-444007.21875,-750000.0625,0.37158203125,0.894287109375,0.60498046875,-0.15243902802467346,2.5304877758026123,0.030487805604934692,86.66666412353516,134830.0,873409.364109041
-389605.75,-297942.9375,-281687.15625,-366428.34375,173060.4375,-374928.25,-444046.09375,-750000.0625,0.372314453125,0.895751953125,0.601806640625,-0.15243902802467346,2.5304877758026123,0.0,86.66666412353516,134831.0,873409.364159416
-389691.84375,-297993.90625,-281731.40625,-366425.375,173306.390625,-374924.5,-444047.0,-750000.0625,0.37158203125,0.896484375,0.6015625,-0.15243902802467346,2.408536672592163,0.18292683362960815,86.66666412353516,134832.0,873409.364510125
-389650.53125,-297947.9375,-281662.75,-366412.3125,172808.75,-374959.375,-444015.71875,-750000.0625,0.37060546875,0.894775390625,0.601318359375,-0.15243902802467346,2.4695122241973877,0.060975611209869385,86.66666412353516,134833.0,873409.365650916
-389563.90625,-297894.84375,-281614.90625,-366416.15625,172524.359375,-374968.46875,-444012.5625,-750000.0625,0.3720703125,0.89599609375,0.599609375,-0.09146341681480408,2.5304877758026123,0.12195122241973877,86.66666412353516,134834.0,873409.36792075
-389597.15625,-297935.96875,-281681.4375,-366434.6875,172957.4375,-374941.75,-444048.59375,-750000.0625,0.3701171875,0.8955078125,0.60205078125,-0.060975611209869385,2.5304877758026123,0.21341463923454285,86.66666412353516,134835.0,873409.370410125
-389691.5625,-297999.625,-281743.75,-366435.65625,173330.0,-374929.3125,-444059.78125,-750000.0625,0.370849609375,0.89501953125,0.601318359375,-0.09146341681480408,2.5,0.18292683362960815,86.66666412353516,134836.0,873409.372730916
-389677.625,-297971.1875,-281691.71875,-366424.65625,172922.296875,-374963.84375,-444031.25,-750000.0625,0.371826171875,0.893310546875,0.602294921875,-0.12195122241973877,2.5609755516052246,0.18292683362960815,86.66666412353516,134837.0,873409.372796333
-389585.71875,-297909.59375,-281628.5,-366425.75,172549.125,-374982.625,-444020.4375,-750000.0625,0.373291015625,0.894287109375,0.603759765625,-0.12195122241973877,2.5304877758026123,0.3048780560493469,86.66666412353516,134838.0,873409.374887541
-389596.09375,-297935.0,-281679.46875,-366444.6875,172866.25,-374960.34375,-444053.875,-750000.0625,0.373046875,0.89404296875,0.599853515625,-0.24390244483947754,2.5304877758026123,0.27439025044441223,86.66666412353516,134839.0,873409.374947
-389695.6875,-298008.375,-281756.15625,-366451.125,173333.21875,-374941.21875,-444074.34375,-750000.0625,0.372314453125,0.896728515625,0.598876953125,-0.24390244483947754,2.4695122241973877,0.27439025044441223,86.66666412353516,134840.0,873409.408299333
-389708.65625,-297998.5625,-281722.8125,-366439.6875,173038.171875,-374970.71875,-444049.21875,-750000.0625,0.372802734375,0.89599609375,0.602783203125,-0.24390244483947754,2.408536672592163,0.24390244483947754,86.66666412353516,134841.0,873409.408379291
-389615.125,-297930.875,-281648.0625,-366436.375,172565.5625,-374994.78125,-444030.625,-750000.0625,0.37060546875,0.89501953125,0.6044921875,-0.21341463923454285,2.408536672592163,0.27439025044441223,86.66666412353516,134842.0,873409.408428416
-389602.4375,-297939.09375,-281679.90625,-366455.40625,172776.03125,-374979.84375,-444059.875,-750000.0625,0.372314453125,0.89404296875,0.602783203125,-0.27439025044441223,2.408536672592163,0.18292683362960815,86.66666412353516,134843.0,873409.408476125
-389695.15625,-298011.6875,-281765.09375,-366466.15625,173304.703125,-374954.1875,-444087.3125,-750000.0625,0.372314453125,0.89501953125,0.600830078125,-0.18292683362960815,2.378048896789551,0.27439025044441223,86.66666412353516,134844.0,873409.408933708
-389731.375,-298017.40625,-281751.0625,-366454.96875,173152.265625,-374974.5625,-444065.875,-750000.0625,0.373779296875,0.896240234375,0.60107421875,-0.21341463923454285,2.4695122241973877,0.18292683362960815,86.66666412353516,134845.0,873409.408989583
-389640.0,-297947.6875,-281668.71875,-366446.65625,172616.0,-375003.0,-444040.75,-750000.0625,0.37353515625,0.893310546875,0.60009765625,-0.18292683362960815,2.4695122241973877,0.18292683362960815,86.66666412353516,134846.0,873409.413787666
-389600.46875,-297935.53125,-281676.59375,-366461.40625,172683.140625,-374991.5625,-444061.46875,-750000.0625,0.3720703125,0.892578125,0.597900390625,-0.12195122241973877,2.408536672592163,0.21341463923454285,86.66666412353516,134847.0,873409.413855041
-389683.875,-298007.40625,-281765.71875,-366476.0625,173242.46875,-374965.34375,-444096.09375,-750000.0625,0.372802734375,0.892578125,0.599853515625,-0.15243902802467346,2.4695122241973877,0.24390244483947754,86.66666412353516,134848.0,873409.416171541
-389743.0625,-298034.84375,-281775.375,-366467.75,173239.703125,-374978.5,-444083.5625,-750000.0625,0.372802734375,0.894287109375,0.601318359375,-0.060975611209869385,2.5609755516052246,0.18292683362960815,86.66666412353516,134849.0,873409.416232875
-389669.0625,-297972.1875,-281694.75,-366459.0,172706.921875,-375013.90625,-444054.96875,-750000.0625,0.37451171875,0.89404296875,0.60009765625,-0.09146341681480408,2.5304877758026123,0.060975611209869385,86.66666412353516,134850.0,873409.445177833
-389609.5,-297943.21875,-281680.71875,-366470.53125,172644.703125,-375011.5,-444067.03125,-750000.0625,0.3720703125,0.8935546875,0.60302734375,-0.09146341681480408,2.4390244483947754,0.09146341681480408,86.66666412353516,134851.0,873409.445270916
-389674.59375,-298004.625,-281764.40625,-366486.25,173168.796875,-374979.3125,-444103.15625,-750000.0625,0.37255859375,0.892822265625,0.60400390625,-0.09146341681480408,2.3475608825683594,0.060975611209869385,86.66666412353516,134852.0,873409.449511583
-389749.5,-298046.75,-281794.34375,-366480.1875,173319.984375,-374981.1875,-444098.3125,-750000.0625,0.371826171875,0.892822265625,0.605224609375,-0.12195122241973877,2.408536672592163,0.09146341681480408,86.66666412353516,134853.0,873409.449644166
-389694.875,-297994.1875,-281720.75,-366470.34375,172792.484375,-375018.375,-444069.53125,-750000.0625,0.371337890625,0.892822265625,0.601806640625,-0.09146341681480408,2.4695122241973877,0.030487805604934692,86.66666412353516,134854.0,873409.451023041
-389619.53125,-297951.71875,-281688.03125,-366480.0,172595.796875,-375024.625,-444074.96875,-750000.0625,0.371337890625,0.8935546875,0.6005859375,-0.09146341681480408,2.5609755516052246,0.060975611209869385,86.66666412353516,134855.0,873409.451078833
-389665.1875,-298001.0625,-281762.25,-366497.0,173075.09375,-374995.125,-444110.46875,-750000.0625,0.369140625,0.894775390625,0.600341796875,-0.060975611209869385,2.4390244483947754,0.0,86.66666412353516,134856.0,873409.451126916
-389754.34375,-298056.65625,-281812.03125,-366494.59375,173368.4375,-374986.8125,-444112.8125,-750000.0625,0.37060546875,0.892578125,0.599609375,-0.09146341681480408,2.4695122241973877,-0.030487805604934692,86.66666412353516,134857.0,873409.451177166
-389718.40625,-298014.5625,-281746.78125,-366480.0,172898.171875,-375020.4375,-444081.25,-750000.0625,0.36962890625,0.89404296875,0.599365234375,-0.15243902802467346,2.591463327407837,0.0,86.66666412353516,134858.0,873409.453252125
-389629.4375,-297958.9375,-281694.03125,-366483.84375,172582.375,-375033.75,-444076.5,-750000.0625,0.3701171875,0.89501953125,0.6015625,-0.060975611209869385,2.5,0.030487805604934692,86.66666412353516,134859.0,873409.45332525
-389654.03125,-297994.96875,-281756.25,-366503.96875,172974.609375,-375008.90625,-444113.4375,-750000.0625,0.37255859375,0.894287109375,0.601806640625,-0.030487805604934692,2.5,0.030487805604934692,86.66666412353516,134860.0,873409.455707333
-389750.125,-298062.75,-281824.75,-366507.46875,173383.546875,-374994.9375,-444128.625,-750000.0625,0.373291015625,0.8955078125,0.602783203125,0.030487805604934692,2.5609755516052246,0.030487805604934692,86.66666412353516,134861.0,873409.487316458
-389744.59375,-298040.9375,-281778.34375,-366495.84375,173011.71875,-375027.5,-444101.09375,-750000.0625,0.371337890625,0.896484375,0.60302734375,0.0,2.4390244483947754,0.12195122241973877,86.66666412353516,134862.0,873409.49358475
-389649.5625,-297975.21875,-281709.5,-366493.875,172593.28125,-375045.375,-444086.15625,-750000.0625,0.370361328125,0.89697265625,0.60302734375,-0.060975611209869385,2.408536672592163,0.15243902802467346,86.66666412353516,134863.0,873409.493678041
-389648.75,-297992.65625,-281752.59375,-366512.0,172873.84375,-375024.375,-444117.375,-750000.0625,0.37255859375,0.896240234375,0.601318359375,-0.09146341681480408,2.408536672592163,0.060975611209869385,86.66666412353516,134864.0,873409.493742958
-389742.09375,-298063.1875,-281831.34375,-366518.09375,173370.5,-375002.375,-444139.1875,-750000.0625,0.371826171875,0.897216796875,0.6005859375,-0.15243902802467346,2.378048896789551,0.09146341681480408,86.66666412353516,134865.0,873409.493804583
-389762.9375,-298059.8125,-281805.6875,-366507.90625,173121.765625,-375030.625,-444116.46875,-750000.0625,0.371337890625,0.8935546875,0.60009765625,-0.09146341681480408,2.378048896789551,0.12195122241973877,86.66666412353516,134866.0,873409.494666541
-389671.90625,-297992.90625,-281729.25,-366504.78125,172628.25,-375058.0625,-444096.71875,-750000.0625,0.371337890625,0.894287109375,0.60205078125,-0.12195122241973877,2.5,0.24390244483947754,86.66666412353516,134867.0,873409.494745125
-389648.03125,-297992.375,-281751.4375,-366520.96875,172784.890625,-375041.96875,-444121.84375,-750000.0625,0.3720703125,0.89306640625,0.602294921875,-0.18292683362960815,2.5,0.27439025044441223,86.66666412353516,134868.0,873409.497817958
-389737.96875,-298064.1875,-281837.0,-366531.25,173332.234375,-375014.09375,-444149.90625,-750000.0625,0.37158203125,0.893310546875,0.60302734375,-0.3048780560493469,2.408536672592163,0.396341472864151,86.66666412353516,134869.0,873409.49788525
-389782.15625,-298078.03125,-281831.28125,-366521.03125,173229.953125,-375032.21875,-444132.375,-750000.0625,0.372802734375,0.892578125,0.600830078125,-0.21341463923454285,2.408536672592163,0.3353658616542816,86.66666412353516,134870.0,873409.499627291
-389698.8125,-298013.5625,-281750.96875,-366514.4375,172698.078125,-375066.21875,-444107.78125,-750000.0625,0.372314453125,0.892578125,0.60107421875,-0.24390244483947754,2.3475608825683594,0.27439025044441223,86.66666412353516,134871.0,873409.530638541
-389654.21875,-297998.28125,-281752.5,-366529.1875,172722.921875,-375059.84375,-444126.40625,-750000.0625,0.37109375,0.892333984375,0.60107421875,-0.3048780560493469,2.408536672592163,0.396341472864151,86.66666412353516,134872.0,873409.530725041
-389730.28125,-298065.53125,-281838.875,-366543.21875,173268.75,-375028.9375,-444160.375,-750000.0625,0.3720703125,0.89306640625,0.599365234375,-0.27439025044441223,2.378048896789551,0.3658536672592163,86.66666412353516,134873.0,873409.530774833
-389798.96875,-298101.09375,-281858.53125,-366538.46875,173318.828125,-375041.0,-444153.40625,-750000.0625,0.373046875,0.89306640625,0.59716796875,-0.21341463923454285,2.4390244483947754,0.27439025044441223,86.66666412353516,134874.0,873409.535249375
-389729.65625,-298040.03125,-281779.59375,-366528.5625,172768.171875,-375076.21875,-444123.875,-750000.0625,0.372314453125,0.892822265625,0.600830078125,-0.15243902802467346,2.5,0.21341463923454285,86.66666412353516,134875.0,873409.535358541
-389660.375,-298002.84375,-281756.53125,-366536.6875,172665.34375,-375074.78125,-444131.03125,-750000.0625,0.372314453125,0.89306640625,0.60009765625,-0.15243902802467346,2.4390244483947754,0.21341463923454285,86.66666412353516,134876.0,873409.535410916
-389718.9375,-298059.96875,-281837.625,-366553.0625,173183.8125,-375043.40625,-444167.15625,-750000.0625,0.37060546875,0.892578125,0.6025390625,-0.12195122241973877,2.5304877758026123,0.15243902802467346,86.66666412353516,134877.0,873409.537047291
-389800.375,-298107.8125,-281875.71875,-366549.03125,173385.078125,-375042.78125,-444165.8125,-750000.0625,0.372802734375,0.895263671875,0.601806640625,-0.09146341681480408,2.5,0.060975611209869385,86.66666412353516,134878.0,873409.538554958
-389753.34375,-298059.53125,-281804.8125,-366538.5625,172869.640625,-375079.625,-444135.78125,-750000.0625,0.372802734375,0.89453125,0.601806640625,-0.030487805604934692,2.4390244483947754,0.0,86.66666412353516,134879.0,873409.538621166
-389672.0,-298011.15625,-281763.78125,-366544.8125,172634.953125,-375088.5625,-444136.40625,-750000.0625,0.3720703125,0.89208984375,0.60400390625,-0.12195122241973877,2.591463327407837,-0.09146341681480408,86.66666412353516,134880.0,873409.540214291
-389711.78125,-298056.40625,-281834.3125,-366562.875,173087.96875,-375059.0625,-444172.53125,-750000.0625,0.3740234375,0.89453125,0.604248046875,-0.12195122241973877,2.408536672592163,-0.12195122241973877,86.66666412353516,134881.0,873409.541736333
-389805.40625,-298116.9375,-281890.53125,-366562.09375,173424.6875,-375047.15625,-444178.59375,-750000.0625,0.372802734375,0.894775390625,0.601806640625,0.0,2.5,-0.09146341681480408,86.66666412353516,134882.0,873409.571171541
-389782.40625,-298085.09375,-281834.21875,-366551.25,172981.3125,-375084.8125,-444151.59375,-750000.0625,0.37255859375,0.895751953125,0.601806640625,-0.060975611209869385,2.5,-0.09146341681480408,86.66666412353516,134883.0,873409.571242291
-389693.28125,-298028.9375,-281777.625,-366555.1875,172628.25,-375103.21875,-444145.53125,-750000.0625,0.370849609375,0.89453125,0.60205078125,-0.030487805604934692,2.5,-0.09146341681480408,86.66666412353516,134884.0,873409.571288166
-389707.9375,-298056.84375,-281831.53125,-366572.1875,172986.3125,-375076.21875,-444178.25,-750000.0625,0.372314453125,0.895263671875,0.59814453125,-0.060975611209869385,2.4695122241973877,-0.09146341681480408,86.66666412353516,134885.0,873409.57464175
-389802.875,-298123.53125,-281903.25,-366575.6875,173430.140625,-375057.25,-444194.59375,-750000.0625,0.370361328125,0.8955078125,0.599609375,-0.21341463923454285,2.4695122241973877,-0.030487805604934692,86.66666412353516,134886.0,873409.576619166
-389804.78125,-298105.5625,-281862.5625,-366563.78125,173095.75,-375087.9375,-444167.53125,-750000.0625,0.37060546875,0.896240234375,0.601806640625,-0.12195122241973877,2.4390244483947754,0.0,86.66666412353516,134887.0,873409.576668875
-389709.09375,-298039.15625,-281789.96875,-366561.28125,172648.546875,-375109.375,-444150.625,-750000.0625,0.371337890625,0.8955078125,0.599853515625,-0.18292683362960815,2.5,0.12195122241973877,86.66666412353516,134888.0,873409.577784416
-389702.5625,-298052.5625,-281828.0625,-366580.15625,172891.09375,-375091.6875,-444181.65625,-750000.0625,0.369873046875,0.89404296875,0.601318359375,-0.24390244483947754,2.4695122241973877,0.24390244483947754,86.66666412353516,134889.0,873409.614212625
-389796.625,-298124.71875,-281910.03125,-366588.46875,173409.578125,-375066.90625,-444206.0625,-750000.0625,0.371337890625,0.89453125,0.601806640625,-0.3048780560493469,2.317073106765747,0.3658536672592163,86.66666412353516,134890.0,873409.615354666
-389824.96875,-298126.21875,-281889.375,-366576.84375,173208.671875,-375090.96875,-444183.875,-750000.0625,0.370849609375,0.893798828125,0.60205078125,-0.24390244483947754,2.378048896789551,0.3658536672592163,86.66666412353516,134891.0,873409.61543425
-389734.84375,-298059.34375,-281811.25,-366572.28125,172693.953125,-375120.3125,-444162.15625,-750000.0625,0.371826171875,0.89404296875,0.602783203125,-0.24390244483947754,2.378048896789551,0.396341472864151,86.66666412353516,134892.0,873409.615526416
-389704.8125,-298055.0625,-281827.0625,-366587.75,172807.234375,-375107.34375,-444184.6875,-750000.0625,0.371337890625,0.892578125,0.603759765625,-0.3048780560493469,2.5,0.3353658616542816,86.66666412353516,134893.0,873409.615584
-389794.5625,-298127.03125,-281913.875,-366600.09375,173362.0,-375078.8125,-444214.90625,-750000.0625,0.37255859375,0.893310546875,0.60107421875,-0.27439025044441223,2.5,0.3658536672592163,86.66666412353516,134894.0,873409.61905425
-389845.625,-298147.15625,-281917.375,-366592.9375,173309.53125,-375096.25,-444202.375,-750000.0625,0.374267578125,0.89453125,0.6025390625,-0.24390244483947754,2.5304877758026123,0.5182926654815674,86.66666412353516,134895.0,873409.61912975
-389763.71875,-298081.625,-281836.0,-366583.90625,172763.609375,-375130.3125,-444174.75,-750000.0625,0.37353515625,0.8935546875,0.60205078125,-0.27439025044441223,2.5304877758026123,0.4878048896789551,86.66666412353516,134896.0,873409.621917541
-389709.09375,-298057.75,-281829.03125,-366595.96875,172740.0,-375123.875,-444188.875,-750000.0625,0.37451171875,0.89208984375,0.6015625,-0.18292683362960815,2.621951103210449,0.396341472864151,86.66666412353516,134897.0,873409.621984583
-389782.3125,-298122.5625,-281914.25,-366611.25,173288.96875,-375093.46875,-444223.75,-750000.0625,0.373046875,0.89404296875,0.60205078125,-0.18292683362960815,2.591463327407837,0.4268292784690857,86.66666412353516,134898.0,873409.623331958
-389853.84375,-298159.84375,-281938.03125,-366604.28125,173391.78125,-375098.75,-444216.5,-750000.0625,0.3740234375,0.890869140625,0.602783203125,-0.15243902802467346,2.4390244483947754,0.396341472864151,86.66666412353516,134899.0,873409.623390041
-389789.375,-298101.8125,-281859.25,-366592.40625,172851.140625,-375132.8125,-444184.9375,-750000.0625,0.375244140625,0.891845703125,0.5986328125,-0.15243902802467346,2.4695122241973877,0.18292683362960815,86.66666412353516,134900.0,873409.625047458
-389718.59375,-298063.375,-281832.4375,-366602.5,172696.1875,-375136.65625,-444192.71875,-750000.0625,0.374755859375,0.89111328125,0.600830078125,-0.12195122241973877,2.5,0.15243902802467346,86.66666412353516,134901.0,873409.62615
-389773.65625,-298118.53125,-281911.75,-366620.5625,173198.84375,-375108.40625,-444230.625,-750000.0625,0.373779296875,0.892822265625,0.604736328125,-0.09146341681480408,2.4695122241973877,0.12195122241973877,86.66666412353516,134902.0,873409.660216291
-389862.53125,-298173.25,-281957.59375,-366618.59375,173449.453125,-375105.375,-444233.21875,-750000.0625,0.373046875,0.892822265625,0.60205078125,-0.15243902802467346,2.4390244483947754,0.030487805604934692,86.66666412353516,134903.0,873409.6602945
-389824.15625,-298131.6875,-281891.71875,-366607.59375,172957.703125,-375142.90625,-444203.46875,-750000.0625,0.3720703125,0.89453125,0.60107421875,-0.060975611209869385,2.3475608825683594,-0.12195122241973877,86.66666412353516,134904.0,873409.661195916
-389738.78125,-298080.09375,-281844.40625,-366612.78125,172687.796875,-375154.4375,-444201.03125,-750000.0625,0.3740234375,0.895263671875,0.60400390625,-0.030487805604934692,2.5304877758026123,-0.12195122241973877,86.66666412353516,134905.0,873409.661258583
-389772.75,-298119.625,-281910.03125,-366631.375,173108.265625,-375125.84375,-444235.8125,-750000.0625,0.373291015625,0.89599609375,0.60302734375,0.0,2.4695122241973877,-0.18292683362960815,86.66666412353516,134906.0,873409.661312541
-389867.625,-298182.71875,-281973.4375,-366632.96875,173483.328125,-375112.6875,-444247.71875,-750000.0625,0.373046875,0.89501953125,0.603515625,-0.030487805604934692,2.4695122241973877,-0.12195122241973877,86.66666412353516,134907.0,873409.661363458
-389850.8125,-298154.3125,-281921.84375,-366621.53125,173072.234375,-375148.09375,-444220.28125,-750000.0625,0.3720703125,0.894287109375,0.6015625,-0.060975611209869385,2.378048896789551,-0.18292683362960815,86.66666412353516,134908.0,873409.661414708
-389755.5,-298091.0,-281856.65625,-366621.4375,172683.234375,-375165.34375,-444207.9375,-750000.0625,0.37353515625,0.8935546875,0.599365234375,-0.09146341681480408,2.408536672592163,-0.12195122241973877,86.66666412353516,134909.0,873409.66448625
-389762.9375,-298113.96875,-281905.375,-366638.625,173005.1875,-375141.75,-444239.65625,-750000.0625,0.371337890625,0.894287109375,0.6005859375,0.0,2.5609755516052246,0.030487805604934692,86.66666412353516,134910.0,873409.664624458
-389860.5625,-298184.34375,-281981.5625,-366643.875,173478.859375,-375120.65625,-444259.34375,-750000.0625,0.371337890625,0.89501953125,0.60205078125,-0.060975611209869385,2.5,0.060975611209869385,86.66666412353516,134911.0,873409.666866875
-389873.0625,-298174.875,-281949.09375,-366633.15625,173185.34375,-375150.6875,-444235.28125,-750000.0625,0.37109375,0.895751953125,0.602294921875,-0.15243902802467346,2.5,0.060975611209869385,86.66666412353516,134912.0,873409.668173
-389777.59375,-298107.625,-281874.0,-366629.59375,172710.3125,-375175.8125,-444216.4375,-750000.0625,0.37158203125,0.892578125,0.60205078125,-0.12195122241973877,2.591463327407837,0.12195122241973877,86.66666412353516,134913.0,873409.671778541
-389762.125,-298113.875,-281903.6875,-366647.03125,172913.984375,-375159.28125,-444244.3125,-750000.0625,0.3701171875,0.8935546875,0.600830078125,-0.15243902802467346,2.5609755516052246,0.27439025044441223,86.66666412353516,134914.0,873409.724352666
-389857.15625,-298188.53125,-281989.15625,-366657.46875,173448.640625,-375133.15625,-444272.125,-750000.0625,0.370849609375,0.893798828125,0.59765625,-0.24390244483947754,2.5,0.27439025044441223,86.66666412353516,134915.0,873409.724435625
-389895.875,-298198.28125,-281977.625,-366648.09375,173296.46875,-375155.25,-444253.09375,-750000.0625,0.371337890625,0.893310546875,0.597412109375,-0.21341463923454285,2.408536672592163,0.24390244483947754,86.66666412353516,134916.0,873409.724484708
-389806.71875,-298130.4375,-281896.625,-366641.375,172762.71875,-375186.625,-444228.3125,-750000.0625,0.369140625,0.893310546875,0.602294921875,-0.24390244483947754,2.4390244483947754,0.3048780560493469,86.66666412353516,134917.0,873409.725388791
-389767.40625,-298117.90625,-281904.125,-366656.0625,172834.78125,-375176.34375,-444247.8125,-750000.0625,0.3701171875,0.893798828125,0.60205078125,-0.15243902802467346,2.4390244483947754,0.3658536672592163,86.66666412353516,134918.0,873409.725475666
-389851.09375,-298185.9375,-281991.125,-366669.5625,173392.046875,-375145.5,-444280.09375,-750000.0625,0.37158203125,0.89404296875,0.6025390625,-0.18292683362960815,2.4695122241973877,0.3658536672592163,86.66666412353516,134919.0,873409.730222791
-389908.75,-298212.59375,-282001.40625,-366661.78125,173392.234375,-375159.0,-444269.4375,-750000.0625,0.37158203125,0.892333984375,0.6005859375,-0.24390244483947754,2.5304877758026123,0.396341472864151,86.66666412353516,134920.0,873409.73064
-389832.65625,-298150.1875,-281920.40625,-366652.21875,172837.8125,-375193.4375,-444240.84375,-750000.0625,0.37255859375,0.894287109375,0.599609375,-0.24390244483947754,2.5,0.396341472864151,86.66666412353516,134921.0,873409.736002083
-389772.3125,-298122.28125,-281906.8125,-366664.1875,172769.421875,-375191.09375,-444253.71875,-750000.0625,0.373779296875,0.892578125,0.599853515625,-0.18292683362960815,2.591463327407837,0.3658536672592163,86.66666412353516,134922.0,873409.736284083
-389839.0,-298183.625,-281990.875,-366680.09375,173305.59375,-375160.96875,-444289.8125,-750000.0625,0.374755859375,0.89208984375,0.603271484375,-0.15243902802467346,2.5,0.27439025044441223,86.66666412353516,134923.0,873409.736356083
-389917.40625,-298227.4375,-282022.96875,-366675.625,173461.609375,-375163.9375,-444286.53125,-750000.0625,0.373779296875,0.891845703125,0.599609375,-0.12195122241973877,2.5304877758026123,0.15243902802467346,86.66666412353516,134924.0,873409.736416958
-389860.375,-298174.59375,-281948.40625,-366664.375,172928.390625,-375200.3125,-444255.75,-750000.0625,0.374755859375,0.8935546875,0.600341796875,-0.18292683362960815,2.591463327407837,0.18292683362960815,86.66666412353516,134925.0,873409.736504833
-389782.5,-298130.78125,-281913.53125,-366672.15625,172732.046875,-375206.125,-444259.15625,-750000.0625,0.375,0.894287109375,0.601318359375,-0.12195122241973877,2.5609755516052246,0.09146341681480408,86.66666412353516,134926.0,873409.736564458
-389831.0625,-298180.84375,-281988.8125,-366691.0,173213.5,-375177.25,-444296.96875,-750000.0625,0.373291015625,0.89453125,0.60205078125,-0.21341463923454285,2.621951103210449,0.0,86.66666412353516,134927.0,873409.736667666
-389922.34375,-298238.4375,-282041.28125,-366690.84375,173510.78125,-375170.53125,-444302.78125,-750000.0625,0.37451171875,0.89306640625,0.60009765625,-0.15243902802467346,2.591463327407837,-0.15243902802467346,86.66666412353516,134928.0,873409.736754166
-389886.75,-298197.46875,-281976.46875,-366676.78125,173038.984375,-375205.21875,-444270.5,-750000.0625,0.371826171875,0.89208984375,0.602783203125,-0.030487805604934692,2.591463327407837,-0.09146341681480408,86.66666412353516,134929.0,873409.737619
-389794.5,-298139.5625,-281920.84375,-366678.03125,172720.6875,-375216.6875,-444263.0,-750000.0625,0.371337890625,0.894775390625,0.604248046875,0.030487805604934692,2.4695122241973877,-0.15243902802467346,86.66666412353516,134930.0,873409.737695208
-389823.09375,-298175.65625,-281982.53125,-366697.4375,173115.0625,-375189.9375,-444297.15625,-750000.0625,0.372314453125,0.8955078125,0.6044921875,0.030487805604934692,2.4390244483947754,-0.18292683362960815,86.66666412353516,134931.0,873409.737753541
-389919.125,-298241.75,-282050.40625,-366700.03125,173530.359375,-375173.0625,-444312.34375,-750000.0625,0.37060546875,0.89599609375,0.603271484375,-0.060975611209869385,2.4695122241973877,-0.18292683362960815,86.66666412353516,134932.0,873409.767217375
-389912.875,-298221.09375,-282004.4375,-366687.875,173155.484375,-375207.03125,-444285.09375,-750000.0625,0.37109375,0.895263671875,0.599853515625,0.060975611209869385,2.4695122241973877,-0.12195122241973877,86.66666412353516,134933.0,873409.768174666
-389816.5625,-298155.71875,-281935.4375,-366685.8125,172734.015625,-375227.84375,-444269.875,-750000.0625,0.368896484375,0.8935546875,0.603515625,0.0,2.621951103210449,-0.15243902802467346,86.66666412353516,134934.0,873409.768231458
-389817.09375,-298172.71875,-281978.6875,-366704.0625,173017.96875,-375206.75,-444301.1875,-750000.0625,0.37109375,0.89599609375,0.602294921875,-0.030487805604934692,2.591463327407837,-0.060975611209869385,86.66666412353516,134935.0,873409.770948333
-389917.6875,-298246.21875,-282061.3125,-366713.8125,173519.359375,-375185.65625,-444326.21875,-750000.0625,0.37109375,0.89599609375,0.603759765625,-0.060975611209869385,2.5,-0.09146341681480408,86.66666412353516,134936.0,873409.775890041
-389938.0625,-298242.53125,-282034.9375,-366703.25,173271.53125,-375212.46875,-444303.15625,-750000.0625,0.3720703125,0.89697265625,0.602294921875,-0.18292683362960815,2.5,-0.030487805604934692,86.66666412353516,134937.0,873409.77598275
-389843.125,-298173.875,-281956.25,-366697.09375,172763.25,-375237.6875,-444281.0625,-750000.0625,0.369873046875,0.894775390625,0.60546875,-0.12195122241973877,2.5,0.060975611209869385,86.66666412353516,134938.0,873409.777084916
-389823.53125,-298176.65625,-281981.21875,-366715.78125,172920.6875,-375225.34375,-444308.4375,-750000.0625,0.3681640625,0.89501953125,0.60400390625,-0.21341463923454285,2.5609755516052246,0.18292683362960815,86.66666412353516,134939.0,873409.777171833
-389916.25,-298248.90625,-282067.9375,-366727.125,173477.515625,-375198.96875,-444337.84375,-750000.0625,0.370849609375,0.89501953125,0.600830078125,-0.21341463923454285,2.4390244483947754,0.27439025044441223,86.66666412353516,134940.0,873409.8089885
-389960.34375,-298262.21875,-282061.75,-366716.5625,173377.390625,-375215.96875,-444319.25,-750000.0625,0.37255859375,0.8955078125,0.598388671875,-0.27439025044441223,2.4695122241973877,0.3353658616542816,86.66666412353516,134941.0,873409.809114125
-389875.5625,-298197.84375,-281980.5625,-366708.625,172843.890625,-375250.125,-444293.125,-750000.0625,0.372314453125,0.896240234375,0.600830078125,-0.3658536672592163,2.5609755516052246,0.4268292784690857,86.66666412353516,134942.0,873409.809175166
-389832.40625,-298181.5625,-281981.90625,-366723.5625,172857.21875,-375242.34375,-444310.9375,-750000.0625,0.3720703125,0.896240234375,0.604248046875,-0.3048780560493469,2.591463327407837,0.4268292784690857,86.66666412353516,134943.0,873409.809233708
-389910.90625,-298247.46875,-282067.46875,-366736.875,173414.046875,-375210.15625,-444344.09375,-750000.0625,0.37255859375,0.894287109375,0.6015625,-0.3048780560493469,2.5609755516052246,0.5182926654815674,86.66666412353516,134944.0,873409.809348208
-389975.09375,-298278.5625,-282084.28125,-366729.8125,173468.40625,-375219.0,-444335.0625,-750000.0625,0.37353515625,0.89404296875,0.60107421875,-0.24390244483947754,2.5,0.5182926654815674,86.66666412353516,134945.0,873409.809472166
-389904.375,-298219.21875,-282006.15625,-366720.6875,172920.609375,-375257.1875,-444306.8125,-750000.0625,0.37255859375,0.894775390625,0.600830078125,-0.12195122241973877,2.4390244483947754,0.4878048896789551,86.66666412353516,134946.0,873409.809733625
-389836.96875,-298185.40625,-281985.21875,-366731.15625,172813.3125,-375259.25,-444316.1875,-750000.0625,0.371826171875,0.893798828125,0.6005859375,-0.09146341681480408,2.4390244483947754,0.4268292784690857,86.66666412353516,134947.0,873409.811792125
-389898.375,-298242.625,-282066.125,-366747.875,173330.53125,-375226.5,-444352.3125,-750000.0625,0.3720703125,0.892578125,0.6015625,-0.09146341681480408,2.5,0.27439025044441223,86.66666412353516,134948.0,873409.811862958
-389981.25,-298290.03125,-282104.40625,-366744.125,173535.8125,-375224.46875,-444351.25,-750000.0625,0.36865234375,0.893798828125,0.60205078125,-0.12195122241973877,2.408536672592163,0.21341463923454285,86.66666412353516,134949.0,873409.813991
-389931.28125,-298242.09375,-282033.5,-366732.75,173012.609375,-375262.1875,-444321.3125,-750000.0625,0.37255859375,0.891845703125,0.60302734375,-0.15243902802467346,2.4390244483947754,0.12195122241973877,86.66666412353516,134950.0,873409.825683291
-389848.125,-298194.34375,-281992.375,-366739.5625,172762.09375,-375270.3125,-444322.625,-750000.0625,0.373779296875,0.89306640625,0.60009765625,-0.12195122241973877,2.5,0.15243902802467346,86.66666412353516,134951.0,873409.825760458
-389890.78125,-298241.03125,-282063.5625,-366758.15625,173225.03125,-375242.53125,-444359.21875,-750000.0625,0.372802734375,0.8935546875,0.6044921875,-0.060975611209869385,2.4695122241973877,0.09146341681480408,86.66666412353516,134952.0,873409.8258095
-389985.8125,-298302.53125,-282121.84375,-366758.78125,173568.265625,-375231.875,-444367.78125,-750000.0625,0.371826171875,0.89453125,0.601806640625,0.0,2.378048896789551,-0.060975611209869385,86.66666412353516,134953.0,873409.8549025
-389957.65625,-298266.25,-282062.5625,-366745.0,173129.640625,-375267.0,-444337.40625,-750000.0625,0.3720703125,0.894287109375,0.602294921875,0.0,2.5304877758026123,-0.18292683362960815,86.66666412353516,134954.0,873409.854991375
-389864.3125,-298207.40625,-282004.4375,-366748.0625,172778.0,-375284.34375,-444329.34375,-750000.0625,0.372314453125,0.89306640625,0.605224609375,0.0,2.5,-0.21341463923454285,86.66666412353516,134955.0,873409.860223958
-389884.875,-298238.78125,-282061.03125,-366768.53125,173130.171875,-375259.59375,-444363.6875,-750000.0625,0.37353515625,0.893798828125,0.603271484375,0.030487805604934692,2.4390244483947754,-0.18292683362960815,86.66666412353516,134956.0,873409.860292416
-389979.125,-298304.3125,-282131.84375,-366770.84375,173580.421875,-375238.6875,-444380.125,-750000.0625,0.37158203125,0.892822265625,0.601318359375,-0.030487805604934692,2.5,-0.21341463923454285,86.66666412353516,134957.0,873409.860341833
-389980.1875,-298287.53125,-282091.875,-366758.96875,173245.421875,-375270.6875,-444354.03125,-750000.0625,0.371337890625,0.89453125,0.60302734375,0.0,2.4390244483947754,-0.21341463923454285,86.66666412353516,134958.0,873409.862776958
-389881.65625,-298221.625,-282018.9375,-366756.46875,172790.25,-375293.9375,-444337.65625,-750000.0625,0.36962890625,0.896240234375,0.599853515625,0.0,2.4390244483947754,-0.15243902802467346,86.66666412353516,134959.0,873409.864956541
-389873.78125,-298232.96875,-282055.21875,-366773.53125,173028.78125,-375273.8125,-444366.625,-750000.0625,0.370849609375,0.895751953125,0.59912109375,-0.09146341681480408,2.5304877758026123,-0.09146341681480408,86.66666412353516,134960.0,873409.865027625
-389970.625,-298305.3125,-282138.375,-366782.5625,173554.40625,-375248.78125,-444391.46875,-750000.0625,0.369873046875,0.896240234375,0.602294921875,-0.09146341681480408,2.4390244483947754,0.030487805604934692,86.66666412353516,134961.0,873409.866108541
-389999.21875,-298308.09375,-282119.34375,-366772.8125,173354.234375,-375273.625,-444370.75,-750000.0625,0.369873046875,0.896240234375,0.601806640625,-0.18292683362960815,2.4695122241973877,0.030487805604934692,86.66666412353516,134962.0,873409.868020625
-389907.0625,-298242.0,-282040.46875,-366767.625,172843.171875,-375306.0,-444349.28125,-750000.0625,0.370361328125,0.89501953125,0.600341796875,-0.15243902802467346,2.4695122241973877,0.09146341681480408,86.66666412353516,134963.0,873409.915294208
-389877.375,-298238.4375,-282057.1875,-366784.625,172953.328125,-375294.46875,-444373.4375,-750000.0625,0.369873046875,0.896728515625,0.59716796875,-0.21341463923454285,2.5304877758026123,0.27439025044441223,86.66666412353516,134964.0,873409.915432333
-389965.0,-298307.625,-282142.84375,-366795.625,173508.015625,-375262.28125,-444402.84375,-750000.0625,0.369384765625,0.89501953125,0.60107421875,-0.18292683362960815,2.4695122241973877,0.3353658616542816,86.66666412353516,134965.0,873409.916119583
-390018.28125,-298329.09375,-282146.15625,-366787.65625,173459.640625,-375278.28125,-444388.625,-750000.0625,0.37158203125,0.8935546875,0.599609375,-0.18292683362960815,2.5304877758026123,0.4268292784690857,86.66666412353516,134966.0,873409.916185833
-389936.375,-298265.78125,-282065.4375,-366779.25,172900.671875,-375313.59375,-444361.96875,-750000.0625,0.371337890625,0.895751953125,0.6015625,-0.27439025044441223,2.408536672592163,0.3658536672592163,86.66666412353516,134967.0,873409.916259375
-389882.90625,-298240.75,-282057.90625,-366791.40625,172872.765625,-375306.8125,-444374.75,-750000.0625,0.37255859375,0.895263671875,0.60400390625,-0.27439025044441223,2.408536672592163,0.4268292784690857,86.66666412353516,134968.0,873409.922200375
-389956.3125,-298304.15625,-282143.5625,-366806.78125,173431.125,-375276.40625,-444410.71875,-750000.0625,0.373779296875,0.8955078125,0.601318359375,-0.3353658616542816,2.4390244483947754,0.4878048896789551,86.66666412353516,134969.0,873409.922446833
-390027.125,-298340.53125,-282167.15625,-366799.5625,173539.03125,-375280.0625,-444403.28125,-750000.0625,0.373779296875,0.895263671875,0.601318359375,-0.24390244483947754,2.4390244483947754,0.4878048896789551,86.66666412353516,134970.0,873409.922515875
-389961.78125,-298284.46875,-282089.65625,-366788.0,172995.96875,-375318.6875,-444373.34375,-750000.0625,0.37353515625,0.894287109375,0.60107421875,-0.3353658616542816,2.408536672592163,0.3658536672592163,86.66666412353516,134971.0,873409.925179958
-389888.71875,-298245.84375,-282061.03125,-366796.5,172846.484375,-375323.53125,-444379.21875,-750000.0625,0.375,0.89306640625,0.598876953125,-0.24390244483947754,2.378048896789551,0.3658536672592163,86.66666412353516,134972.0,873409.92525
-389944.59375,-298299.3125,-282139.8125,-366814.46875,173345.46875,-375290.71875,-444416.34375,-750000.0625,0.374267578125,0.894287109375,0.599853515625,-0.24390244483947754,2.4390244483947754,0.21341463923454285,86.66666412353516,134973.0,873409.926621416
-390033.03125,-298352.0625,-282185.15625,-366812.59375,173599.828125,-375285.0625,-444418.5625,-750000.0625,0.373779296875,0.893310546875,0.6005859375,-0.24390244483947754,2.5,0.24390244483947754,86.66666412353516,134974.0,873409.929033041
-389990.46875,-298308.78125,-282118.09375,-366800.875,173099.859375,-375323.0625,-444388.09375,-750000.0625,0.3740234375,0.892578125,0.6005859375,-0.060975611209869385,2.5,0.12195122241973877,86.66666412353516,134975.0,873409.929117208
-389902.3125,-298256.5,-282069.90625,-366804.71875,172816.265625,-375334.59375,-444384.78125,-750000.0625,0.374267578125,0.893310546875,0.60107421875,-0.15243902802467346,2.5304877758026123,0.060975611209869385,86.66666412353516,134976.0,873409.9300955
-389936.5625,-298296.46875,-282136.59375,-366823.6875,173244.34375,-375306.875,-444421.0,-750000.0625,0.37353515625,0.89404296875,0.597900390625,-0.12195122241973877,2.4390244483947754,0.0,86.66666412353516,134977.0,873409.93205125
-390034.375,-298360.46875,-282200.4375,-366826.46875,173628.703125,-375292.40625,-444433.15625,-750000.0625,0.372802734375,0.89453125,0.599365234375,-0.030487805604934692,2.4390244483947754,0.030487805604934692,86.66666412353516,134978.0,873409.963244333
-390019.625,-298335.15625,-282149.28125,-366815.28125,173216.453125,-375328.625,-444405.15625,-750000.0625,0.372802734375,0.894775390625,0.600830078125,0.0,2.5304877758026123,-0.09146341681480408,86.66666412353516,134979.0,873409.9633265
-389928.59375,-298276.96875,-282086.71875,-366816.90625,172831.203125,-375351.9375,-444394.875,-750000.0625,0.37255859375,0.893798828125,0.599609375,-0.030487805604934692,2.408536672592163,-0.12195122241973877,86.66666412353516,134980.0,873409.963375708
-389937.90625,-298299.59375,-282136.0625,-366835.3125,173150.03125,-375326.65625,-444427.5,-750000.0625,0.37109375,0.892578125,0.6005859375,0.060975611209869385,2.5609755516052246,-0.21341463923454285,86.66666412353516,134981.0,873409.967908666
-390035.09375,-298369.5,-282212.40625,-366841.03125,173627.546875,-375302.875,-444448.0,-750000.0625,0.36962890625,0.893310546875,0.600830078125,0.060975611209869385,2.4695122241973877,-0.24390244483947754,86.66666412353516,134982.0,873409.967974625
-390045.09375,-298359.03125,-282178.625,-366829.0625,173334.375,-375332.375,-444422.78125,-750000.0625,0.370849609375,0.89306640625,0.60107421875,0.060975611209869385,2.4390244483947754,-0.24390244483947754,86.66666412353516,134983.0,873409.968022583
-389946.65625,-298290.65625,-282103.0625,-366825.125,172840.765625,-375357.84375,-444404.0,-750000.0625,0.372314453125,0.89208984375,0.60205078125,0.0,2.591463327407837,-0.18292683362960815,86.66666412353516,134984.0,873409.968070333
-389931.625,-298296.28125,-282133.03125,-366842.90625,173046.84375,-375342.46875,-444431.90625,-750000.0625,0.372802734375,0.893798828125,0.600341796875,-0.09146341681480408,2.4695122241973877,-0.12195122241973877,86.66666412353516,134985.0,873409.972620541
-390026.40625,-298367.96875,-282217.78125,-366853.09375,173591.609375,-375314.5,-444459.4375,-750000.0625,0.37060546875,0.897216796875,0.60107421875,-0.12195122241973877,2.5609755516052246,0.12195122241973877,86.66666412353516,134986.0,873409.972694958
-390062.78125,-298376.375,-282205.15625,-366842.28125,173442.03125,-375335.15625,-444439.59375,-750000.0625,0.372314453125,0.896484375,0.599365234375,-0.12195122241973877,2.5609755516052246,0.15243902802467346,86.66666412353516,134987.0,873409.975316916
-389971.78125,-298309.40625,-282124.25,-366834.3125,172902.90625,-375367.96875,-444414.5625,-750000.0625,0.373046875,0.89453125,0.6044921875,-0.15243902802467346,2.408536672592163,0.18292683362960815,86.66666412353516,134988.0,873409.975369875
-389933.59375,-298298.6875,-282133.03125,-366849.96875,172971.125,-375359.09375,-444435.5625,-750000.0625,0.372802734375,0.89404296875,0.602783203125,-0.09146341681480408,2.378048896789551,0.27439025044441223,86.66666412353516,134989.0,873409.975421291
-390017.90625,-298366.8125,-282219.28125,-366863.28125,173533.765625,-375326.65625,-444467.46875,-750000.0625,0.371826171875,0.89453125,0.602783203125,-0.21341463923454285,2.4390244483947754,0.396341472864151,86.66666412353516,134990.0,873409.976996958
-390079.0625,-298394.4375,-282229.21875,-366855.25,173538.59375,-375337.90625,-444454.78125,-750000.0625,0.371826171875,0.8955078125,0.6005859375,-0.21341463923454285,2.378048896789551,0.4268292784690857,86.66666412353516,134991.0,873409.977062583
-390003.6875,-298333.46875,-282149.5625,-366846.3125,172976.578125,-375375.09375,-444425.90625,-750000.0625,0.37158203125,0.894287109375,0.598388671875,-0.15243902802467346,2.378048896789551,0.5182926654815674,86.66666412353516,134992.0,873410.008104333
-389946.9375,-298306.75,-282137.125,-366859.53125,172916.765625,-375375.8125,-444439.125,-750000.0625,0.372802734375,0.894287109375,0.599365234375,-0.21341463923454285,2.5609755516052246,0.5792682766914368,86.66666412353516,134993.0,873410.009217458
-390012.375,-298366.5625,-282219.84375,-366875.0,173453.203125,-375342.65625,-444475.625,-750000.0625,0.373779296875,0.89306640625,0.601318359375,-0.18292683362960815,2.5304877758026123,0.4878048896789551,86.66666412353516,134994.0,873410.00928275
-390089.4375,-298408.40625,-282251.125,-366869.90625,173611.625,-375343.28125,-444471.5,-750000.0625,0.3740234375,0.894287109375,0.60205078125,-0.12195122241973877,2.378048896789551,0.4878048896789551,86.66666412353516,134995.0,873410.013065666
-390030.0625,-298354.65625,-282175.9375,-366857.46875,173074.109375,-375380.28125,-444440.21875,-750000.0625,0.372802734375,0.894287109375,0.596923828125,-0.15243902802467346,2.4390244483947754,0.4878048896789551,86.66666412353516,134996.0,873410.013139291
-389950.21875,-298309.25,-282139.46875,-366863.28125,172874.46875,-375386.09375,-444442.0,-750000.0625,0.372314453125,0.892822265625,0.60302734375,-0.21341463923454285,2.5,0.3353658616542816,86.66666412353516,134997.0,873410.016448125
-389999.5,-298359.3125,-282214.90625,-366882.0625,173359.5,-375356.78125,-444479.46875,-750000.0625,0.371337890625,0.893310546875,0.603759765625,-0.21341463923454285,2.408536672592163,0.18292683362960815,86.66666412353516,134998.0,873410.016564958
-390092.84375,-298417.34375,-282268.65625,-366883.21875,173660.1875,-375349.09375,-444486.78125,-750000.0625,0.3720703125,0.892822265625,0.60107421875,-0.21341463923454285,2.378048896789551,0.060975611209869385,86.66666412353516,134999.0,873410.018524041
-390057.6875,-298377.8125,-282205.0,-366869.8125,173185.78125,-375385.375,-444455.125,-750000.0625,0.372314453125,0.892822265625,0.602783203125,-0.09146341681480408,2.4695122241973877,0.0,86.66666412353516,135000.0,873410.050297875
-389967.40625,-298323.09375,-282151.53125,-366873.03125,172873.390625,-375402.09375,-444449.5,-750000.0625,0.373291015625,0.893310546875,0.604248046875,-0.12195122241973877,2.408536672592163,-0.09146341681480408,86.66666412353516,135001.0,873410.050507458
-389995.65625,-298359.75,-282213.21875,-366892.875,173261.25,-375375.5625,-444486.0,-750000.0625,0.371826171875,0.893310546875,0.601806640625,-0.060975611209869385,2.5,-0.030487805604934692,86.66666412353516,135002.0,873410.050559375
-390094.1875,-298426.09375,-282281.15625,-366896.1875,173678.328125,-375357.03125,-444500.65625,-750000.0625,0.3720703125,0.8935546875,0.603759765625,0.030487805604934692,2.591463327407837,-0.18292683362960815,86.66666412353516,135003.0,873410.0506025
-390087.90625,-298404.375,-282235.3125,-366883.9375,173303.09375,-375390.75,-444472.40625,-750000.0625,0.37060546875,0.89501953125,0.60205078125,-0.060975611209869385,2.5609755516052246,-0.030487805604934692,86.66666412353516,135004.0,873410.050647166
-389994.03125,-298341.4375,-282168.34375,-366884.125,172868.65625,-375413.09375,-444458.71875,-750000.0625,0.372802734375,0.89404296875,0.603271484375,-0.060975611209869385,2.4695122241973877,-0.060975611209869385,86.66666412353516,135005.0,873410.050753041
-389993.15625,-298357.78125,-282210.96875,-366902.0,173157.265625,-375391.8125,-444490.375,-750000.0625,0.370361328125,0.8955078125,0.601318359375,-0.030487805604934692,2.5,-0.09146341681480408,86.66666412353516,135006.0,873410.050803791
-390090.4375,-298428.34375,-282290.09375,-366908.8125,173664.828125,-375366.96875,-444512.625,-750000.0625,0.372314453125,0.896240234375,0.598876953125,-0.09146341681480408,2.591463327407837,0.0,86.66666412353516,135007.0,873410.051185041
-390108.75,-298423.3125,-282262.84375,-366896.90625,173415.921875,-375393.25,-444488.75,-750000.0625,0.37060546875,0.894775390625,0.6005859375,-0.09146341681480408,2.5304877758026123,-0.030487805604934692,86.66666412353516,135008.0,873410.053996833
-390014.53125,-298357.4375,-282185.6875,-366892.34375,172922.125,-375424.5625,-444468.1875,-750000.0625,0.372314453125,0.8935546875,0.598876953125,-0.09146341681480408,2.621951103210449,0.060975611209869385,86.66666412353516,135009.0,873410.054044666
-389991.8125,-298357.96875,-282208.3125,-366909.34375,173079.03125,-375409.8125,-444493.3125,-750000.0625,0.372314453125,0.89453125,0.598876953125,-0.060975611209869385,2.621951103210449,0.09146341681480408,86.66666412353516,135010.0,873410.062674583
-390082.8125,-298427.71875,-282293.78125,-366920.0625,173627.28125,-375377.875,-444521.84375,-750000.0625,0.372314453125,0.89453125,0.602294921875,-0.09146341681480408,2.5,0.12195122241973877,86.66666412353516,135011.0,873410.091413208
-390130.125,-298445.59375,-282290.5625,-366912.125,173525.890625,-375397.625,-444506.46875,-750000.0625,0.372314453125,0.89599609375,0.599853515625,-0.09146341681480408,2.378048896789551,0.12195122241973877,86.66666412353516,135012.0,873410.091503583
-390045.4375,-298382.1875,-282210.1875,-366904.5,172972.375,-375433.84375,-444481.0625,-750000.0625,0.372314453125,0.89697265625,0.600341796875,-0.18292683362960815,2.3475608825683594,0.21341463923454285,86.66666412353516,135013.0,873410.091552583
-389998.6875,-298363.96875,-282210.71875,-366917.84375,173002.328125,-375427.21875,-444498.6875,-750000.0625,0.3720703125,0.894775390625,0.600830078125,-0.3048780560493469,2.4695122241973877,0.3048780560493469,86.66666412353516,135014.0,873410.094378291
-390078.09375,-298429.6875,-282297.625,-366933.21875,173559.78125,-375394.15625,-444533.28125,-750000.0625,0.37255859375,0.89404296875,0.602294921875,-0.3353658616542816,2.378048896789551,0.27439025044441223,86.66666412353516,135015.0,873410.094445
-390145.0625,-298462.5625,-282315.6875,-366927.3125,173616.109375,-375403.0,-444524.53125,-750000.0625,0.37255859375,0.8974609375,0.603515625,-0.3048780560493469,2.408536672592163,0.24390244483947754,86.66666412353516,135016.0,873410.096807916
-390073.25,-298401.96875,-282235.5625,-366916.5,173054.09375,-375439.125,-444493.40625,-750000.0625,0.371337890625,0.896240234375,0.6044921875,-0.21341463923454285,2.408536672592163,0.3048780560493469,86.66666412353516,135017.0,873410.096876666
-390006.1875,-298367.625,-282213.9375,-366926.15625,172938.75,-375439.9375,-444502.09375,-750000.0625,0.371337890625,0.892578125,0.601806640625,-0.21341463923454285,2.3475608825683594,0.27439025044441223,86.66666412353516,135018.0,873410.097992875
-390067.34375,-298424.5625,-282295.03125,-366942.96875,173470.1875,-375408.625,-444539.1875,-750000.0625,0.374755859375,0.893310546875,0.604248046875,-0.18292683362960815,2.408536672592163,0.21341463923454285,86.66666412353516,135019.0,873410.099159
-390150.3125,-298472.0625,-282333.90625,-366939.5625,173679.046875,-375406.21875,-444538.65625,-750000.0625,0.375,0.89306640625,0.603515625,-0.15243902802467346,2.378048896789551,0.3353658616542816,86.66666412353516,135020.0,873410.100525333
-390099.28125,-298423.875,-282261.9375,-366927.21875,173161.46875,-375444.3125,-444507.53125,-750000.0625,0.375,0.892578125,0.602294921875,-0.27439025044441223,2.4695122241973877,0.3658536672592163,86.66666412353516,135021.0,873410.101880875
-390014.875,-298374.6875,-282218.75,-366931.34375,172925.96875,-375454.5,-444506.28125,-750000.0625,0.374755859375,0.894287109375,0.60302734375,-0.24390244483947754,2.4390244483947754,0.24390244483947754,86.66666412353516,135022.0,873410.135229083
-390057.34375,-298421.0,-282290.0,-366950.65625,173374.25,-375423.9375,-444542.84375,-750000.0625,0.372802734375,0.89208984375,0.60107421875,-0.18292683362960815,2.4390244483947754,0.3658536672592163,86.66666412353516,135023.0,873410.135397458
-390153.625,-298482.6875,-282349.125,-366952.0625,173716.953125,-375412.125,-444552.875,-750000.0625,0.374755859375,0.89111328125,0.599365234375,-0.09146341681480408,2.4390244483947754,0.27439025044441223,86.66666412353516,135024.0,873410.137495875
-390129.6875,-298450.78125,-282291.8125,-366940.1875,173271.4375,-375449.21875,-444523.8125,-750000.0625,0.373779296875,0.89208984375,0.59912109375,-0.09146341681480408,2.4695122241973877,0.21341463923454285,86.66666412353516,135025.0,873410.137587125
-390035.4375,-298391.84375,-282232.71875,-366942.0625,172910.234375,-375468.4375,-444515.59375,-750000.0625,0.37353515625,0.892822265625,0.6005859375,-0.09146341681480408,2.5609755516052246,0.15243902802467346,86.66666412353516,135026.0,873410.140727041
-390051.4375,-298418.9375,-282287.78125,-366960.75,173272.59375,-375442.25,-444549.28125,-750000.0625,0.373779296875,0.89306640625,0.60107421875,0.030487805604934692,2.621951103210449,0.15243902802467346,86.66666412353516,135027.0,873410.140796916
-390151.65625,-298488.0625,-282362.15625,-366967.28125,173725.265625,-375422.65625,-444568.34375,-750000.0625,0.373779296875,0.89501953125,0.600341796875,0.0,2.591463327407837,0.09146341681480408,86.66666412353516,135028.0,873410.14171575
-390152.5625,-298470.71875,-282320.78125,-366954.40625,173390.171875,-375452.90625,-444540.25,-750000.0625,0.372314453125,0.89501953125,0.6025390625,-0.060975611209869385,2.5609755516052246,0.0,86.66666412353516,135029.0,873410.142946208
