EEG1,EEG2,EEG3,EEG4,EEG5,EEG6,EEG7,EEG8,AccX,AccY,AccZ,GyroX,GyroY,GyroZ,Battery,Counter,Timestamp
147140.453125,147160.21875,147477.96875,147616.828125,147397.953125,147565.765625,147635.234375,118897.78125,-0.630859375,0.2158203125,-0.476318359375,-0.09146341681480408,2.4390244483947754,0.12195122241973877,20.0,9238.0,890827.61076125
147140.546875,147160.40625,147478.515625,147617.09375,147398.40625,147566.125,147638.015625,118918.7890625,-0.63037109375,0.21533203125,-0.478515625,-0.060975611209869385,2.4695122241973877,0.12195122241973877,20.0,9239.0,890827.610791666
147175.15625,147195.0,147513.375,147652.140625,147433.09375,147601.171875,147681.1875,119031.625,-0.6298828125,0.21533203125,-0.480712890625,-0.09146341681480408,2.5,0.15243902802467346,20.0,9240.0,890827.610807625
147170.953125,147190.96875,147509.0,147647.84375,147429.0625,147597.15625,147671.1875,118968.140625,-0.629638671875,0.21337890625,-0.480224609375,-0.060975611209869385,2.5304877758026123,0.15243902802467346,20.0,9241.0,890827.61362275
147099.15625,147118.90625,147436.9375,147575.96875,147357.09375,147525.09375,147597.15625,118874.4453125,-0.628662109375,0.21240234375,-0.4814453125,-0.060975611209869385,2.4390244483947754,0.15243902802467346,20.0,9242.0,890827.613650541
147077.15625,147097.09375,147414.671875,147553.796875,147335.015625,147502.828125,147574.171875,118855.7578125,-0.631103515625,0.214599609375,-0.48095703125,-0.21341463923454285,2.408536672592163,0.24390244483947754,20.0,9243.0,890827.613666875
147113.1875,147133.125,147451.6875,147590.625,147371.21875,147539.21875,147620.390625,118981.109375,-0.633544921875,0.21533203125,-0.478515625,-0.12195122241973877,2.4695122241973877,0.15243902802467346,20.0,9244.0,890827.613681916
147122.21875,147141.890625,147460.359375,147599.03125,147380.078125,147548.328125,147623.34375,118934.8828125,-0.633544921875,0.216064453125,-0.479248046875,-0.21341463923454285,2.5609755516052246,0.24390244483947754,20.0,9245.0,890827.613696208
147064.46875,147084.21875,147401.96875,147541.265625,147322.046875,147490.21875,147561.390625,118838.6796875,-0.63232421875,0.21484375,-0.478271484375,-0.09146341681480408,2.4695122241973877,0.21341463923454285,20.0,9246.0,890827.643486166
147029.421875,147048.90625,147366.578125,147505.6875,147286.90625,147454.90625,147524.546875,118792.4609375,-0.631103515625,0.21484375,-0.477783203125,-0.12195122241973877,2.408536672592163,0.15243902802467346,20.0,9247.0,890827.643514708
147064.46875,147083.953125,147402.421875,147541.09375,147321.953125,147489.859375,147569.171875,118915.6640625,-0.629150390625,0.214111328125,-0.4794921875,-0.09146341681480408,2.408536672592163,0.15243902802467346,20.0,9248.0,890827.643530333
147078.6875,147098.171875,147416.28125,147555.046875,147336.34375,147504.171875,147580.796875,118904.3984375,-0.631103515625,0.213623046875,-0.47705078125,-0.09146341681480408,2.4695122241973877,0.15243902802467346,20.0,9249.0,890827.646786625
147034.6875,147054.1875,147372.296875,147511.140625,147292.28125,147459.828125,147531.265625,118803.2734375,-0.630126953125,0.21484375,-0.477783203125,-0.09146341681480408,2.5,0.18292683362960815,20.0,9250.0,890827.646803833
146988.5625,147008.671875,147326.34375,147464.828125,147246.59375,147414.046875,147481.09375,118730.5,-0.63037109375,0.215576171875,-0.479248046875,-0.030487805604934692,2.4695122241973877,0.15243902802467346,20.0,9251.0,890827.649195541
147020.203125,147039.703125,147358.171875,147496.84375,147278.234375,147445.78125,147521.609375,118843.8671875,-0.628662109375,0.21484375,-0.478271484375,-0.15243902802467346,2.4695122241973877,0.12195122241973877,20.0,9252.0,890827.649211208
147041.9375,147061.328125,147379.453125,147518.5625,147299.421875,147467.15625,147544.21875,118873.546875,-0.6298828125,0.2138671875,-0.4775390625,-0.12195122241973877,2.4695122241973877,0.12195122241973877,20.0,9253.0,890827.651847333
147003.9375,147023.421875,147341.0,147480.03125,147261.34375,147428.984375,147499.78125,118785.125,-0.63037109375,0.215576171875,-0.479736328125,-0.060975611209869385,2.408536672592163,0.060975611209869385,20.0,9254.0,890827.651974208
146938.046875,146957.984375,147275.5625,147414.21875,147196.15625,147363.625,147431.5625,118686.6875,-0.632080078125,0.214599609375,-0.4794921875,-0.060975611209869385,2.4390244483947754,0.12195122241973877,20.0,9255.0,890827.654318125
146961.296875,146980.953125,147299.609375,147438.0,147219.140625,147386.953125,147461.875,118772.96875,-0.631103515625,0.216064453125,-0.481201171875,-0.15243902802467346,2.591463327407837,0.060975611209869385,20.0,9256.0,890827.655418541
146989.1875,147009.125,147327.765625,147466.4375,147246.765625,147414.578125,147493.890625,118837.1640625,-0.6298828125,0.2158203125,-0.47998046875,-0.09146341681480408,2.5304877758026123,0.15243902802467346,20.0,9257.0,890827.656741208
146964.859375,146984.71875,147303.0,147441.671875,147223.15625,147390.4375,147462.765625,118749.453125,-0.630615234375,0.215087890625,-0.481689453125,-0.030487805604934692,2.591463327407837,0.15243902802467346,20.0,9258.0,890827.687271375
146900.3125,146919.71875,147237.734375,147376.40625,147158.609375,147325.359375,147393.578125,118639.390625,-0.628662109375,0.217529296875,-0.478271484375,-0.060975611209869385,2.591463327407837,0.15243902802467346,20.0,9259.0,890827.68731375
146915.15625,146934.828125,147252.75,147391.34375,147173.1875,147340.640625,147412.078125,118695.2734375,-0.630859375,0.216552734375,-0.47998046875,-0.15243902802467346,2.5,0.09146341681480408,20.0,9260.0,890827.687370291
146947.703125,146967.1875,147285.390625,147424.234375,147205.8125,147373.453125,147451.5,118791.65625,-0.632568359375,0.217041015625,-0.477294921875,-0.12195122241973877,2.408536672592163,0.18292683362960815,20.0,9261.0,890827.690380625
146933.9375,146953.421875,147271.53125,147409.9375,147191.875,147359.421875,147431.75,118724.953125,-0.631103515625,0.21484375,-0.478759765625,-0.09146341681480408,2.408536672592163,0.12195122241973877,20.0,9262.0,890827.690411583
146859.28125,146878.765625,147196.421875,147335.453125,147117.03125,147284.5,147354.765625,118619.1875,-0.631103515625,0.21435546875,-0.478271484375,0.0,2.317073106765747,0.18292683362960815,20.0,9263.0,890827.692841166
146855.078125,146874.46875,147192.140625,147331.078125,147112.828125,147280.375,147351.28125,118628.84375,-0.63232421875,0.217041015625,-0.47802734375,-0.030487805604934692,2.4390244483947754,0.09146341681480408,20.0,9264.0,890827.692862791
146891.734375,146910.859375,147229.421875,147368.09375,147149.21875,147316.859375,147396.4375,118745.34375,-0.6318359375,0.2158203125,-0.47900390625,-0.12195122241973877,2.378048896789551,0.060975611209869385,20.0,9265.0,890827.694133166
146889.9375,146909.4375,147227.453125,147366.03125,147147.25,147315.15625,147388.5625,118687.2265625,-0.631591796875,0.215087890625,-0.479248046875,-0.060975611209869385,2.4390244483947754,0.09146341681480408,20.0,9266.0,890827.695429083
146822.984375,146842.375,147159.765625,147298.796875,147080.203125,147247.84375,147318.46875,118585.2109375,-0.63232421875,0.215576171875,-0.47705078125,-0.12195122241973877,2.591463327407837,0.24390244483947754,20.0,9267.0,890827.696881541
146803.671875,146823.328125,147141.0,147279.75,147061.421875,147228.796875,147298.078125,118557.046875,-0.63232421875,0.216552734375,-0.4775390625,-0.060975611209869385,2.4390244483947754,0.15243902802467346,20.0,9268.0,890827.701585166
146842.109375,146861.953125,147180.34375,147319.09375,147100.3125,147267.421875,147346.546875,118686.2421875,-0.631103515625,0.2158203125,-0.478271484375,-0.09146341681480408,2.5609755516052246,0.15243902802467346,20.0,9269.0,890827.731011833
146851.5,146871.078125,147188.828125,147327.859375,147109.265625,147276.890625,147351.546875,118658.9765625,-0.632080078125,0.216064453125,-0.478271484375,-0.15243902802467346,2.5,0.24390244483947754,20.0,9270.0,890827.73103925
146790.703125,146810.375,147127.859375,147266.96875,147048.375,147216.015625,147287.53125,118566.078125,-0.6318359375,0.217041015625,-0.47900390625,-0.18292683362960815,2.4695122241973877,0.12195122241973877,20.0,9271.0,890827.73105475
146747.96875,146767.453125,147085.125,147223.875,147005.453125,147173.359375,147242.828125,118507.0703125,-0.631591796875,0.215576171875,-0.47802734375,-0.15243902802467346,2.5304877758026123,0.15243902802467346,20.0,9272.0,890827.734215875
146780.15625,146799.546875,147118.015625,147256.59375,147037.90625,147205.546875,147284.40625,118628.84375,-0.632080078125,0.21533203125,-0.48193359375,-0.12195122241973877,2.5,0.18292683362960815,20.0,9273.0,890827.734237791
146796.25,146816.09375,147134.375,147272.96875,147054.453125,147221.90625,147299.0625,118628.84375,-0.634033203125,0.214599609375,-0.478515625,-0.15243902802467346,2.408536672592163,0.15243902802467346,20.0,9274.0,890827.736589125
146752.25,146772.28125,147090.03125,147228.53125,147010.46875,147178.09375,147248.546875,118532.015625,-0.63232421875,0.2138671875,-0.4794921875,-0.24390244483947754,2.317073106765747,0.18292683362960815,20.0,9275.0,890827.736683875
146697.53125,146717.390625,147035.140625,147173.546875,146955.65625,147123.296875,147191.78125,118460.9375,-0.631591796875,0.215576171875,-0.477783203125,-0.21341463923454285,2.408536672592163,0.09146341681480408,20.0,9276.0,890827.737917208
146723.109375,146742.78125,147060.984375,147199.46875,146980.953125,147148.0625,147226.109375,118563.6640625,-0.63134765625,0.216796875,-0.480224609375,-0.15243902802467346,2.4695122241973877,0.030487805604934692,20.0,9277.0,890827.739162458
146747.34375,146767.1875,147085.5625,147224.0625,147005.015625,147172.5625,147251.765625,118597.7265625,-0.631103515625,0.216064453125,-0.482421875,-0.12195122241973877,2.378048896789551,0.21341463923454285,20.0,9278.0,890827.7405035
146719.71875,146739.921875,147057.40625,147196.25,146977.734375,147145.109375,147217.703125,118494.015625,-0.631103515625,0.216796875,-0.4794921875,-0.09146341681480408,2.408536672592163,0.18292683362960815,20.0,9279.0,890827.741889291
146661.953125,146681.796875,146999.203125,147137.953125,146919.625,147087.359375,147155.578125,118402.2890625,-0.631103515625,0.21630859375,-0.4814453125,-0.12195122241973877,2.408536672592163,0.18292683362960815,20.0,9280.0,890827.775953125
146682.609375,146702.359375,147020.203125,147159.0625,146940.71875,147107.921875,147181.3125,118479.890625,-0.63134765625,0.215576171875,-0.479736328125,-0.060975611209869385,2.5609755516052246,0.12195122241973877,20.0,9281.0,890827.775984083
146712.734375,146732.3125,147051.046875,147189.28125,146970.671875,147137.875,147216.8125,118554.0078125,-0.630859375,0.214599609375,-0.4794921875,-0.09146341681480408,2.3475608825683594,0.09146341681480408,20.0,9282.0,890827.778414208
146692.625,146712.015625,147030.125,147168.4375,146950.46875,147117.65625,147190.34375,118470.7734375,-0.630859375,0.216064453125,-0.47802734375,-0.12195122241973877,2.2865853309631348,0.18292683362960815,20.0,9283.0,890827.778431875
146619.3125,146638.796875,146956.109375,147094.859375,146877.15625,147043.90625,147112.75,118368.671875,-0.63134765625,0.2158203125,-0.48095703125,-0.15243902802467346,2.408536672592163,0.12195122241973877,20.0,9284.0,890827.781701833
146625.390625,146644.78125,146962.546875,147101.125,146883.0625,147050.15625,147121.953125,118410.2421875,-0.63232421875,0.213623046875,-0.47705078125,-0.09146341681480408,2.408536672592163,0.060975611209869385,20.0,9285.0,890827.7817875
146659.359375,146678.859375,146997.046875,147135.8125,146917.03125,147084.40625,147163.890625,118512.4375,-0.63232421875,0.21435546875,-0.478271484375,0.0,2.4695122241973877,0.15243902802467346,20.0,9286.0,890827.782898625
146651.40625,146670.8125,146988.734375,147127.765625,146909.171875,147076.359375,147148.328125,118442.25,-0.631591796875,0.21435546875,-0.4775390625,-0.060975611209869385,2.5,0.15243902802467346,20.0,9287.0,890827.784142583
146579.4375,146599.109375,146916.765625,147055.4375,146837.1875,147004.296875,147072.59375,118343.3671875,-0.630615234375,0.21435546875,-0.480224609375,-0.060975611209869385,2.5304877758026123,0.21341463923454285,20.0,9288.0,890827.826790583
146569.421875,146588.90625,146906.75,147045.15625,146827.0,146994.28125,147064.640625,118343.546875,-0.63232421875,0.212890625,-0.482421875,-0.060975611209869385,2.4390244483947754,0.27439025044441223,20.0,9289.0,890827.826817958
146606.25,146626.1875,146944.125,147082.609375,146863.75,147031.46875,147111.3125,118465.2265625,-0.633056640625,0.214599609375,-0.47998046875,-0.18292683362960815,2.4695122241973877,0.24390244483947754,20.0,9290.0,890827.8268335
146608.75,146628.703125,146946.09375,147084.9375,146866.34375,147034.0625,147107.65625,118413.5546875,-0.6318359375,0.216064453125,-0.4794921875,-0.18292683362960815,2.5304877758026123,0.15243902802467346,20.0,9291.0,890827.826847833
146545.90625,146566.015625,146883.0625,147022.265625,146803.84375,146971.125,147039.96875,118312.5234375,-0.63037109375,0.213623046875,-0.477783203125,-0.15243902802467346,2.5,0.09146341681480408,20.0,9292.0,890827.826861916
146521.765625,146542.15625,146859.09375,146997.953125,146779.703125,146947.15625,147015.109375,118274.703125,-0.63232421875,0.21337890625,-0.480712890625,-0.15243902802467346,2.408536672592163,0.060975611209869385,20.0,9293.0,890827.826875875
146558.25,146578.09375,146895.75,147034.609375,146815.90625,146983.46875,147062.3125,118402.8203125,-0.631591796875,0.214599609375,-0.478271484375,-0.15243902802467346,2.378048896789551,0.12195122241973877,20.0,9294.0,890827.826889916
146568.703125,146588.734375,146906.125,147045.0625,146826.015625,146994.109375,147069.375,118380.0234375,-0.6328125,0.21435546875,-0.476318359375,-0.12195122241973877,2.4695122241973877,0.09146341681480408,20.0,9295.0,890827.828011666
146514.078125,146534.28125,146851.046875,146990.171875,146771.5625,146939.203125,147010.46875,118285.1640625,-0.63134765625,0.21240234375,-0.47705078125,-0.030487805604934692,2.4695122241973877,0.12195122241973877,20.0,9296.0,890827.829180125
146467.9375,146488.234375,146804.640625,146943.5,146725.609375,146892.890625,146961.46875,118221.6875,-0.630859375,0.212646484375,-0.477783203125,-0.12195122241973877,2.317073106765747,0.21341463923454285,20.0,9297.0,890827.830416041
146498.34375,146518.28125,146835.671875,146974.875,146755.828125,146923.46875,147001.609375,118339.4296875,-0.62890625,0.215087890625,-0.476318359375,-0.030487805604934692,2.378048896789551,0.27439025044441223,20.0,9298.0,890827.831853125
146517.390625,146537.234375,146854.8125,146993.828125,146775.234375,146942.328125,147020.296875,118350.5234375,-0.628662109375,0.2158203125,-0.477783203125,-0.060975611209869385,2.5,0.15243902802467346,20.0,9299.0,890827.834351666
146477.59375,146497.625,146815.109375,146953.6875,146735.71875,146902.640625,146974.34375,118254.5,-0.630615234375,0.214111328125,-0.47705078125,-0.09146341681480408,2.4390244483947754,0.12195122241973877,20.0,9300.0,890827.835468416
146420.90625,146440.765625,146757.796875,146896.5625,146678.3125,146845.59375,146914.265625,118172.421875,-0.631103515625,0.214111328125,-0.47802734375,-0.09146341681480408,2.408536672592163,0.18292683362960815,20.0,9301.0,890827.836814791
146449.171875,146468.5625,146786.40625,146925.265625,146706.75,146874.125,146950.296875,118270.59375,-0.6318359375,0.212890625,-0.479248046875,-0.12195122241973877,2.5304877758026123,0.18292683362960815,20.0,9302.0,890827.837980583
146474.921875,146494.140625,146812.34375,146951.09375,146732.3125,146899.59375,146978.8125,118319.4921875,-0.630615234375,0.21484375,-0.481689453125,-0.12195122241973877,2.5304877758026123,0.15243902802467346,20.0,9303.0,890827.868355166
146448.453125,146467.765625,146785.515625,146924.09375,146705.5,146872.953125,146944.484375,118224.1875,-0.632080078125,0.216796875,-0.480712890625,-0.09146341681480408,2.4390244483947754,0.12195122241973877,20.0,9304.0,890827.868378291
146385.234375,146404.734375,146722.125,146860.703125,146642.90625,146809.828125,146878.671875,118130.578125,-0.63134765625,0.217529296875,-0.479248046875,-0.09146341681480408,2.5,0.15243902802467346,20.0,9305.0,890827.872178125
146400.703125,146420.203125,146737.953125,146876.984375,146658.375,146825.5625,146899.953125,118199.5078125,-0.631591796875,0.21728515625,-0.47802734375,-0.12195122241973877,2.378048896789551,0.060975611209869385,20.0,9306.0,890827.872197375
146431.640625,146451.3125,146769.0625,146908.265625,146689.40625,146856.59375,146936.4375,118281.6796875,-0.63232421875,0.21728515625,-0.480224609375,-0.09146341681480408,2.378048896789551,0.12195122241973877,20.0,9307.0,890827.872212916
146415.015625,146434.859375,146752.34375,146890.84375,146672.421875,146840.140625,146911.84375,118197.8125,-0.6318359375,0.213134765625,-0.48095703125,-0.12195122241973877,2.408536672592163,0.18292683362960815,20.0,9308.0,890827.872229083
146344.5625,146363.96875,146681.359375,146819.9375,146601.875,146769.25,146838.265625,118098.2109375,-0.63134765625,0.21435546875,-0.47900390625,-0.12195122241973877,2.5304877758026123,0.18292683362960815,20.0,9309.0,890827.874196666
146345.90625,146365.75,146683.234375,146821.8125,146603.75,146770.671875,146842.734375,118127.0,-0.630859375,0.214599609375,-0.481201171875,-0.12195122241973877,2.5,0.18292683362960815,20.0,9310.0,890827.874273875
146381.65625,146401.515625,146719.625,146857.9375,146639.25,146806.34375,146886.546875,118236.34375,-0.63037109375,0.214111328125,-0.480224609375,-0.12195122241973877,2.5,0.21341463923454285,20.0,9311.0,890827.875431958
146378.0,146397.671875,146715.421875,146853.546875,146635.40625,146802.953125,146876.171875,118170.3671875,-0.631591796875,0.215087890625,-0.4794921875,-0.12195122241973877,2.408536672592163,0.21341463923454285,20.0,9312.0,890827.876878291
146311.296875,146330.796875,146648.09375,146786.40625,146568.53125,146736.078125,146805.453125,118068.796875,-0.631591796875,0.214599609375,-0.47607421875,-0.15243902802467346,2.408536672592163,0.12195122241973877,20.0,9313.0,890827.879320666
146299.234375,146318.453125,146635.765625,146774.25,146556.640625,146723.640625,146793.5625,118059.234375,-0.630615234375,0.213623046875,-0.479736328125,-0.12195122241973877,2.5,0.21341463923454285,20.0,9314.0,890827.910853166
146336.25,146356.0,146673.484375,146812.421875,146593.828125,146760.921875,146840.765625,118185.65625,-0.630615234375,0.214111328125,-0.479736328125,-0.15243902802467346,2.4695122241973877,0.12195122241973877,20.0,9315.0,890827.910878458
146340.984375,146360.921875,146678.046875,146817.078125,146598.921875,146766.03125,146840.046875,118140.859375,-0.631103515625,0.214111328125,-0.47802734375,-0.18292683362960815,2.5304877758026123,0.12195122241973877,20.0,9316.0,890827.9142695
146281.265625,146301.5625,146617.875,146756.90625,146539.203125,146706.03125,146777.375,118042.9609375,-0.630615234375,0.216796875,-0.479248046875,-0.21341463923454285,2.5,0.15243902802467346,20.0,9317.0,890827.914289333
146247.734375,146267.9375,146584.4375,146723.109375,146505.5,146672.234375,146743.046875,118003.265625,-0.6318359375,0.216552734375,-0.479736328125,-0.18292683362960815,2.5,0.15243902802467346,20.0,9318.0,890827.916680125
146280.8125,146300.578125,146618.140625,146757.171875,146538.65625,146705.40625,146785.0625,118128.1640625,-0.629150390625,0.21484375,-0.4755859375,-0.060975611209869385,2.4390244483947754,0.15243902802467346,20.0,9319.0,890827.91675525
146294.765625,146314.4375,146632.265625,146770.9375,146552.609375,146719.53125,146795.890625,118113.7734375,-0.6328125,0.215087890625,-0.474853515625,-0.060975611209869385,2.378048896789551,0.060975611209869385,20.0,9320.0,890827.925924125
146247.375,146267.21875,146584.53125,146722.84375,146504.953125,146671.875,146743.765625,118015.2421875,-0.63037109375,0.21630859375,-0.4755859375,-0.15243902802467346,2.4390244483947754,0.0,20.0,9321.0,890827.925943458
146200.34375,146220.28125,146537.234375,146675.8125,146458.203125,146625.03125,146694.234375,117944.96875,-0.630859375,0.21533203125,-0.477294921875,-0.12195122241973877,2.5304877758026123,0.0,20.0,9322.0,890827.925957708
146231.015625,146251.21875,146568.703125,146707.375,146489.21875,146656.140625,146733.484375,118060.21875,-0.630615234375,0.215087890625,-0.477294921875,-0.09146341681480408,2.2865853309631348,0.09146341681480408,20.0,9323.0,890827.925972
146251.75,146271.78125,146589.359375,146727.9375,146509.78125,146676.96875,146754.578125,118083.7265625,-0.633056640625,0.21630859375,-0.479248046875,-0.09146341681480408,2.408536672592163,0.12195122241973877,20.0,9324.0,890827.928100416
146213.125,146232.796875,146549.921875,146688.6875,146470.53125,146637.640625,146709.96875,117990.4765625,-0.632568359375,0.2138671875,-0.480712890625,-0.15243902802467346,2.5304877758026123,0.09146341681480408,20.0,9325.0,890827.928174833
146150.28125,146169.765625,146486.71875,146625.296875,146407.6875,146574.96875,146644.25,117901.0703125,-0.633544921875,0.21337890625,-0.479736328125,-0.15243902802467346,2.591463327407837,0.030487805604934692,20.0,9326.0,890827.928193625
146174.234375,146193.734375,146511.390625,146649.703125,146431.546875,146599.015625,146674.734375,117989.40625,-0.631103515625,0.214599609375,-0.482177734375,-0.27439025044441223,2.5304877758026123,0.030487805604934692,20.0,9327.0,890827.962046708
146200.796875,146220.46875,146538.390625,146676.796875,146458.109375,146625.75,146704.78125,118047.0703125,-0.631591796875,0.214111328125,-0.478271484375,-0.21341463923454285,2.5,0.12195122241973877,20.0,9328.0,890827.962073708
146176.828125,146196.59375,146513.8125,146652.296875,146434.234375,146601.609375,146672.0625,117955.34375,-0.631591796875,0.21533203125,-0.477783203125,-0.18292683362960815,2.5,0.12195122241973877,20.0,9329.0,890827.965547625
146108.609375,146128.828125,146445.859375,146584.34375,146366.734375,146533.65625,146602.3125,117863.6953125,-0.631103515625,0.21484375,-0.477783203125,-0.12195122241973877,2.621951103210449,0.18292683362960815,20.0,9330.0,890827.965573666
146119.25,146139.109375,146456.859375,146595.53125,146377.375,146544.203125,146618.6875,117919.21875,-0.631591796875,0.21533203125,-0.4794921875,-0.060975611209869385,2.5304877758026123,0.21341463923454285,20.0,9331.0,890827.970842
146151.265625,146171.109375,146488.859375,146627.796875,146409.46875,146576.296875,146657.484375,118010.5078125,-0.63232421875,0.216552734375,-0.478759765625,-0.060975611209869385,2.4695122241973877,0.21341463923454285,20.0,9332.0,890827.970871125
146141.15625,146161.0,146478.046875,146617.25,146399.09375,146565.84375,146639.78125,117928.1640625,-0.631103515625,0.216552734375,-0.479248046875,-0.09146341681480408,2.5304877758026123,0.15243902802467346,20.0,9333.0,890827.970887
146070.703125,146090.640625,146407.328125,146546.4375,146328.203125,146495.484375,146565.9375,117831.421875,-0.63037109375,0.2158203125,-0.480712890625,-0.15243902802467346,2.5304877758026123,0.09146341681480408,20.0,9334.0,890827.970901583
146066.5,146086.4375,146403.390625,146542.328125,146324.0,146491.359375,146563.078125,117844.390625,-0.630126953125,0.213623046875,-0.47900390625,-0.12195122241973877,2.408536672592163,0.18292683362960815,20.0,9335.0,890827.972963541
146101.90625,146121.9375,146439.328125,146577.90625,146359.578125,146526.765625,146607.328125,117960.078125,-0.630126953125,0.215087890625,-0.4814453125,-0.15243902802467346,2.4390244483947754,0.12195122241973877,20.0,9336.0,890827.972986208
146100.75,146120.78125,146437.984375,146576.75,146358.421875,146525.875,146599.28125,117896.421875,-0.62890625,0.216064453125,-0.478759765625,-0.09146341681480408,2.4695122241973877,0.12195122241973877,20.0,9337.0,890827.9776095
146037.71875,146057.390625,146374.6875,146513.09375,146295.203125,146462.390625,146531.875,117797.5390625,-0.63037109375,0.214111328125,-0.478515625,-0.12195122241973877,2.5,0.12195122241973877,20.0,9338.0,890828.007840208
146017.421875,146037.265625,146354.578125,146492.625,146275.0,146441.75,146512.109375,117780.7265625,-0.631103515625,0.213623046875,-0.478515625,-0.15243902802467346,2.408536672592163,0.21341463923454285,20.0,9339.0,890828.007862125
146054.171875,146074.1875,146391.859375,146530.265625,146311.84375,146478.765625,146559.140625,117907.2421875,-0.63232421875,0.215576171875,-0.477294921875,-0.09146341681480408,2.3475608825683594,0.060975611209869385,20.0,9340.0,890828.00791275
146062.03125,146081.875,146399.09375,146537.859375,146319.53125,146486.53125,146561.734375,117870.8515625,-0.62939453125,0.216064453125,-0.478515625,-0.09146341681480408,2.4390244483947754,0.09146341681480408,20.0,9341.0,890828.007935833
146002.3125,146022.25,146339.015625,146477.953125,146259.890625,146426.90625,146497.0,117775.0078125,-0.629638671875,0.21630859375,-0.479248046875,-0.09146341681480408,2.4695122241973877,0.12195122241973877,20.0,9342.0,890828.00795325
145965.03125,145984.875,146301.375,146440.21875,146222.703125,146389.53125,146458.203125,117718.6796875,-0.631103515625,0.2158203125,-0.478271484375,-0.15243902802467346,2.5,0.21341463923454285,20.0,9343.0,890828.010012291
146000.171875,146020.1875,146337.59375,146476.4375,146258.109375,146424.84375,146504.15625,117841.796875,-0.630126953125,0.215576171875,-0.47900390625,-0.24390244483947754,2.4695122241973877,0.09146341681480408,20.0,9344.0,890828.011852458
146015.0,146035.03125,146352.875,146490.921875,146272.859375,146439.59375,146516.578125,117836.6953125,-0.62939453125,0.215087890625,-0.479248046875,-0.21341463923454285,2.5609755516052246,0.09146341681480408,20.0,9345.0,890828.017043916
145971.828125,145991.9375,146309.421875,146447.109375,146229.9375,146396.59375,146468.484375,117737.90625,-0.63037109375,0.2138671875,-0.480224609375,-0.24390244483947754,2.5304877758026123,0.09146341681480408,20.0,9346.0,890828.017124625
145920.5,145940.625,146257.484375,146395.796875,146178.4375,146345.0,146415.015625,117663.78125,-0.629638671875,0.21533203125,-0.478515625,-0.21341463923454285,2.5304877758026123,0.09146341681480408,20.0,9347.0,890828.019260375
145949.03125,145969.234375,146286.625,146424.765625,146206.78125,146373.53125,146450.859375,117772.5,-0.630615234375,0.21435546875,-0.478271484375,-0.12195122241973877,2.5,0.12195122241973877,20.0,9348.0,890828.051756208
145971.109375,145991.140625,146308.53125,146447.203125,146228.78125,146395.796875,146474.203125,117805.9453125,-0.63037109375,0.214111328125,-0.478759765625,-0.18292683362960815,2.378048896789551,0.09146341681480408,20.0,9349.0,890828.051787875
145937.3125,145957.609375,146274.109375,146412.78125,146194.71875,146362.171875,146433.515625,117712.6015625,-0.63037109375,0.21484375,-0.480224609375,-0.09146341681480408,2.4390244483947754,0.12195122241973877,20.0,9350.0,890828.0564525
145873.203125,145893.6875,146210.359375,146348.578125,146131.0625,146297.984375,146367.09375,117619.6171875,-0.631103515625,0.2158203125,-0.47998046875,-0.18292683362960815,2.5609755516052246,0.12195122241973877,20.0,9351.0,890828.056469416
145891.71875,145911.65625,146228.953125,146367.53125,146149.390625,146316.390625,146391.671875,117702.2265625,-0.630615234375,0.21533203125,-0.47705078125,-0.21341463923454285,2.4390244483947754,0.09146341681480408,20.0,9352.0,890828.058741666
145919.515625,145939.546875,146257.125,146395.875,146177.453125,146344.734375,146424.3125,117769.015625,-0.63232421875,0.21435546875,-0.4755859375,-0.18292683362960815,2.4695122241973877,0.060975611209869385,20.0,9353.0,890828.05875875
145899.765625,145919.703125,146237.0,146375.578125,146157.703125,146324.265625,146397.046875,117680.1484375,-0.630859375,0.216552734375,-0.474365234375,-0.12195122241973877,2.408536672592163,0.27439025044441223,20.0,9354.0,890828.061278875
145830.015625,145849.875,146166.640625,146305.125,146087.515625,146254.265625,146322.390625,117588.7734375,-0.63037109375,0.21630859375,-0.47802734375,-0.15243902802467346,2.408536672592163,0.24390244483947754,20.0,9355.0,890828.061354708
145834.671875,145854.4375,146171.46875,146310.140625,146092.4375,146259.0,146332.484375,117632.40625,-0.63037109375,0.21484375,-0.478515625,-0.09146341681480408,2.4390244483947754,0.15243902802467346,20.0,9356.0,890828.062930458
145868.734375,145888.578125,146205.984375,146344.828125,146126.5,146293.15625,146374.421875,117731.1953125,-0.631103515625,0.21484375,-0.480224609375,0.0,2.4390244483947754,0.09146341681480408,20.0,9357.0,890828.063020583
145861.9375,145881.609375,146198.640625,146337.3125,146119.34375,146286.265625,146359.046875,117649.8359375,-0.6318359375,0.213134765625,-0.480224609375,-0.060975611209869385,2.4390244483947754,0.15243902802467346,20.0,9358.0,890828.065051458
145795.328125,145815.265625,146132.046875,146270.359375,146052.828125,146219.84375,146288.859375,117548.359375,-0.63134765625,0.21484375,-0.478759765625,-0.030487805604934692,2.5304877758026123,0.12195122241973877,20.0,9359.0,890828.06629325
145789.609375,145809.734375,146126.578125,146264.8125,146047.453125,146214.03125,146284.65625,117554.796875,-0.631103515625,0.215087890625,-0.47900390625,-0.060975611209869385,2.4390244483947754,0.09146341681480408,20.0,9360.0,890828.068483833
145827.25,145847.375,146164.671875,146303.25,146085.1875,146251.75,146331.78125,117676.03125,-0.6318359375,0.216796875,-0.4765625,-0.15243902802467346,2.4695122241973877,0.12195122241973877,20.0,9361.0,890828.121713166
145828.0625,145848.171875,146165.390625,146303.703125,146086.0,146252.375,146326.953125,117622.75,-0.63134765625,0.21435546875,-0.4765625,-0.24390244483947754,2.5,0.15243902802467346,20.0,9362.0,890828.121745208
145762.703125,145782.375,146099.40625,146237.546875,146020.28125,146186.84375,146257.203125,117535.3046875,-0.6328125,0.2138671875,-0.47705078125,-0.21341463923454285,2.5,0.15243902802467346,20.0,9363.0,890828.121760875
145733.90625,145753.84375,146070.796875,146209.203125,145991.671875,146158.328125,146227.796875,117500.171875,-0.63037109375,0.216064453125,-0.480224609375,-0.060975611209869385,2.4390244483947754,0.12195122241973877,20.0,9364.0,890828.122942375
145767.796875,145787.46875,146105.125,146243.796875,146025.5625,146192.5625,146272.671875,117625.4296875,-0.630126953125,0.21630859375,-0.4775390625,-0.12195122241973877,2.5,0.15243902802467346,20.0,9365.0,890828.122965541
145777.8125,145797.65625,146114.78125,146253.359375,146035.65625,146202.5,146279.109375,117596.7265625,-0.629638671875,0.21484375,-0.4765625,-0.030487805604934692,2.4695122241973877,0.15243902802467346,20.0,9366.0,890828.126348291
145725.5,145745.53125,146062.03125,146201.15625,145983.4375,146150.09375,146220.90625,117496.7734375,-0.630126953125,0.2138671875,-0.478271484375,-0.12195122241973877,2.4390244483947754,0.21341463923454285,20.0,9367.0,890828.126437583
145686.25,145706.1875,146022.6875,146161.71875,145944.015625,146110.671875,146178.171875,117430.1640625,-0.630126953125,0.214111328125,-0.47802734375,-0.09146341681480408,2.378048896789551,0.12195122241973877,20.0,9368.0,890828.128746833
145721.484375,145741.6875,146058.8125,146197.578125,145979.515625,146146.171875,146224.390625,117557.9296875,-0.631103515625,0.21533203125,-0.478759765625,-0.09146341681480408,2.408536672592163,0.09146341681480408,20.0,9369.0,890828.1288295
145739.1875,145759.21875,146076.515625,146214.828125,145997.296875,146163.6875,146240.9375,117564.8125,-0.632568359375,0.214111328125,-0.47705078125,-0.12195122241973877,2.408536672592163,0.12195122241973877,20.0,9370.0,890828.1304245
145698.59375,145718.71875,146035.296875,146173.875,145956.4375,146123.09375,146194.453125,117467.984375,-0.632568359375,0.212890625,-0.479736328125,-0.12195122241973877,2.4390244483947754,0.18292683362960815,20.0,9371.0,890828.130509291
145645.3125,145665.328125,145981.65625,146120.421875,145902.890625,146069.8125,146138.390625,117389.21875,-0.632568359375,0.21337890625,-0.48046875,-0.15243902802467346,2.408536672592163,0.21341463923454285,20.0,9372.0,890828.131863458
145672.9375,145693.046875,146010.0,146148.484375,145930.609375,146097.4375,146173.703125,117491.40625,-0.633544921875,0.2158203125,-0.48046875,-0.12195122241973877,2.4695122241973877,0.27439025044441223,20.0,9373.0,890828.1388185
145697.609375,145717.8125,146034.59375,146173.34375,145955.453125,146121.671875,146200.53125,117533.875,-0.63232421875,0.21484375,-0.475830078125,-0.12195122241973877,2.5304877758026123,0.18292683362960815,20.0,9374.0,890828.138892125
145669.625,145690.015625,146006.25,146145.359375,145927.65625,146093.859375,146166.8125,117435.6171875,-0.63134765625,0.21484375,-0.47900390625,-0.09146341681480408,2.591463327407837,0.21341463923454285,20.0,9375.0,890828.140783958
145606.859375,145626.984375,145943.5625,146082.0625,145864.625,146031.015625,146101.546875,117347.734375,-0.632568359375,0.214599609375,-0.480224609375,-0.030487805604934692,2.591463327407837,0.15243902802467346,20.0,9376.0,890828.1435365
145622.59375,145643.078125,145959.9375,146098.328125,145880.984375,146047.015625,146121.484375,117419.34375,-0.6318359375,0.215087890625,-0.480224609375,-0.060975611209869385,2.5304877758026123,0.09146341681480408,20.0,9377.0,890828.173638583
145652.8125,145673.65625,145990.59375,146128.90625,145911.203125,146077.328125,146157.078125,117496.953125,-0.6328125,0.21484375,-0.482421875,-0.09146341681480408,2.5,0.15243902802467346,20.0,9378.0,890828.173662375
145635.5625,145656.21875,145972.890625,146110.9375,145893.859375,146060.0625,146132.75,117418.09375,-0.633056640625,0.21630859375,-0.475341796875,-0.15243902802467346,2.5,0.21341463923454285,20.0,9379.0,890828.17367625
145560.546875,145580.75,145897.796875,146035.65625,145818.84375,145985.328125,146056.21875,117320.1015625,-0.63232421875,0.213134765625,-0.47705078125,-0.12195122241973877,2.408536672592163,0.15243902802467346,20.0,9380.0,890828.175296083
145561.796875,145582.1875,145898.953125,146037.09375,145820.1875,145986.21875,146060.421875,117354.078125,-0.632568359375,0.21533203125,-0.477294921875,-0.030487805604934692,2.5609755516052246,0.15243902802467346,20.0,9381.0,890828.175312833
145596.40625,145616.875,145933.734375,146072.3125,145854.515625,146020.90625,146102.09375,117458.7734375,-0.632080078125,0.2138671875,-0.47607421875,-0.060975611209869385,2.378048896789551,0.15243902802467346,20.0,9382.0,890828.175326958
145592.015625,145612.765625,145928.90625,146067.671875,145850.3125,146016.796875,146090.28125,117381.703125,-0.63232421875,0.212890625,-0.480224609375,-0.12195122241973877,2.378048896789551,0.24390244483947754,20.0,9383.0,890828.175340833
145531.140625,145551.34375,145867.484375,146006.421875,145789.25,145955.546875,146026.265625,117284.1640625,-0.634033203125,0.21337890625,-0.479736328125,-0.12195122241973877,2.4695122241973877,0.18292683362960815,20.0,9384.0,890828.182188583
145518.53125,145538.828125,145855.234375,145993.640625,145776.5625,145943.21875,146014.203125,117283.359375,-0.630126953125,0.21240234375,-0.4794921875,-0.12195122241973877,2.4695122241973877,0.12195122241973877,20.0,9385.0,890828.182207166
145554.203125,145574.59375,145891.53125,146030.109375,145812.3125,145979.15625,146059.171875,117407.09375,-0.630126953125,0.214111328125,-0.478759765625,-0.09146341681480408,2.5304877758026123,0.18292683362960815,20.0,9386.0,890828.1822725
145558.140625,145578.609375,145895.109375,146033.609375,145816.171875,145983.0,146057.203125,117358.546875,-0.63134765625,0.214599609375,-0.480712890625,-0.18292683362960815,2.4390244483947754,0.15243902802467346,20.0,9387.0,890828.183740541
145498.046875,145518.4375,145834.40625,145972.625,145756.0,145922.734375,145993.09375,117258.6796875,-0.63037109375,0.21630859375,-0.480712890625,-0.21341463923454285,2.3475608825683594,0.030487805604934692,20.0,9388.0,890828.185377166
145470.875,145491.265625,145807.046875,145945.359375,145728.8125,145895.46875,145964.046875,117219.5234375,-0.6328125,0.2138671875,-0.481689453125,-0.15243902802467346,2.4390244483947754,0.030487805604934692,20.0,9389.0,890828.185423625
145508.34375,145528.453125,145844.953125,145983.4375,145765.65625,145932.390625,146010.890625,117347.4609375,-0.632080078125,0.214599609375,-0.47998046875,-0.12195122241973877,2.5304877758026123,0.18292683362960815,20.0,9390.0,890828.187274291
145520.5,145540.96875,145857.375,145995.609375,145778.53125,145945.359375,146020.375,117328.953125,-0.630126953125,0.213623046875,-0.480224609375,-0.060975611209869385,2.5609755516052246,0.15243902802467346,20.0,9391.0,890828.221735375
145469.984375,145490.546875,145806.421875,145944.90625,145728.09375,145894.578125,145965.203125,117233.0234375,-0.631591796875,0.2158203125,-0.48095703125,-0.09146341681480408,2.378048896789551,0.18292683362960815,20.0,9392.0,890828.221765875
145425.09375,145445.390625,145761.359375,145899.9375,145683.03125,145849.6875,145917.734375,117165.875,-0.6318359375,0.214599609375,-0.4814453125,-0.09146341681480408,2.4695122241973877,0.12195122241973877,20.0,9393.0,890828.2276925
145457.828125,145477.9375,145794.34375,145933.109375,145715.578125,145882.234375,145959.390625,117282.640625,-0.6318359375,0.21484375,-0.4794921875,-0.12195122241973877,2.5,0.12195122241973877,20.0,9394.0,890828.227711041
145476.421875,145496.359375,145812.859375,145951.890625,145734.625,145900.828125,145978.4375,117301.5078125,-0.6328125,0.21484375,-0.476806640625,-0.15243902802467346,2.4695122241973877,0.15243902802467346,20.0,9395.0,890828.227728083
145436.625,145456.75,145772.796875,145912.015625,145694.84375,145861.046875,145932.390625,117208.96875,-0.633056640625,0.214111328125,-0.478759765625,-0.12195122241973877,2.4390244483947754,0.12195122241973877,20.0,9396.0,890828.227782625
145374.9375,145395.234375,145711.109375,145849.875,145633.328125,145799.359375,145867.3125,117120.8125,-0.629150390625,0.215087890625,-0.476806640625,-0.09146341681480408,2.591463327407837,0.060975611209869385,20.0,9397.0,890828.230044583
145399.265625,145419.5625,145735.78125,145874.640625,145657.46875,145823.578125,145899.3125,117213.890625,-0.631591796875,0.215087890625,-0.47900390625,-0.060975611209869385,2.5304877758026123,0.09146341681480408,20.0,9398.0,890828.23243225
145424.828125,145445.125,145761.265625,145900.390625,145682.6875,145849.25,145928.28125,117268.0703125,-0.6318359375,0.21435546875,-0.481201171875,-0.030487805604934692,2.5304877758026123,0.12195122241973877,20.0,9399.0,890828.232527166
145401.3125,145421.4375,145737.484375,145876.421875,145659.4375,145825.546875,145897.796875,117175.890625,-0.629638671875,0.216064453125,-0.4794921875,-0.030487805604934692,2.4695122241973877,0.09146341681480408,20.0,9400.0,890828.233661541
145336.140625,145356.171875,145672.390625,145810.890625,145594.078125,145760.28125,145829.125,117078.078125,-0.631103515625,0.216796875,-0.480224609375,-0.15243902802467346,2.408536672592163,0.12195122241973877,20.0,9401.0,890828.233677875
145350.53125,145370.375,145686.703125,145825.546875,145608.46875,145774.59375,145848.171875,117142.1875,-0.629638671875,0.2138671875,-0.47802734375,-0.15243902802467346,2.5304877758026123,0.12195122241973877,20.0,9402.0,890828.238072
145381.828125,145401.5,145718.4375,145857.03125,145639.765625,145805.96875,145885.546875,117229.0,-0.631591796875,0.214599609375,-0.478759765625,-0.18292683362960815,2.5,0.030487805604934692,20.0,9403.0,890828.267061875
145366.265625,145385.84375,145702.4375,145840.84375,145623.9375,145790.234375,145862.203125,117151.484375,-0.6318359375,0.21337890625,-0.476318359375,-0.09146341681480408,2.408536672592163,0.21341463923454285,20.0,9404.0,890828.267091041
145295.90625,145315.9375,145631.984375,145770.484375,145553.9375,145719.96875,145788.53125,117048.3046875,-0.630859375,0.215576171875,-0.477783203125,-0.12195122241973877,2.5,0.15243902802467346,20.0,9405.0,890828.267108125
145293.84375,145314.234375,145630.640625,145768.875,145551.875,145718.359375,145790.421875,117075.3046875,-0.631103515625,0.21484375,-0.47802734375,-0.030487805604934692,2.408536672592163,0.18292683362960815,20.0,9406.0,890828.269717166
145330.234375,145350.265625,145667.125,145805.25,145587.90625,145754.296875,145834.765625,117186.6171875,-0.630126953125,0.215576171875,-0.479248046875,-0.12195122241973877,2.4390244483947754,0.18292683362960815,20.0,9407.0,890828.269736625
145327.734375,145347.9375,145664.171875,145802.578125,145585.40625,145751.796875,145825.375,117120.7265625,-0.628662109375,0.21484375,-0.480224609375,-0.12195122241973877,2.4390244483947754,0.09146341681480408,20.0,9408.0,890828.269750833
145262.46875,145282.578125,145598.453125,145737.3125,145519.953125,145686.078125,145756.078125,117020.9453125,-0.6298828125,0.214599609375,-0.481201171875,-0.09146341681480408,2.408536672592163,0.15243902802467346,20.0,9409.0,890828.269765916
145246.015625,145266.21875,145582.1875,145721.125,145503.6875,145670.078125,145740.171875,117009.0546875,-0.631103515625,0.21533203125,-0.477783203125,-0.12195122241973877,2.4390244483947754,0.18292683362960815,20.0,9410.0,890828.273210041
145283.5625,145303.765625,145620.8125,145759.65625,145541.6875,145708.15625,145788.0,117135.65625,-0.630126953125,0.213134765625,-0.482177734375,-0.15243902802467346,2.4695122241973877,0.12195122241973877,20.0,9411.0,890828.27323625
145289.46875,145310.03125,145626.265625,145764.578125,145547.59375,145713.890625,145788.625,117094.3515625,-0.632080078125,0.216552734375,-0.47998046875,-0.12195122241973877,2.5304877758026123,0.18292683362960815,20.0,9412.0,890828.273251375
145231.4375,145252.1875,145567.875,145706.109375,145489.5625,145655.59375,145726.125,116995.203125,-0.630615234375,0.2138671875,-0.47900390625,-0.09146341681480408,2.4390244483947754,0.15243902802467346,20.0,9413.0,890828.304465708
145196.9375,145217.234375,145533.375,145671.59375,145455.140625,145620.8125,145688.84375,116941.46875,-0.630615234375,0.21484375,-0.479736328125,-0.15243902802467346,2.408536672592163,0.12195122241973877,20.0,9414.0,890828.304519791
145233.5,145253.53125,145570.296875,145708.609375,145491.171875,145657.203125,145735.34375,117068.3359375,-0.63134765625,0.2158203125,-0.479248046875,-0.12195122241973877,2.378048896789551,0.18292683362960815,20.0,9415.0,890828.304539041
145248.96875,145269.0,145585.5,145723.890625,145506.640625,145672.9375,145748.75,117060.9140625,-0.63232421875,0.216064453125,-0.477294921875,-0.060975611209869385,2.4695122241973877,0.12195122241973877,20.0,9416.0,890828.308105583
145200.859375,145220.984375,145537.03125,145675.34375,145458.453125,145624.828125,145695.640625,116968.734375,-0.6298828125,0.21484375,-0.478759765625,-0.09146341681480408,2.378048896789551,0.060975611209869385,20.0,9417.0,890828.308176541
145148.5625,145168.859375,145484.734375,145623.40625,145406.5,145572.703125,145640.75,116895.6875,-0.63134765625,0.215576171875,-0.480224609375,-0.15243902802467346,2.4390244483947754,0.12195122241973877,20.0,9418.0,890828.308197375
145178.0625,145198.625,145514.78125,145653.265625,145436.1875,145602.296875,145679.375,117005.6640625,-0.631591796875,0.216064453125,-0.481689453125,-0.15243902802467346,2.408536672592163,0.15243902802467346,20.0,9419.0,890828.311841541
145201.140625,145221.15625,145537.84375,145676.0625,145458.984375,145625.015625,145702.703125,117034.2734375,-0.630126953125,0.21337890625,-0.479736328125,-0.12195122241973877,2.5,0.15243902802467346,20.0,9420.0,890828.311920458
145167.15625,145187.1875,145503.234375,145641.90625,145424.828125,145591.125,145660.859375,116940.2109375,-0.630859375,0.213623046875,-0.47802734375,-0.060975611209869385,2.5609755516052246,0.09146341681480408,20.0,9421.0,890828.315429916
145108.234375,145128.0,145444.046875,145582.453125,145366.0,145531.9375,145598.015625,116842.7578125,-0.63037109375,0.212890625,-0.479248046875,-0.09146341681480408,2.5304877758026123,0.09146341681480408,20.0,9422.0,890828.315521791
145133.546875,145153.390625,145470.15625,145608.296875,145391.296875,145557.234375,145631.71875,116932.96875,-0.63134765625,0.213134765625,-0.476318359375,-0.12195122241973877,2.4695122241973877,0.15243902802467346,20.0,9423.0,890828.347007791
145162.59375,145182.53125,145499.484375,145637.625,145420.265625,145586.75,145665.0625,116998.5078125,-0.6318359375,0.21435546875,-0.479736328125,-0.18292683362960815,2.4390244483947754,0.12195122241973877,20.0,9424.0,890828.347039666
145140.78125,145160.71875,145477.046875,145615.53125,145398.28125,145564.65625,145637.796875,116910.9765625,-0.6318359375,0.212646484375,-0.477294921875,-0.12195122241973877,2.378048896789551,0.15243902802467346,20.0,9425.0,890828.350785958
145072.484375,145092.59375,145408.5625,145547.046875,145330.0625,145496.171875,145566.71875,116818.796875,-0.630615234375,0.212890625,-0.476318359375,-0.12195122241973877,2.378048896789551,0.12195122241973877,20.0,9426.0,890828.350816375
145082.140625,145102.078125,145418.125,145556.609375,145339.890625,145505.65625,145578.796875,116866.453125,-0.630615234375,0.213134765625,-0.480224609375,-0.12195122241973877,2.4390244483947754,0.12195122241973877,20.0,9427.0,890828.350831041
145114.140625,145133.71875,145450.21875,145588.796875,145371.8125,145537.65625,145617.59375,116961.8515625,-0.631591796875,0.213134765625,-0.47802734375,-0.09146341681480408,2.378048896789551,0.18292683362960815,20.0,9428.0,890828.352986416
145104.03125,145124.328125,145440.03125,145578.609375,145361.890625,145527.828125,145600.34375,116886.125,-0.63134765625,0.214599609375,-0.47998046875,-0.030487805604934692,2.378048896789551,0.060975611209869385,20.0,9429.0,890828.35301
145035.46875,145055.84375,145371.546875,145509.671875,145293.21875,145458.984375,145527.828125,116781.515625,-0.630126953125,0.21533203125,-0.480224609375,0.0,2.5,0.12195122241973877,20.0,9430.0,890828.354197916
145030.90625,145051.015625,145366.890625,145505.03125,145288.390625,145454.328125,145525.234375,116797.4296875,-0.629638671875,0.216064453125,-0.479736328125,-0.060975611209869385,2.5304877758026123,0.12195122241973877,20.0,9431.0,890828.355527833
145066.046875,145086.421875,145402.484375,145541.0625,145323.4375,145489.5625,145569.84375,116915.1796875,-0.629638671875,0.215087890625,-0.4794921875,-0.15243902802467346,2.4695122241973877,0.21341463923454285,20.0,9432.0,890828.358818
145066.21875,145086.25,145402.390625,145540.796875,145323.984375,145489.828125,145563.328125,116857.6015625,-0.631591796875,0.21533203125,-0.4755859375,-0.09146341681480408,2.4695122241973877,0.09146341681480408,20.0,9433.0,890828.36040275
144999.796875,145020.078125,145335.875,145474.1875,145257.640625,145423.671875,145493.140625,116759.609375,-0.63037109375,0.215087890625,-0.47998046875,-0.15243902802467346,2.4695122241973877,0.18292683362960815,20.0,9434.0,890828.419663583
144976.546875,144997.203125,145312.984375,145451.390625,145235.015625,145400.875,145469.890625,116731.8046875,-0.62841796875,0.214111328125,-0.4814453125,-0.15243902802467346,2.408536672592163,0.12195122241973877,20.0,9435.0,890828.41969025
145012.84375,145033.40625,145349.8125,145488.3125,145270.96875,145436.8125,145516.390625,116858.765625,-0.631103515625,0.214599609375,-0.478515625,-0.09146341681480408,2.317073106765747,0.09146341681480408,20.0,9436.0,890828.419705416
145021.6875,145042.078125,145358.21875,145496.71875,145279.90625,145445.484375,145520.765625,116827.1171875,-0.630615234375,0.215087890625,-0.48095703125,-0.15243902802467346,2.408536672592163,0.09146341681480408,20.0,9437.0,890828.422926958
144968.046875,144988.609375,145304.21875,145442.890625,145226.078125,145391.75,145462.296875,116726.265625,-0.631591796875,0.215087890625,-0.47998046875,-0.15243902802467346,2.4390244483947754,0.18292683362960815,20.0,9438.0,890828.422950791
144933.53125,144954.453125,145269.625,145408.46875,145191.390625,145357.5,145425.09375,116668.4140625,-0.6328125,0.212646484375,-0.47705078125,-0.060975611209869385,2.591463327407837,0.15243902802467346,20.0,9439.0,890828.424077875
144969.21875,144989.859375,145306.015625,145444.671875,145227.515625,145392.828125,145470.875,116795.9140625,-0.630859375,0.21337890625,-0.478759765625,-0.030487805604934692,2.5304877758026123,0.21341463923454285,20.0,9440.0,890828.426509208
144987.1875,145007.75,145324.15625,145462.5625,145245.75,145411.234375,145487.953125,116798.6796875,-0.632080078125,0.213623046875,-0.479248046875,-0.030487805604934692,2.4390244483947754,0.15243902802467346,20.0,9441.0,890828.426529166
144943.828125,144964.46875,145280.53125,145419.015625,145202.203125,145367.96875,145439.21875,116704.09375,-0.63134765625,0.216796875,-0.477294921875,-0.030487805604934692,2.4390244483947754,0.15243902802467346,20.0,9442.0,890828.429224791
144891.703125,144912.4375,145227.859375,145366.8125,145149.90625,145315.75,145382.8125,116619.15625,-0.630615234375,0.2158203125,-0.47900390625,-0.030487805604934692,2.3475608825683594,0.24390244483947754,20.0,9443.0,890828.429293
144923.171875,144943.640625,145259.15625,145398.1875,145181.015625,145346.78125,145422.140625,116728.6796875,-0.631103515625,0.214599609375,-0.4775390625,-0.060975611209869385,2.378048896789551,0.15243902802467346,20.0,9444.0,890828.466369833
144946.140625,144966.171875,145282.140625,145421.078125,145203.734375,145369.390625,145447.359375,116769.0,-0.63134765625,0.2138671875,-0.480224609375,-0.060975611209869385,2.408536672592163,0.18292683362960815,20.0,9445.0,890828.466397208
144910.734375,144931.125,145246.90625,145385.21875,145168.671875,145334.34375,145405.34375,116681.6484375,-0.630126953125,0.21533203125,-0.480712890625,-0.12195122241973877,2.5,0.12195122241973877,20.0,9446.0,890828.466412666
144844.3125,144864.25,145179.765625,145318.703125,145102.15625,145267.921875,145334.96875,116585.0,-0.630859375,0.215087890625,-0.47998046875,-0.12195122241973877,2.408536672592163,0.18292683362960815,20.0,9447.0,890828.466427083
144865.765625,144885.96875,145201.9375,145341.0625,145123.890625,145289.734375,145363.765625,116662.78125,-0.63037109375,0.213623046875,-0.47998046875,0.0,2.621951103210449,0.12195122241973877,20.0,9448.0,890828.46644125
144895.265625,144916.109375,145232.421875,145371.0,145153.484375,145319.234375,145399.078125,116737.4375,-0.630615234375,0.211669921875,-0.4794921875,-0.060975611209869385,2.5,0.060975611209869385,20.0,9449.0,890828.466455375
144876.3125,144897.0625,145212.671875,145351.25,145134.4375,145300.015625,145372.078125,116653.0390625,-0.630859375,0.21240234375,-0.47900390625,-0.12195122241973877,2.5304877758026123,0.18292683362960815,20.0,9450.0,890828.466469541
144807.03125,144827.953125,145143.203125,145281.953125,145065.421875,145231.265625,145299.125,116548.703125,-0.630859375,0.21435546875,-0.47900390625,-0.09146341681480408,2.4390244483947754,0.12195122241973877,20.0,9451.0,890828.46648325
144815.4375,144836.265625,145151.875,145290.625,145073.46875,145239.484375,145311.46875,116590.8125,-0.632568359375,0.21533203125,-0.4765625,-0.12195122241973877,2.4695122241973877,0.18292683362960815,20.0,9452.0,890828.466496958
144849.234375,144869.96875,145186.109375,145324.96875,145107.4375,145272.84375,145352.859375,116695.4140625,-0.63232421875,0.216552734375,-0.47802734375,-0.18292683362960815,2.5,0.15243902802467346,20.0,9453.0,890828.466510666
144843.234375,144863.625,145179.046875,145318.078125,145101.265625,145266.484375,145339.359375,116623.1796875,-0.630859375,0.215576171875,-0.47802734375,-0.12195122241973877,2.5,0.12195122241973877,20.0,9454.0,890828.46652475
144772.96875,144793.609375,145108.78125,145247.796875,145031.0,145196.3125,145265.953125,116528.2265625,-0.630615234375,0.215087890625,-0.4765625,-0.12195122241973877,2.5304877758026123,0.12195122241973877,20.0,9455.0,890828.466539916
144761.078125,144781.640625,145097.25,145236.09375,145019.28125,145184.765625,145256.296875,116528.8515625,-0.63232421875,0.215087890625,-0.476806640625,-0.09146341681480408,2.5304877758026123,0.18292683362960815,20.0,9456.0,890828.469146375
144796.921875,144817.484375,145133.90625,145272.65625,145055.578125,145220.71875,145301.71875,116650.5390625,-0.630126953125,0.214111328125,-0.47705078125,-0.15243902802467346,2.408536672592163,0.15243902802467346,20.0,9457.0,890828.469180166
144799.875,144820.34375,145136.3125,145275.34375,145058.265625,145223.484375,145298.671875,116597.9609375,-0.62890625,0.215576171875,-0.480712890625,-0.09146341681480408,2.4695122241973877,0.21341463923454285,20.0,9458.0,890828.470390041
144740.859375,144761.25,145076.671875,145215.796875,144998.890625,145164.203125,145233.953125,116492.734375,-0.62939453125,0.21533203125,-0.47900390625,-0.18292683362960815,2.408536672592163,0.27439025044441223,20.0,9459.0,890828.472490833
144721.640625,144742.125,145057.375,145196.390625,144979.671875,145144.984375,145212.3125,116455.8046875,-0.631103515625,0.2158203125,-0.48046875,-0.12195122241973877,2.408536672592163,0.3048780560493469,20.0,9460.0,890828.474398708
144761.875,144782.078125,145098.140625,145236.984375,145019.640625,145185.125,145263.1875,116590.546875,-0.63134765625,0.21484375,-0.479736328125,-0.15243902802467346,2.408536672592163,0.27439025044441223,20.0,9461.0,890828.474438875
144774.84375,144795.3125,145111.015625,145249.6875,145032.6875,145198.0,145273.640625,116573.375,-0.631591796875,0.21435546875,-0.477294921875,-0.060975611209869385,2.408536672592163,0.12195122241973877,20.0,9462.0,890828.476658666
144717.4375,144737.640625,145053.25,145192.109375,144975.5625,145140.421875,145212.484375,116481.2890625,-0.633056640625,0.21533203125,-0.476806640625,-0.060975611209869385,2.4695122241973877,0.15243902802467346,20.0,9463.0,890828.5106635
144673.640625,144693.65625,145009.453125,145148.296875,144931.9375,145096.703125,145165.28125,116408.421875,-0.630859375,0.214111328125,-0.476318359375,-0.18292683362960815,2.408536672592163,0.09146341681480408,20.0,9464.0,890828.510698208
144707.96875,144728.53125,145044.40625,145183.4375,144966.34375,145131.3125,145209.265625,116530.5546875,-0.630126953125,0.21435546875,-0.480224609375,-0.24390244483947754,2.4695122241973877,0.18292683362960815,20.0,9465.0,890828.510713708
144728.4375,144749.0,145064.78125,145204.078125,144986.734375,145152.046875,145229.390625,116544.40625,-0.6298828125,0.215576171875,-0.47607421875,-0.09146341681480408,2.5,0.15243902802467346,20.0,9466.0,890828.514173125
144688.390625,144708.6875,145024.203125,145163.21875,144946.5,145111.734375,145184.5,116451.9609375,-0.629638671875,0.215576171875,-0.476318359375,-0.15243902802467346,2.5,0.18292683362960815,20.0,9467.0,890828.514198125
144627.953125,144648.234375,144963.484375,145102.15625,144885.890625,145051.015625,145120.3125,116372.9296875,-0.631103515625,0.21728515625,-0.47802734375,-0.09146341681480408,2.5609755516052246,0.21341463923454285,20.0,9468.0,890828.5142135
144653.78125,144674.078125,144990.046875,145128.71875,144911.8125,145077.03125,145153.84375,116468.953125,-0.632080078125,0.214111328125,-0.476318359375,-0.060975611209869385,2.4390244483947754,0.21341463923454285,20.0,9469.0,890828.54404825
144679.4375,144699.734375,145015.890625,145154.46875,144937.5625,145102.96875,145182.453125,116517.5859375,-0.62939453125,0.215087890625,-0.47998046875,-0.030487805604934692,2.378048896789551,0.09146341681480408,20.0,9470.0,890828.544069791
144653.25,144673.359375,144988.703125,145127.546875,144911.453125,145076.234375,145148.46875,116423.171875,-0.630859375,0.21435546875,-0.48095703125,-0.12195122241973877,2.4390244483947754,0.060975611209869385,20.0,9471.0,890828.544084375
144588.609375,144608.90625,144924.15625,145062.90625,144846.8125,145012.21875,145081.0625,116327.953125,-0.629150390625,0.21484375,-0.478515625,-0.030487805604934692,2.5609755516052246,0.060975611209869385,20.0,9472.0,890828.544098958
144603.359375,144623.65625,144939.171875,145077.9375,144861.03125,145026.96875,145101.265625,116397.0703125,-0.631591796875,0.214111328125,-0.479248046875,0.0,2.4390244483947754,0.060975611209869385,20.0,9473.0,890828.544112916
144635.359375,144655.390625,144971.359375,145110.125,144893.125,145058.703125,145138.640625,116478.78125,-0.633056640625,0.21435546875,-0.477783203125,-0.12195122241973877,2.4390244483947754,0.12195122241973877,20.0,9474.0,890828.544127
144620.96875,144641.265625,144956.703125,145095.359375,144878.90625,145044.578125,145116.734375,116392.2421875,-0.633056640625,0.214599609375,-0.47802734375,-0.15243902802467346,2.408536672592163,0.09146341681480408,20.0,9475.0,890828.5467025
144555.171875,144575.203125,144890.53125,145029.203125,144813.015625,144978.59375,145047.265625,116295.859375,-0.6328125,0.215087890625,-0.478759765625,-0.060975611209869385,2.4390244483947754,0.12195122241973877,20.0,9476.0,890828.546719125
144558.484375,144578.328125,144893.9375,145032.609375,144816.5,144981.8125,145053.25,116326.1640625,-0.63330078125,0.214599609375,-0.478271484375,-0.030487805604934692,2.5304877758026123,0.18292683362960815,20.0,9477.0,890828.549292291
144592.453125,144612.5625,144928.625,145067.296875,144850.390625,145016.0625,145096.171875,116438.8203125,-0.6318359375,0.214599609375,-0.476806640625,-0.09146341681480408,2.4695122241973877,0.060975611209869385,20.0,9478.0,890828.549308833
144587.796875,144607.734375,144923.4375,145061.65625,144845.65625,145011.0625,145084.640625,116372.8359375,-0.632080078125,0.2158203125,-0.4765625,-0.060975611209869385,2.591463327407837,0.12195122241973877,20.0,9479.0,890828.551760791
144522.171875,144542.296875,144857.71875,144996.21875,144780.203125,144945.609375,145016.234375,116270.109375,-0.630859375,0.215087890625,-0.47802734375,-0.12195122241973877,2.4695122241973877,0.12195122241973877,20.0,9480.0,890828.5518245
144507.96875,144528.25,144843.6875,144982.171875,144766.171875,144931.75,145001.671875,116258.484375,-0.631103515625,0.21533203125,-0.4794921875,-0.09146341681480408,2.317073106765747,0.060975611209869385,20.0,9481.0,890828.555368416
144545.25,144565.546875,144881.328125,145020.265625,144803.09375,144969.03125,145048.25,116385.4453125,-0.62939453125,0.21435546875,-0.48046875,-0.09146341681480408,2.3475608825683594,0.15243902802467346,20.0,9482.0,890828.555386416
144551.859375,144571.625,144887.140625,145026.078125,144809.359375,144975.203125,145049.234375,116346.28125,-0.6318359375,0.21533203125,-0.4794921875,-0.060975611209869385,2.378048896789551,0.27439025044441223,20.0,9483.0,890828.587478416
144490.53125,144510.640625,144825.984375,144964.734375,144748.375,144914.046875,144985.3125,116244.359375,-0.631591796875,0.214599609375,-0.478759765625,-0.12195122241973877,2.5304877758026123,0.3048780560493469,20.0,9484.0,890828.587509416
144462.0,144482.03125,144797.28125,144935.78125,144719.765625,144885.609375,144954.546875,116197.15625,-0.6318359375,0.2138671875,-0.477783203125,-0.060975611209869385,2.5304877758026123,0.18292683362960815,20.0,9485.0,890828.588774125
144499.375,144519.234375,144835.1875,144973.859375,144756.6875,144922.453125,145000.953125,116329.1171875,-0.630859375,0.21337890625,-0.477294921875,-0.15243902802467346,2.408536672592163,0.12195122241973877,20.0,9486.0,890828.588798125
144514.125,144533.796875,144849.671875,144988.078125,144771.53125,144937.109375,145012.578125,116317.8515625,-0.63330078125,0.214599609375,-0.478271484375,-0.18292683362960815,2.4390244483947754,0.12195122241973877,20.0,9487.0,890828.592567083
144460.578125,144480.421875,144795.671875,144934.4375,144718.25,144884.0,144954.28125,116226.296875,-0.633544921875,0.216796875,-0.481689453125,-0.12195122241973877,2.5,0.15243902802467346,20.0,9488.0,890828.592641916
144412.46875,144432.765625,144747.578125,144886.515625,144670.234375,144836.0,144903.59375,116148.25,-0.6318359375,0.214111328125,-0.47998046875,-0.12195122241973877,2.4695122241973877,0.15243902802467346,20.0,9489.0,890828.592663666
144444.84375,144464.953125,144780.75,144919.59375,144702.78125,144868.359375,144945.609375,116265.1953125,-0.630615234375,0.213623046875,-0.4814453125,-0.09146341681480408,2.4695122241973877,0.030487805604934692,20.0,9490.0,890828.5975865
144465.5,144485.78125,144801.484375,144940.25,144723.609375,144889.1875,144966.703125,116288.9765625,-0.6298828125,0.2138671875,-0.47998046875,-0.060975611209869385,2.4390244483947754,0.09146341681480408,20.0,9491.0,890828.597663458
144429.46875,144449.578125,144764.734375,144903.59375,144687.578125,144852.71875,144923.34375,116195.1875,-0.629150390625,0.212646484375,-0.47900390625,0.0,2.5,0.21341463923454285,20.0,9492.0,890828.599693708
144369.296875,144389.671875,144704.296875,144843.328125,144627.234375,144792.71875,144860.21875,116104.8828125,-0.63037109375,0.214599609375,-0.477294921875,-0.21341463923454285,2.378048896789551,0.09146341681480408,20.0,9493.0,890828.599796
144395.390625,144415.609375,144730.5,144869.96875,144652.984375,144818.65625,144893.484375,116197.15625,-0.63037109375,0.215087890625,-0.47802734375,-0.18292683362960815,2.408536672592163,0.09146341681480408,20.0,9494.0,890828.601067083
144423.921875,144443.859375,144759.375,144898.40625,144681.40625,144847.171875,144925.671875,116257.6796875,-0.632080078125,0.21484375,-0.478515625,-0.15243902802467346,2.408536672592163,0.12195122241973877,20.0,9495.0,890828.632295458
144398.4375,144418.46875,144733.796875,144872.65625,144656.015625,144821.6875,144893.21875,116172.921875,-0.63232421875,0.215087890625,-0.480224609375,-0.18292683362960815,2.4390244483947754,0.21341463923454285,20.0,9496.0,890828.632321125
144328.609375,144348.734375,144663.4375,144802.5625,144586.375,144752.046875,144819.546875,116077.34375,-0.63134765625,0.2138671875,-0.47802734375,-0.060975611209869385,2.5,0.21341463923454285,20.0,9497.0,890828.632336333
144341.75,144361.78125,144676.9375,144816.0625,144599.6875,144765.359375,144838.671875,116133.3125,-0.631103515625,0.215576171875,-0.4775390625,-0.09146341681480408,2.5304877758026123,0.24390244483947754,20.0,9498.0,890828.636443083
144373.40625,144393.796875,144709.390625,144848.15625,144631.609375,144797.109375,144877.5625,116225.40625,-0.63037109375,0.2158203125,-0.47900390625,-0.060975611209869385,2.5304877758026123,0.09146341681480408,20.0,9499.0,890828.63646
144361.328125,144381.8125,144696.796875,144835.640625,144619.1875,144784.765625,144857.09375,116146.90625,-0.62939453125,0.21435546875,-0.4814453125,-0.060975611209869385,2.5304877758026123,0.030487805604934692,20.0,9500.0,890828.638756416
144295.171875,144315.46875,144630.453125,144769.484375,144553.46875,144718.6875,144786.828125,116042.03125,-0.62939453125,0.216064453125,-0.479736328125,-0.060975611209869385,2.591463327407837,0.060975611209869385,20.0,9501.0,890828.638821875
144296.25,144316.625,144631.703125,144770.734375,144554.359375,144719.859375,144790.3125,116059.109375,-0.63037109375,0.21533203125,-0.47802734375,-0.15243902802467346,2.4695122241973877,0.12195122241973877,20.0,9502.0,890828.640378541
144333.890625,144354.453125,144670.140625,144808.90625,144591.734375,144757.40625,144837.15625,116177.5703125,-0.631591796875,0.213623046875,-0.476318359375,-0.09146341681480408,2.5,0.15243902802467346,20.0,9503.0,890828.640395291
144332.546875,144352.84375,144668.171875,144806.765625,144590.21875,144755.796875,144829.921875,116119.1875,-0.63330078125,0.21484375,-0.477294921875,-0.09146341681480408,2.408536672592163,0.15243902802467346,20.0,9504.0,890828.642884833
144265.84375,144286.234375,144601.125,144740.15625,144523.515625,144688.921875,144760.09375,116021.109375,-0.628662109375,0.215087890625,-0.477294921875,-0.12195122241973877,2.408536672592163,0.060975611209869385,20.0,9505.0,890828.674577041
144244.921875,144265.21875,144580.296875,144719.3125,144502.59375,144668.171875,144738.546875,116001.171875,-0.630615234375,0.214599609375,-0.4794921875,-0.12195122241973877,2.4390244483947754,0.12195122241973877,20.0,9506.0,890828.674617041
144282.390625,144302.6875,144618.296875,144757.59375,144540.0625,144705.734375,144785.578125,116128.7578125,-0.6318359375,0.2138671875,-0.479736328125,-0.15243902802467346,2.378048896789551,0.060975611209869385,20.0,9507.0,890828.678046
144291.953125,144312.609375,144627.59375,144766.609375,144549.453125,144715.390625,144790.21875,116093.4375,-0.6318359375,0.214111328125,-0.48095703125,-0.09146341681480408,2.378048896789551,0.09146341681480408,20.0,9508.0,890828.678070708
144237.6875,144258.34375,144572.953125,144711.984375,144495.171875,144661.203125,144730.765625,115994.734375,-0.630615234375,0.213134765625,-0.47900390625,-0.12195122241973877,2.408536672592163,0.18292683362960815,20.0,9509.0,890828.680883333
144201.109375,144221.59375,144536.03125,144675.59375,144458.96875,144624.546875,144693.296875,115947.3515625,-0.6318359375,0.21435546875,-0.48046875,-0.15243902802467346,2.5,0.15243902802467346,20.0,9510.0,890828.680976041
144235.890625,144256.109375,144571.796875,144710.921875,144494.1875,144659.234375,144737.921875,116070.015625,-0.63134765625,0.214111328125,-0.478271484375,-0.060975611209869385,2.408536672592163,0.18292683362960815,20.0,9511.0,890828.682241041
144252.609375,144273.171875,144588.78125,144727.71875,144511.0,144676.5,144752.9375,116067.6015625,-0.6318359375,0.21484375,-0.4794921875,-0.09146341681480408,2.4695122241973877,0.12195122241973877,20.0,9512.0,890828.683453625
144208.8125,144229.1875,144544.53125,144683.28125,144466.921875,144632.6875,144702.875,115970.1484375,-0.631103515625,0.216552734375,-0.478515625,-0.09146341681480408,2.5609755516052246,0.15243902802467346,20.0,9513.0,890828.685355208
144159.625,144179.84375,144494.546875,144633.84375,144417.578125,144583.0625,144649.671875,115889.0546875,-0.63037109375,0.21630859375,-0.4814453125,-0.15243902802467346,2.378048896789551,0.15243902802467346,20.0,9514.0,890828.713925
144191.90625,144212.375,144527.625,144666.921875,144449.84375,144615.25,144691.15625,116001.9765625,-0.630126953125,0.213623046875,-0.478271484375,-0.15243902802467346,2.317073106765747,0.09146341681480408,20.0,9515.0,890828.713946791
144216.671875,144236.875,144552.21875,144691.609375,144473.984375,144639.75,144717.171875,116039.171875,-0.6318359375,0.21484375,-0.477783203125,-0.09146341681480408,2.317073106765747,0.09146341681480408,20.0,9516.0,890828.713961083
144183.953125,144204.421875,144519.40625,144658.609375,144441.625,144606.9375,144679.265625,115950.390625,-0.629638671875,0.21435546875,-0.480224609375,-0.18292683362960815,2.5,0.18292683362960815,20.0,9517.0,890828.713975
144118.6875,144139.421875,144454.3125,144593.4375,144376.796875,144542.109375,144611.859375,115864.46875,-0.628173828125,0.214111328125,-0.481201171875,-0.12195122241973877,2.4695122241973877,0.18292683362960815,20.0,9518.0,890828.713990583
144135.9375,144156.59375,144471.75,144610.78125,144393.796875,144559.109375,144634.390625,115942.609375,-0.630126953125,0.21435546875,-0.477783203125,-0.09146341681480408,2.5304877758026123,0.12195122241973877,20.0,9519.0,890828.7140055
144165.171875,144185.65625,144501.34375,144640.546875,144423.203125,144588.15625,144668.171875,116011.6328125,-0.630859375,0.21337890625,-0.4775390625,-0.09146341681480408,2.5,0.09146341681480408,20.0,9520.0,890828.71542975
144146.3125,144167.140625,144481.9375,144621.0625,144404.703125,144569.734375,144641.09375,115921.3359375,-0.632568359375,0.212890625,-0.476318359375,-0.060975611209869385,2.4695122241973877,0.18292683362960815,20.0,9521.0,890828.715522458
144080.59375,144100.984375,144415.6875,144554.453125,144338.53125,144503.671875,144570.90625,115823.5234375,-0.63134765625,0.214599609375,-0.4794921875,-0.030487805604934692,2.5,0.21341463923454285,20.0,9522.0,890828.717584708
144090.78125,144110.734375,144426.0625,144564.90625,144348.453125,144513.6875,144586.546875,115872.15625,-0.632568359375,0.215087890625,-0.478515625,-0.060975611209869385,2.5304877758026123,0.09146341681480408,20.0,9523.0,890828.755550791
144123.59375,144143.8125,144459.6875,144598.796875,144381.71875,144546.9375,144627.234375,115974.2578125,-0.63232421875,0.216552734375,-0.477294921875,-0.060975611209869385,2.408536672592163,0.0,20.0,9524.0,890828.755579583
144116.0,144136.296875,144451.546875,144590.578125,144374.03125,144539.4375,144612.125,115899.9609375,-0.630859375,0.216064453125,-0.479248046875,-0.060975611209869385,2.5,0.09146341681480408,20.0,9525.0,890828.756757708
144050.109375,144070.3125,144385.03125,144524.40625,144308.046875,144473.09375,144542.5625,115798.1328125,-0.63037109375,0.215576171875,-0.478515625,-0.060975611209869385,2.408536672592163,0.12195122241973877,20.0,9526.0,890828.756775
144045.015625,144065.578125,144379.84375,144519.578125,144302.6875,144467.90625,144539.25,115807.15625,-0.630126953125,0.215576171875,-0.480224609375,-0.12195122241973877,2.408536672592163,0.18292683362960815,20.0,9527.0,890828.760416333
144080.328125,144101.078125,144415.96875,144555.265625,144338.171875,144503.3125,144583.953125,115928.75,-0.63037109375,0.216552734375,-0.481201171875,-0.12195122241973877,2.4390244483947754,0.060975611209869385,20.0,9528.0,890828.760468916
144082.03125,144102.5,144417.296875,144556.234375,144339.78125,144505.015625,144579.21875,115871.265625,-0.63037109375,0.21630859375,-0.47802734375,-0.12195122241973877,2.5304877758026123,0.060975611209869385,20.0,9529.0,890828.761768416
144019.890625,144040.546875,144355.34375,144494.109375,144277.46875,144442.875,144514.84375,115779.171875,-0.630859375,0.213623046875,-0.4775390625,-0.15243902802467346,2.4695122241973877,0.060975611209869385,20.0,9530.0,890828.795973083
143990.46875,144011.21875,144326.109375,144464.875,144248.40625,144413.640625,144485.34375,115754.0546875,-0.6298828125,0.21484375,-0.47705078125,-0.09146341681480408,2.5,0.12195122241973877,20.0,9531.0,890828.796000458
144025.515625,144046.078125,144361.25,144500.0,144283.109375,144448.5,144529.15625,115878.5078125,-0.631103515625,0.214111328125,-0.48046875,-0.030487805604934692,2.4695122241973877,0.15243902802467346,20.0,9532.0,890828.796015541
144038.125,144058.421875,144373.21875,144512.34375,144295.796875,144461.203125,144537.46875,115848.46875,-0.6328125,0.215576171875,-0.476318359375,-0.09146341681480408,2.408536672592163,0.12195122241973877,20.0,9533.0,890828.796029916
143991.375,144011.65625,144326.203125,144465.3125,144249.125,144414.265625,144484.71875,115745.0234375,-0.629150390625,0.215087890625,-0.477783203125,-0.09146341681480408,2.4695122241973877,0.15243902802467346,20.0,9534.0,890828.796043916
143953.640625,143974.203125,144288.015625,144427.40625,144211.125,144376.265625,144444.03125,115688.4296875,-0.631103515625,0.2158203125,-0.477294921875,-0.060975611209869385,2.621951103210449,0.09146341681480408,20.0,9535.0,890828.796058
143990.03125,144010.6875,144324.859375,144464.421875,144247.703125,144412.5625,144490.171875,115813.1484375,-0.630126953125,0.215087890625,-0.478271484375,-0.09146341681480408,2.5,0.060975611209869385,20.0,9536.0,890828.796071958
144008.359375,144028.65625,144343.1875,144482.75,144266.03125,144431.078125,144507.875,115822.625,-0.630859375,0.21484375,-0.478759765625,-0.09146341681480408,2.378048896789551,0.060975611209869385,20.0,9537.0,890828.796085875
143965.171875,143985.5625,144299.90625,144439.203125,144222.671875,144388.328125,144459.234375,115730.2734375,-0.631591796875,0.2158203125,-0.4775390625,-0.12195122241973877,2.408536672592163,0.09146341681480408,20.0,9538.0,890828.796099625
143909.109375,143929.40625,144243.578125,144382.703125,144166.875,144331.5625,144398.4375,115641.1328125,-0.630615234375,0.21533203125,-0.48095703125,-0.09146341681480408,2.317073106765747,0.15243902802467346,20.0,9539.0,890828.796113416
143939.78125,143959.890625,144274.875,144413.8125,144197.625,144362.40625,144438.140625,115746.8984375,-0.6298828125,0.2138671875,-0.478515625,-0.12195122241973877,2.4390244483947754,0.09146341681480408,20.0,9540.0,890828.799278541
143966.328125,143986.71875,144301.609375,144440.640625,144223.921875,144389.234375,144467.1875,115794.1953125,-0.628662109375,0.212646484375,-0.47900390625,-0.12195122241973877,2.4390244483947754,0.21341463923454285,20.0,9541.0,890828.799346291
143936.390625,143956.953125,144271.84375,144410.59375,144194.234375,144359.28125,144430.890625,115707.0234375,-0.631103515625,0.213134765625,-0.477294921875,-0.12195122241973877,2.4390244483947754,0.060975611209869385,20.0,9542.0,890828.800406291
143868.171875,143888.453125,144203.171875,144341.9375,144125.84375,144290.96875,144358.109375,115612.0703125,-0.629638671875,0.214111328125,-0.479736328125,-0.12195122241973877,2.4695122241973877,0.060975611209869385,20.0,9543.0,890828.801746041
143885.59375,143905.8125,144220.96875,144359.71875,144143.359375,144308.5,144382.25,115682.703125,-0.629150390625,0.214599609375,-0.48046875,-0.18292683362960815,2.3475608825683594,0.15243902802467346,20.0,9544.0,890828.802922208
143916.171875,143936.296875,144251.8125,144390.578125,144174.203125,144339.25,144418.90625,115762.9921875,-0.628662109375,0.21435546875,-0.477294921875,-0.12195122241973877,2.317073106765747,0.09146341681480408,20.0,9545.0,890828.804294083
143900.796875,143921.0,144235.53125,144374.296875,144158.828125,144323.515625,144395.046875,115677.875,-0.62939453125,0.215576171875,-0.478515625,-0.12195122241973877,2.317073106765747,0.09146341681480408,20.0,9546.0,890828.839756125
143833.390625,143853.5,144167.671875,144306.796875,144091.328125,144256.109375,144323.875,115581.671875,-0.629638671875,0.213623046875,-0.478759765625,-0.060975611209869385,2.378048896789551,0.21341463923454285,20.0,9547.0,890828.83978175
143837.046875,143856.8125,144171.796875,144310.546875,144094.640625,144259.40625,144331.390625,115613.5078125,-0.6318359375,0.215087890625,-0.47998046875,0.0,2.5,0.12195122241973877,20.0,9548.0,890828.839797
143872.640625,143892.75,144208.0,144346.765625,144130.578125,144295.171875,144375.28125,115722.8515625,-0.630615234375,0.21533203125,-0.480224609375,-0.09146341681480408,2.4695122241973877,0.09146341681480408,20.0,9549.0,890828.84291525
143868.796875,143889.359375,144203.890625,144342.734375,144126.8125,144291.5,144364.640625,115651.7734375,-0.63037109375,0.216064453125,-0.478271484375,-0.12195122241973877,2.408536672592163,0.09146341681480408,20.0,9550.0,890828.843005875
143803.875,143824.453125,144138.890625,144277.734375,144062.171875,144226.515625,144296.25,115547.4296875,-0.629638671875,0.215576171875,-0.4794921875,-0.18292683362960815,2.3475608825683594,0.12195122241973877,20.0,9551.0,890828.844299291
143793.15625,143813.453125,144127.890625,144267.015625,144051.09375,144215.78125,144285.34375,115542.9609375,-0.63232421875,0.21533203125,-0.47900390625,-0.15243902802467346,2.4390244483947754,0.15243902802467346,20.0,9552.0,890828.844316166
143829.71875,143849.5625,144164.8125,144304.296875,144087.296875,144252.171875,144331.5625,115669.7421875,-0.633056640625,0.215576171875,-0.479248046875,0.0,2.408536672592163,0.24390244483947754,20.0,9553.0,890828.84799175
143833.921875,143854.125,144169.015625,144308.3125,144091.765625,144256.90625,144330.046875,115625.0390625,-0.633544921875,0.21435546875,-0.478759765625,-0.060975611209869385,2.408536672592163,0.18292683362960815,20.0,9554.0,890828.848058583
143771.25,143791.453125,144106.25,144245.28125,144028.828125,144194.140625,144262.8125,115531.6953125,-0.6328125,0.21337890625,-0.479736328125,-0.09146341681480408,2.4390244483947754,0.09146341681480408,20.0,9555.0,890828.849124958
143738.34375,143758.90625,144073.4375,144212.46875,143996.375,144161.234375,144230.890625,115494.5,-0.6318359375,0.214111328125,-0.480224609375,-0.15243902802467346,2.4390244483947754,0.030487805604934692,20.0,9556.0,890828.850515833
143773.65625,143794.140625,144109.296875,144248.140625,144031.6875,144196.375,144276.21875,115618.5078125,-0.6298828125,0.21435546875,-0.47900390625,-0.18292683362960815,2.5304877758026123,0.030487805604934692,20.0,9557.0,890828.884695416
143786.171875,143806.75,144121.90625,144260.65625,144044.296875,144209.34375,144285.703125,115599.9140625,-0.630859375,0.21533203125,-0.475830078125,-0.15243902802467346,2.4390244483947754,0.12195122241973877,20.0,9558.0,890828.88471875
143741.296875,143762.125,144076.3125,144215.515625,143999.234375,144164.375,144234.28125,115497.6328125,-0.62890625,0.21630859375,-0.476318359375,-0.030487805604934692,2.5609755516052246,0.12195122241973877,20.0,9559.0,890828.884732833
143699.640625,143720.28125,144034.734375,144173.3125,143957.296875,144122.171875,144190.03125,115438.1796875,-0.62890625,0.215087890625,-0.476318359375,-0.12195122241973877,2.408536672592163,0.18292683362960815,20.0,9560.0,890828.888233375
143731.640625,143752.109375,144066.921875,144206.21875,143989.40625,144154.09375,144231.875,115556.5546875,-0.631103515625,0.216552734375,-0.477783203125,-0.15243902802467346,2.4695122241973877,0.24390244483947754,20.0,9561.0,890828.888251625
143751.046875,143771.78125,144086.3125,144225.53125,144008.984375,144173.578125,144251.71875,115576.21875,-0.629150390625,0.214111328125,-0.475341796875,-0.15243902802467346,2.408536672592163,0.21341463923454285,20.0,9562.0,890828.88826575
143716.4375,143736.828125,144051.09375,144190.203125,143974.109375,144138.984375,144210.234375,115477.3359375,-0.6298828125,0.212890625,-0.4794921875,-0.09146341681480408,2.4390244483947754,0.24390244483947754,20.0,9563.0,890828.890443666
143662.625,143683.09375,143996.828125,144136.203125,143919.84375,144085.0625,144152.125,115388.1953125,-0.63134765625,0.213134765625,-0.477783203125,-0.12195122241973877,2.4695122241973877,0.18292683362960815,20.0,9564.0,890828.890515625
143690.25,143710.453125,144025.25,144164.015625,143947.375,144112.515625,144186.640625,115485.5625,-0.631591796875,0.214599609375,-0.478759765625,-0.12195122241973877,2.5304877758026123,0.18292683362960815,20.0,9565.0,890828.891614458
143717.96875,143738.078125,144053.234375,144191.90625,143975.453125,144140.40625,144217.75,115540.7265625,-0.631591796875,0.2158203125,-0.4755859375,-0.09146341681480408,2.4390244483947754,0.09146341681480408,20.0,9566.0,890828.892974875
143689.0,143709.203125,144023.640625,144162.671875,143946.484375,144111.625,144182.609375,115456.5078125,-0.62939453125,0.21435546875,-0.47900390625,0.030487805604934692,2.408536672592163,0.09146341681480408,20.0,9567.0,890828.8941735
143619.875,143640.171875,143954.53125,144093.296875,143877.46875,144042.421875,144110.90625,115360.6640625,-0.629638671875,0.21533203125,-0.479736328125,0.0,2.4390244483947754,0.12195122241973877,20.0,9568.0,890828.925742625
143636.875,143657.171875,143971.703125,144110.90625,143894.546875,144059.40625,144132.625,115421.9921875,-0.628662109375,0.21630859375,-0.478271484375,-0.060975611209869385,2.5609755516052246,0.18292683362960815,20.0,9569.0,890828.930862541
143667.71875,143688.28125,144002.984375,144142.28125,143925.46875,144090.703125,144170.546875,115511.9375,-0.630859375,0.21533203125,-0.48046875,-0.060975611209869385,2.5304877758026123,0.15243902802467346,20.0,9570.0,890828.930882916
143655.109375,143675.765625,143989.84375,144129.40625,143912.953125,144078.0,144150.421875,115430.3125,-0.630615234375,0.214111328125,-0.477294921875,-0.12195122241973877,2.5304877758026123,0.15243902802467346,20.0,9571.0,890828.930897916
143586.984375,143607.8125,143921.90625,144061.46875,143844.734375,144010.140625,144078.8125,115327.9375,-0.631103515625,0.21484375,-0.477294921875,-0.12195122241973877,2.5304877758026123,0.15243902802467346,20.0,9572.0,890828.932917625
143589.9375,143610.5,143924.765625,144064.0625,143847.15625,144012.828125,144082.75,115350.0234375,-0.6298828125,0.2158203125,-0.477783203125,-0.09146341681480408,2.5,0.12195122241973877,20.0,9573.0,890828.932935625
143627.578125,143648.046875,143962.578125,144101.609375,143884.890625,144050.015625,144129.0625,115467.1484375,-0.630615234375,0.215576171875,-0.478515625,-0.060975611209869385,2.5,0.18292683362960815,20.0,9574.0,890828.934177416
143626.859375,143647.15625,143961.6875,144100.890625,143884.265625,144049.296875,144121.640625,115406.703125,-0.6318359375,0.214111328125,-0.47705078125,-0.09146341681480408,2.5,0.18292683362960815,20.0,9575.0,890828.935518125
143560.25,143581.171875,143895.078125,144034.46875,143818.015625,143982.875,144051.71875,115309.7890625,-0.6318359375,0.2138671875,-0.47412109375,-0.12195122241973877,2.408536672592163,0.060975611209869385,20.0,9576.0,890828.936629583
143543.890625,143564.453125,143878.53125,144017.921875,143801.46875,143966.328125,144035.09375,115290.65625,-0.632080078125,0.21435546875,-0.47509765625,-0.15243902802467346,2.378048896789551,0.21341463923454285,20.0,9577.0,890828.937905666
143580.984375,143601.46875,143916.0,144054.9375,143838.21875,144003.53125,144083.015625,115421.1015625,-0.630615234375,0.21630859375,-0.476318359375,-0.12195122241973877,2.3475608825683594,0.3048780560493469,20.0,9578.0,890828.97020375
143588.328125,143609.0625,143923.15625,144062.0,143845.71875,144010.953125,144085.0625,115384.4453125,-0.632080078125,0.215576171875,-0.47900390625,-0.12195122241973877,2.5,0.12195122241973877,20.0,9579.0,890828.970225625
143528.859375,143549.96875,143863.78125,144002.8125,143786.453125,143951.671875,144020.78125,115289.9375,-0.629638671875,0.216064453125,-0.478271484375,-0.18292683362960815,2.4695122241973877,0.18292683362960815,20.0,9580.0,890828.970239875
143493.1875,143514.109375,143828.015625,143967.046875,143750.859375,143915.640625,143984.390625,115242.375,-0.630126953125,0.216796875,-0.4775390625,-0.15243902802467346,2.4695122241973877,0.12195122241973877,20.0,9581.0,890828.970254041
143528.859375,143549.421875,143864.234375,144003.171875,143786.625,143951.3125,144030.703125,115368.2578125,-0.630615234375,0.217041015625,-0.479736328125,-0.18292683362960815,2.408536672592163,0.15243902802467346,20.0,9582.0,890828.970268208
143543.796875,143564.625,143879.078125,144018.015625,143801.375,143966.15625,144043.5,115360.84375,-0.629638671875,0.21728515625,-0.479248046875,-0.12195122241973877,2.4695122241973877,0.09146341681480408,20.0,9583.0,890828.970281875
143502.140625,143522.703125,143836.6875,143975.359375,143759.453125,143924.484375,143994.40625,115257.3046875,-0.628662109375,0.21484375,-0.47900390625,-0.15243902802467346,2.4390244483947754,0.060975611209869385,20.0,9584.0,890828.975536458
143456.265625,143477.09375,143791.0,143929.59375,143713.9375,143878.984375,143947.109375,115193.5625,-0.630859375,0.214111328125,-0.481689453125,-0.060975611209869385,2.378048896789551,0.15243902802467346,20.0,9585.0,890828.97556125
143486.9375,143507.40625,143822.03125,143961.0625,143744.515625,143909.5625,143986.1875,115305.5,-0.62939453125,0.21630859375,-0.482421875,-0.030487805604934692,2.5304877758026123,0.24390244483947754,20.0,9586.0,890828.978237375
143508.75,143529.21875,143843.84375,143982.703125,143766.234375,143931.203125,144008.890625,115333.75,-0.632080078125,0.216796875,-0.481689453125,-0.09146341681480408,2.5304877758026123,0.15243902802467346,20.0,9587.0,890828.978255458
143477.1875,143498.109375,143812.203125,143951.140625,143735.03125,143899.90625,143970.171875,115236.921875,-0.6318359375,0.21728515625,-0.478515625,-0.15243902802467346,2.4695122241973877,0.18292683362960815,20.0,9588.0,890828.978270125
143418.0,143438.921875,143752.65625,143891.859375,143676.03125,143840.453125,143907.59375,115145.8125,-0.630615234375,0.214599609375,-0.4775390625,-0.15243902802467346,2.4390244483947754,0.21341463923454285,20.0,9589.0,890828.98165075
143441.515625,143462.25,143776.34375,143915.015625,143699.28125,143864.140625,143938.171875,115234.6875,-0.63037109375,0.21533203125,-0.4794921875,-0.12195122241973877,2.3475608825683594,0.18292683362960815,20.0,9590.0,890829.010672541
143470.125,143490.515625,143805.140625,143943.71875,143727.703125,143892.65625,143970.625,115302.28125,-0.632080078125,0.216064453125,-0.478515625,-0.060975611209869385,2.5304877758026123,0.09146341681480408,20.0,9591.0,890829.013507958
143447.6875,143468.15625,143781.984375,143921.09375,143705.265625,143870.046875,143941.296875,115217.5234375,-0.631103515625,0.21435546875,-0.48046875,-0.060975611209869385,2.5609755516052246,0.21341463923454285,20.0,9592.0,890829.01352825
143379.28125,143400.203125,143713.3125,143853.0625,143637.140625,143801.921875,143870.671875,115119.890625,-0.6328125,0.21435546875,-0.482666015625,-0.09146341681480408,2.5,0.12195122241973877,20.0,9593.0,890829.013542666
143388.5,143409.6875,143723.234375,143862.796875,143646.34375,143811.21875,143884.34375,115172.640625,-0.63330078125,0.2138671875,-0.478515625,-0.15243902802467346,2.4695122241973877,0.18292683362960815,20.0,9594.0,890829.013557
143420.859375,143441.78125,143756.046875,143894.984375,143678.625,143843.21875,143923.421875,115269.1953125,-0.630615234375,0.214599609375,-0.477783203125,-0.15243902802467346,2.5,0.18292683362960815,20.0,9595.0,890829.015679541
143412.1875,143432.84375,143746.84375,143885.515625,143669.59375,143834.453125,143906.703125,115189.890625,-0.630126953125,0.215576171875,-0.4765625,-0.15243902802467346,2.5,0.09146341681480408,20.0,9596.0,890829.01569775
143345.84375,143366.328125,143680.046875,143818.984375,143603.34375,143768.03125,143836.609375,115091.28125,-0.631591796875,0.214599609375,-0.4775390625,-0.18292683362960815,2.4390244483947754,0.15243902802467346,20.0,9597.0,890829.015713666
143339.40625,143360.25,143673.96875,143812.828125,143597.265625,143761.859375,143832.84375,115105.1328125,-0.62939453125,0.216064453125,-0.478515625,-0.09146341681480408,2.4695122241973877,0.15243902802467346,20.0,9598.0,890829.018712708
143375.171875,143396.359375,143710.359375,143849.390625,143633.03125,143797.625,143878.09375,115224.40625,-0.631591796875,0.21533203125,-0.4794921875,-0.060975611209869385,2.4390244483947754,0.15243902802467346,20.0,9599.0,890829.055820875
143379.28125,143400.390625,143713.9375,143852.96875,143637.140625,143801.640625,143875.59375,115165.0390625,-0.630859375,0.214599609375,-0.47705078125,-0.030487805604934692,2.5,0.030487805604934692,20.0,9600.0,890829.056850958
143318.40625,143339.6875,143653.140625,143791.8125,143576.15625,143740.84375,143811.21875,115066.6015625,-0.630859375,0.21484375,-0.479248046875,-0.060975611209869385,2.621951103210449,0.030487805604934692,20.0,9601.0,890829.056869583
143296.859375,143317.953125,143631.328125,143770.09375,143554.703125,143719.03125,143787.703125,115041.03125,-0.630859375,0.215087890625,-0.480712890625,-0.030487805604934692,2.5,0.030487805604934692,20.0,9602.0,890829.060496791
143335.84375,143356.75,143671.109375,143810.140625,143593.859375,143758.015625,143837.140625,115171.1171875,-0.631103515625,0.21630859375,-0.48095703125,-0.060975611209869385,2.621951103210449,0.18292683362960815,20.0,9603.0,890829.060589541
143347.546875,143368.46875,143682.109375,143821.3125,143605.3125,143769.640625,143844.5625,115142.2421875,-0.63037109375,0.2158203125,-0.479736328125,-0.15243902802467346,2.5304877758026123,0.18292683362960815,20.0,9604.0,890829.061807
143291.578125,143312.5,143626.3125,143765.171875,143549.15625,143713.9375,143783.59375,115044.875,-0.63134765625,0.2138671875,-0.476806640625,-0.12195122241973877,2.4390244483947754,0.18292683362960815,20.0,9605.0,890829.067927125
143256.71875,143277.625,143591.265625,143730.125,143514.03125,143678.890625,143744.96875,114979.34375,-0.630615234375,0.21533203125,-0.474609375,-0.060975611209869385,2.4695122241973877,0.12195122241973877,20.0,9606.0,890829.068043208
143294.265625,143315.453125,143629.53125,143768.921875,143551.9375,143716.4375,143793.78125,115110.6796875,-0.630126953125,0.214599609375,-0.475341796875,-0.060975611209869385,2.378048896789551,0.12195122241973877,20.0,9607.0,890829.069246791
143311.703125,143332.53125,143647.15625,143786.09375,143569.375,143733.609375,143810.3125,115119.0859375,-0.631591796875,0.2138671875,-0.47705078125,-0.09146341681480408,2.5609755516052246,0.030487805604934692,20.0,9608.0,890829.070527958
143264.671875,143285.40625,143599.59375,143738.609375,143522.34375,143686.84375,143758.375,115032.71875,-0.633056640625,0.21337890625,-0.479736328125,-0.12195122241973877,2.5304877758026123,0.12195122241973877,20.0,9609.0,890829.071694666
143207.984375,143228.734375,143542.8125,143682.015625,143465.921875,143630.34375,143698.296875,114950.8203125,-0.632568359375,0.213134765625,-0.478515625,-0.060975611209869385,2.5,0.060975611209869385,20.0,9610.0,890829.07291675
143237.84375,143258.859375,143573.21875,143712.234375,143495.875,143660.109375,143736.828125,115055.25,-0.632568359375,0.215576171875,-0.478271484375,-0.12195122241973877,2.4390244483947754,0.15243902802467346,20.0,9611.0,890829.104467083
143263.5,143284.421875,143598.78125,143737.71875,143521.71875,143685.78125,143764.28125,115093.9609375,-0.633056640625,0.2138671875,-0.481201171875,-0.21341463923454285,2.3475608825683594,0.18292683362960815,20.0,9612.0,890829.1044875
143236.859375,143257.6875,143571.609375,143710.90625,143494.796875,143659.40625,143731.015625,114996.2421875,-0.6318359375,0.214599609375,-0.475341796875,-0.12195122241973877,2.3475608825683594,0.21341463923454285,20.0,9613.0,890829.111093166
143175.4375,143195.921875,143509.90625,143649.125,143432.75,143597.703125,143666.46875,114909.421875,-0.630615234375,0.215087890625,-0.474853515625,-0.030487805604934692,2.5,0.15243902802467346,20.0,9614.0,890829.111113
143195.921875,143216.828125,143530.65625,143670.21875,143453.578125,143618.265625,143692.125,114985.0625,-0.6328125,0.215087890625,-0.47900390625,-0.060975611209869385,2.4695122241973877,0.060975611209869385,20.0,9615.0,890829.111127458
143228.015625,143248.671875,143562.84375,143702.046875,143485.59375,143650.109375,143728.78125,115061.859375,-0.632568359375,0.21435546875,-0.480224609375,-0.060975611209869385,2.408536672592163,0.0,20.0,9616.0,890829.11114175
143209.0625,143230.25,143543.890625,143682.828125,143466.8125,143631.421875,143703.75,114984.4375,-0.6298828125,0.21435546875,-0.483154296875,-0.09146341681480408,2.5,0.060975611209869385,20.0,9617.0,890829.111155833
143136.734375,143157.921875,143471.5625,143610.5,143394.671875,143559.359375,143628.5625,114884.8359375,-0.63037109375,0.212890625,-0.47900390625,-0.09146341681480408,2.4695122241973877,0.030487805604934692,20.0,9618.0,890829.112974416
143142.359375,143163.453125,143477.28125,143616.21875,143400.5625,143564.984375,143637.859375,114924.4453125,-0.63134765625,0.213623046875,-0.480224609375,-0.09146341681480408,2.4390244483947754,0.12195122241973877,20.0,9619.0,890829.113058291
143178.390625,143199.046875,143513.484375,143652.25,143435.96875,143600.84375,143681.21875,115029.5859375,-0.631591796875,0.2138671875,-0.47607421875,-0.09146341681480408,2.5,0.24390244483947754,20.0,9620.0,890829.11421075
143173.296875,143194.125,143508.03125,143647.15625,143431.0625,143595.828125,143668.515625,114953.4140625,-0.63037109375,0.215087890625,-0.476806640625,-0.12195122241973877,2.5,0.15243902802467346,20.0,9621.0,890829.11543875
143109.375,143130.5625,143443.921875,143583.140625,143367.484375,143532.078125,143601.28125,114854.9765625,-0.6298828125,0.2138671875,-0.478759765625,-0.12195122241973877,2.5609755516052246,0.21341463923454285,20.0,9622.0,890829.116649083
143099.984375,143121.34375,143434.71875,143573.84375,143358.09375,143522.78125,143592.4375,114856.5859375,-0.630859375,0.21337890625,-0.47900390625,-0.12195122241973877,2.408536672592163,0.060975611209869385,20.0,9623.0,890829.118041958
143139.40625,143160.515625,143474.78125,143613.796875,143397.34375,143562.03125,143641.515625,114981.9296875,-0.628662109375,0.2138671875,-0.47802734375,-0.12195122241973877,2.378048896789551,0.0,20.0,9624.0,890829.151917125
143144.5,143165.421875,143479.515625,143618.1875,143402.171875,143567.21875,143640.0,114932.2265625,-0.629638671875,0.214599609375,-0.47705078125,-0.15243902802467346,2.378048896789551,0.15243902802467346,20.0,9625.0,890829.151944208
143082.28125,143102.9375,143417.203125,143555.78125,143339.859375,143504.453125,143574.546875,114838.5234375,-0.632080078125,0.21533203125,-0.47705078125,-0.15243902802467346,2.4695122241973877,0.09146341681480408,20.0,9626.0,890829.151960041
143050.625,143071.453125,143385.09375,143524.125,143308.390625,143472.984375,143542.8125,114803.4765625,-0.6318359375,0.21435546875,-0.478271484375,-0.09146341681480408,2.4695122241973877,0.12195122241973877,20.0,9627.0,890829.15197475
143086.390625,143107.046875,143421.125,143560.34375,143344.328125,143508.75,143588.40625,114930.8828125,-0.631103515625,0.214599609375,-0.47607421875,-0.12195122241973877,2.5,0.18292683362960815,20.0,9628.0,890829.156215166
143098.1875,143119.203125,143433.015625,143572.40625,143356.3125,143520.640625,143597.265625,114906.203125,-0.6318359375,0.213134765625,-0.47900390625,-0.060975611209869385,2.4390244483947754,0.12195122241973877,20.0,9629.0,890829.15627575
143054.65625,143075.21875,143388.765625,143528.234375,143312.328125,143476.828125,143548.71875,114802.40625,-0.632080078125,0.21435546875,-0.4775390625,-0.09146341681480408,2.317073106765747,0.15243902802467346,20.0,9630.0,890829.1574225
143014.15625,143034.796875,143348.0,143487.296875,143271.828125,143436.328125,143504.375,114742.5,-0.6298828125,0.2138671875,-0.475341796875,-0.09146341681480408,2.3475608825683594,0.24390244483947754,20.0,9631.0,890829.159927875
143047.671875,143068.234375,143382.328125,143521.359375,143305.609375,143469.671875,143547.015625,114864.6328125,-0.63134765625,0.214599609375,-0.477294921875,-0.12195122241973877,2.2865853309631348,0.3048780560493469,20.0,9632.0,890829.159962791
143067.609375,143088.359375,143402.359375,143541.5625,143325.375,143489.609375,143566.421875,114879.6484375,-0.630126953125,0.2138671875,-0.478271484375,-0.12195122241973877,2.408536672592163,0.18292683362960815,20.0,9633.0,890829.161252291
143027.921875,143048.578125,143362.21875,143501.15625,143285.5,143450.09375,143520.546875,114784.96875,-0.630126953125,0.2158203125,-0.47802734375,-0.18292683362960815,2.317073106765747,0.24390244483947754,20.0,9634.0,890829.190754708
142971.234375,142992.0625,143305.53125,143444.5625,143229.4375,143393.859375,143461.0,114699.2265625,-0.6298828125,0.21533203125,-0.47314453125,-0.18292683362960815,2.4390244483947754,0.12195122241973877,20.0,9635.0,890829.19204775
142999.84375,143021.390625,143334.5,143473.96875,143258.328125,143422.296875,143497.125,114798.6484375,-0.630126953125,0.214599609375,-0.4775390625,-0.060975611209869385,2.408536672592163,0.09146341681480408,20.0,9636.0,890829.192068708
143028.640625,143049.734375,143363.46875,143502.3125,143286.578125,143450.90625,143528.953125,114850.953125,-0.62939453125,0.2138671875,-0.48095703125,-0.060975611209869385,2.4390244483947754,0.15243902802467346,20.0,9637.0,890829.192083666
143001.09375,143021.578125,143335.390625,143474.234375,143259.125,143423.28125,143495.15625,114764.671875,-0.62841796875,0.214599609375,-0.4794921875,-0.09146341681480408,2.5304877758026123,0.18292683362960815,20.0,9638.0,890829.195511791
142932.078125,142952.8125,143266.1875,143405.125,143190.109375,143354.171875,143423.71875,114668.296875,-0.630126953125,0.213134765625,-0.4794921875,-0.09146341681480408,2.4695122241973877,0.18292683362960815,20.0,9639.0,890829.195531208
142947.546875,142968.375,143282.109375,143420.859375,143205.390625,143369.8125,143443.75,114733.921875,-0.63037109375,0.213623046875,-0.47900390625,-0.12195122241973877,2.4390244483947754,0.09146341681480408,20.0,9640.0,890829.198133333
142978.296875,142999.125,143312.953125,143451.96875,143236.0625,143400.125,143479.875,114819.390625,-0.631591796875,0.21484375,-0.477294921875,-0.12195122241973877,2.4695122241973877,0.15243902802467346,20.0,9641.0,890829.200498583
142964.34375,142985.1875,143298.46875,143437.484375,143222.109375,143386.265625,143458.0625,114733.3828125,-0.629638671875,0.21484375,-0.481201171875,-0.15243902802467346,2.591463327407837,0.27439025044441223,20.0,9642.0,890829.200546083
142898.375,142919.5625,143232.390625,143371.328125,143156.3125,143320.546875,143388.59375,114634.5859375,-0.63037109375,0.214111328125,-0.480712890625,-0.12195122241973877,2.5304877758026123,0.24390244483947754,20.0,9643.0,890829.230998416
142902.390625,142923.484375,143236.328125,143375.53125,143160.15625,143324.125,143395.03125,114664.09375,-0.628662109375,0.215576171875,-0.478759765625,-0.15243902802467346,2.5,0.15243902802467346,20.0,9644.0,890829.231029416
142937.703125,142958.71875,143272.09375,143411.203125,143195.375,143359.53125,143439.015625,114777.28125,-0.630126953125,0.214599609375,-0.479736328125,-0.09146341681480408,2.5304877758026123,0.12195122241973877,20.0,9645.0,890829.231045083
142935.921875,142956.75,143270.296875,143409.0625,143193.59375,143358.09375,143431.140625,114712.28125,-0.63037109375,0.21337890625,-0.479248046875,-0.15243902802467346,2.5609755516052246,0.12195122241973877,20.0,9646.0,890829.234269333
142868.59375,142889.515625,143202.796875,143341.828125,143126.265625,143290.59375,143361.3125,114616.6171875,-0.630859375,0.21240234375,-0.480712890625,-0.15243902802467346,2.4695122241973877,0.060975611209869385,20.0,9647.0,890829.23429325
142850.71875,142871.90625,143184.921875,143324.125,143108.75,143272.625,143343.703125,114607.765625,-0.630126953125,0.21533203125,-0.480712890625,-0.060975611209869385,2.4695122241973877,0.15243902802467346,20.0,9648.0,890829.236835666
142886.484375,142907.9375,143221.84375,143360.78125,143144.5,143308.65625,143389.21875,114732.3125,-0.631103515625,0.2138671875,-0.478515625,-0.09146341681480408,2.5304877758026123,0.12195122241973877,20.0,9649.0,890829.236926333
142893.453125,142914.640625,143227.921875,143367.125,143151.203125,143315.546875,143390.546875,114687.875,-0.62939453125,0.2158203125,-0.477294921875,-0.030487805604934692,2.5609755516052246,0.18292683362960815,20.0,9650.0,890829.236947125
142838.46875,142859.296875,143172.40625,143311.34375,143095.953125,143260.203125,143330.109375,114583.8046875,-0.63134765625,0.214111328125,-0.479248046875,-0.09146341681480408,2.5,0.12195122241973877,20.0,9651.0,890829.240515208
142814.5,142835.34375,143148.078125,143287.46875,143072.265625,143236.328125,143303.203125,114539.1875,-0.629150390625,0.214599609375,-0.47802734375,-0.060975611209869385,2.4390244483947754,0.15243902802467346,20.0,9652.0,890829.2405365
142853.3125,142874.5,143187.78125,143326.8125,143110.984375,143275.046875,143352.828125,114673.5703125,-0.630126953125,0.21484375,-0.48193359375,-0.09146341681480408,2.4695122241973877,0.18292683362960815,20.0,9653.0,890829.241791708
142866.984375,142888.265625,143201.640625,143340.484375,143125.109375,143289.171875,143364.359375,114665.609375,-0.6318359375,0.21435546875,-0.47607421875,-0.09146341681480408,2.5,0.12195122241973877,20.0,9654.0,890829.244187666
142816.46875,142837.578125,143150.671875,143289.703125,143074.328125,143238.734375,143308.296875,114569.765625,-0.630615234375,0.215087890625,-0.478759765625,-0.12195122241973877,2.4695122241973877,0.060975611209869385,20.0,9655.0,890829.245448791
142771.046875,142791.703125,143104.890625,143243.75,143028.71875,143192.78125,143259.390625,114495.3828125,-0.632080078125,0.21484375,-0.4775390625,-0.09146341681480408,2.5,0.09146341681480408,20.0,9656.0,890829.278445875
142805.109375,142825.6875,143139.59375,143278.265625,143062.703125,143226.9375,143303.03125,114613.7578125,-0.630859375,0.2138671875,-0.4775390625,-0.09146341681480408,2.4695122241973877,0.060975611209869385,20.0,9657.0,890829.278473791
142828.0,142848.84375,143162.5625,143301.0625,143085.859375,143250.359375,143326.453125,114639.953125,-0.629150390625,0.2158203125,-0.479248046875,0.030487805604934692,2.5304877758026123,0.15243902802467346,20.0,9658.0,890829.278489291
142789.296875,142810.296875,143123.21875,143262.25,143046.96875,143211.5625,143281.03125,114552.15625,-0.630126953125,0.21435546875,-0.47900390625,-0.09146341681480408,2.4390244483947754,0.18292683362960815,20.0,9659.0,890829.281784291
142726.96875,142748.171875,143060.828125,143200.203125,142984.90625,143149.15625,143216.484375,114459.53125,-0.630126953125,0.213623046875,-0.4794921875,-0.15243902802467346,2.4390244483947754,0.18292683362960815,20.0,9660.0,890829.281809125
142751.921875,142773.015625,143086.390625,143225.515625,143009.671875,143173.921875,143248.9375,114551.2578125,-0.630126953125,0.217041015625,-0.478759765625,-0.12195122241973877,2.3475608825683594,0.24390244483947754,20.0,9661.0,890829.284186958
142779.90625,142801.265625,143114.828125,143253.84375,143037.9375,143202.078125,143280.9375,114613.84375,-0.630859375,0.215576171875,-0.47705078125,-0.18292683362960815,2.378048896789551,0.21341463923454285,20.0,9662.0,890829.284274375
142757.640625,142778.5625,143091.84375,143231.046875,143015.671875,143179.90625,143250.625,114523.71875,-0.62939453125,0.216552734375,-0.47607421875,-0.12195122241973877,2.3475608825683594,0.18292683362960815,20.0,9663.0,890829.285346541
142693.359375,142714.28125,143027.203125,143166.140625,142951.203125,143115.453125,143181.4375,114422.9609375,-0.63037109375,0.215087890625,-0.478271484375,-0.060975611209869385,2.5,0.18292683362960815,20.0,9664.0,890829.286802083
142708.375,142729.203125,143042.84375,143181.703125,142966.3125,143130.5625,143202.265625,114480.1796875,-0.630126953125,0.214111328125,-0.477294921875,-0.09146341681480408,2.5609755516052246,0.12195122241973877,20.0,9665.0,890829.289402125
142742.078125,142762.828125,143077.0,143215.9375,142999.9375,143164.171875,143243.203125,114575.3125,-0.631591796875,0.216796875,-0.478515625,-0.060975611209869385,2.4390244483947754,0.21341463923454285,20.0,9666.0,890829.2904355
142732.15625,142752.90625,143066.71875,143205.578125,142990.015625,143154.34375,143226.046875,114496.8984375,-0.63134765625,0.216064453125,-0.47998046875,-0.12195122241973877,2.4695122241973877,0.24390244483947754,20.0,9667.0,890829.354607666
142664.75,142685.578125,142999.21875,143137.703125,142922.859375,143086.75,143154.515625,114394.9765625,-0.63037109375,0.2138671875,-0.478759765625,-0.15243902802467346,2.5,0.21341463923454285,20.0,9668.0,890829.354641291
142665.90625,142686.65625,143000.203125,143138.875,142923.671875,143087.640625,143157.46875,114412.765625,-0.628662109375,0.215087890625,-0.481201171875,-0.09146341681480408,2.5,0.09146341681480408,20.0,9669.0,890829.358360375
142703.734375,142724.65625,143038.46875,143177.3125,142961.40625,143125.640625,143204.3125,114533.109375,-0.630615234375,0.216552734375,-0.4775390625,-0.12195122241973877,2.5609755516052246,0.12195122241973877,20.0,9670.0,890829.358380791
142703.015625,142723.84375,143037.21875,143176.15625,142960.6875,143125.1875,143198.5,114480.09375,-0.629638671875,0.2158203125,-0.47607421875,-0.18292683362960815,2.4695122241973877,0.09146341681480408,20.0,9671.0,890829.358395291
142633.90625,142655.0,142967.84375,143106.59375,142891.65625,143056.171875,143125.734375,114381.296875,-0.630126953125,0.21337890625,-0.477294921875,-0.15243902802467346,2.5609755516052246,0.12195122241973877,20.0,9672.0,890829.358409583
142615.21875,142636.5,142949.59375,143088.265625,142873.421875,143037.84375,143106.5,114355.28125,-0.631591796875,0.216064453125,-0.477783203125,-0.12195122241973877,2.5,0.15243902802467346,20.0,9673.0,890829.360637666
142653.921875,142675.125,142988.40625,143127.25,142911.6875,143076.109375,143155.328125,114487.6015625,-0.631591796875,0.215087890625,-0.479736328125,-0.12195122241973877,2.621951103210449,0.15243902802467346,20.0,9674.0,890829.360717916
142663.765625,142684.6875,142997.703125,143136.8125,142921.609375,143085.40625,143160.0625,114453.625,-0.631103515625,0.217041015625,-0.482177734375,-0.15243902802467346,2.591463327407837,0.21341463923454285,20.0,9675.0,890829.360735
142606.546875,142627.28125,142940.03125,143079.6875,142864.65625,143028.28125,143097.5625,114356.0859375,-0.630615234375,0.217041015625,-0.48095703125,-0.12195122241973877,2.4695122241973877,0.12195122241973877,20.0,9676.0,890829.365465958
142570.328125,142590.890625,142903.46875,143042.9375,142827.734375,142991.890625,143059.75,114303.3359375,-0.6318359375,0.215087890625,-0.480712890625,-0.12195122241973877,2.5,0.15243902802467346,20.0,9677.0,890829.365494833
142606.453125,142627.46875,142940.390625,143079.78125,142864.21875,143028.640625,143106.328125,114429.484375,-0.631591796875,0.2158203125,-0.48193359375,-0.09146341681480408,2.378048896789551,0.15243902802467346,20.0,9678.0,890829.366652375
142623.359375,142644.453125,142957.90625,143096.84375,142881.46875,143045.703125,143121.703125,114429.0390625,-0.630126953125,0.215576171875,-0.483642578125,-0.09146341681480408,2.5,0.18292683362960815,20.0,9679.0,890829.367927708
142579.71875,142600.828125,142914.1875,143052.859375,142837.578125,143001.8125,143072.796875,114332.8359375,-0.62890625,0.215576171875,-0.4814453125,-0.15243902802467346,2.5,0.18292683362960815,20.0,9680.0,890829.369141833
142527.59375,142548.703125,142861.890625,143000.5625,142785.265625,142949.328125,143018.0,114260.1484375,-0.629638671875,0.2138671875,-0.48095703125,-0.12195122241973877,2.408536672592163,0.12195122241973877,20.0,9681.0,890829.370358666
142558.4375,142579.625,142893.09375,143031.765625,142816.296875,142980.625,143056.890625,114367.9765625,-0.6298828125,0.21435546875,-0.48095703125,-0.15243902802467346,2.5,0.060975611209869385,20.0,9682.0,890829.371601
142582.578125,142603.859375,142917.234375,143056.171875,142840.4375,143004.765625,143082.375,114403.828125,-0.63134765625,0.213623046875,-0.482177734375,-0.15243902802467346,2.4695122241973877,0.15243902802467346,20.0,9683.0,890829.372846375
142553.25,142574.53125,142887.453125,143026.84375,142811.015625,142975.34375,143046.96875,114310.1328125,-0.632080078125,0.214111328125,-0.477294921875,-0.15243902802467346,2.5304877758026123,0.18292683362960815,20.0,9684.0,890829.374112958
142489.15625,142510.34375,142823.0,142962.109375,142747.0,142911.25,142979.1875,114222.8671875,-0.6328125,0.212890625,-0.4775390625,-0.18292683362960815,2.408536672592163,0.18292683362960815,20.0,9685.0,890829.410938875
142509.0,142530.28125,142843.65625,142982.5,142766.9375,142930.90625,143005.296875,114304.40625,-0.633056640625,0.21435546875,-0.47607421875,-0.18292683362960815,2.378048896789551,0.18292683362960815,20.0,9686.0,890829.410964458
142540.109375,142561.484375,142874.9375,143013.96875,142798.046875,142962.03125,143041.15625,114374.6796875,-0.630126953125,0.21533203125,-0.474853515625,-0.09146341681480408,2.3475608825683594,0.15243902802467346,20.0,9687.0,890829.41098
142521.421875,142542.4375,142855.546875,142994.75,142779.09375,142943.515625,143014.328125,114288.3125,-0.629638671875,0.213623046875,-0.474365234375,-0.12195122241973877,2.5304877758026123,0.18292683362960815,20.0,9688.0,890829.410994666
142453.84375,142474.84375,142787.6875,142926.984375,142711.6875,142875.921875,142943.078125,114189.4296875,-0.631591796875,0.216796875,-0.4775390625,-0.15243902802467346,2.5304877758026123,0.12195122241973877,20.0,9689.0,890829.411009333
142463.84375,142485.125,142797.96875,142937.4375,142721.96875,142885.84375,142958.0,114238.6015625,-0.6318359375,0.215087890625,-0.48046875,-0.18292683362960815,2.5304877758026123,0.09146341681480408,20.0,9690.0,890829.411023291
142498.546875,142519.734375,142833.1875,142971.953125,142756.484375,142920.546875,142999.9375,114340.3515625,-0.630126953125,0.21435546875,-0.4794921875,-0.12195122241973877,2.4390244483947754,0.15243902802467346,20.0,9691.0,890829.4110375
142492.109375,142513.03125,142826.125,142964.890625,142749.859375,142913.921875,142986.703125,114264.6171875,-0.629638671875,0.214111328125,-0.480712890625,-0.12195122241973877,2.6524391174316406,0.09146341681480408,20.0,9692.0,890829.4110515
142426.296875,142447.75,142760.140625,142899.078125,142684.0625,142848.125,142917.046875,114160.8203125,-0.630615234375,0.21484375,-0.4814453125,-0.09146341681480408,2.621951103210449,0.15243902802467346,20.0,9693.0,890829.411065416
142421.203125,142442.578125,142755.40625,142893.890625,142679.140625,142843.203125,142912.21875,114166.9921875,-0.6318359375,0.217041015625,-0.48095703125,-0.18292683362960815,2.621951103210449,0.24390244483947754,20.0,9694.0,890829.411080583
142457.5,142478.609375,142792.15625,142930.828125,142715.359375,142879.140625,142958.453125,114291.890625,-0.631103515625,0.21533203125,-0.4794921875,-0.09146341681480408,2.5609755516052246,0.09146341681480408,20.0,9695.0,890829.41415225
142461.96875,142482.890625,142795.8125,142934.84375,142719.546875,142883.53125,142956.390625,114241.109375,-0.632080078125,0.215576171875,-0.479248046875,-0.09146341681480408,2.5,0.09146341681480408,20.0,9696.0,890829.414173458
142397.875,142418.703125,142731.171875,142870.390625,142655.265625,142819.421875,142888.71875,114148.125,-0.631103515625,0.2158203125,-0.4794921875,-0.09146341681480408,2.4390244483947754,0.09146341681480408,20.0,9697.0,890829.415360375
142373.375,142394.109375,142706.859375,142846.0625,142630.953125,142795.109375,142864.125,114117.0078125,-0.6298828125,0.2158203125,-0.478515625,-0.09146341681480408,2.4695122241973877,0.09146341681480408,20.0,9698.0,890829.416603291
142410.65625,142431.125,142744.765625,142883.703125,142668.140625,142832.03125,142911.421875,114247.1875,-0.629638671875,0.216796875,-0.480224609375,-0.030487805604934692,2.4390244483947754,0.09146341681480408,20.0,9699.0,890829.417919041
142423.265625,142443.828125,142757.109375,142895.953125,142680.84375,142844.546875,142919.5625,114221.3515625,-0.63134765625,0.21435546875,-0.47998046875,0.0,2.5,0.12195122241973877,20.0,9700.0,890829.4510685
142372.390625,142392.953125,142705.875,142844.453125,142629.609375,142793.578125,142862.96875,114121.5703125,-0.6298828125,0.21435546875,-0.478759765625,-0.09146341681480408,2.378048896789551,0.18292683362960815,20.0,9701.0,890829.451091416
142330.90625,142351.46875,142664.296875,142803.328125,142588.484375,142752.71875,142821.03125,114066.4921875,-0.6298828125,0.2158203125,-0.479248046875,-0.18292683362960815,2.2865853309631348,0.18292683362960815,20.0,9702.0,890829.451106416
142364.25,142384.90625,142698.625,142837.390625,142621.921875,142786.34375,142863.765625,114189.7890625,-0.6298828125,0.21533203125,-0.479248046875,-0.15243902802467346,2.317073106765747,0.18292683362960815,20.0,9703.0,890829.455490583
142384.015625,142404.75,142718.21875,142857.234375,142641.5,142806.1875,142882.453125,114198.1015625,-0.6298828125,0.21533203125,-0.47802734375,-0.09146341681480408,2.5304877758026123,0.12195122241973877,20.0,9704.0,890829.45550775
142343.328125,142364.703125,142677.078125,142816.46875,142601.171875,142765.6875,142835.421875,114102.2578125,-0.630126953125,0.215087890625,-0.479248046875,-0.15243902802467346,2.5,0.15243902802467346,20.0,9705.0,890829.456577541
142291.5625,142312.75,142625.40625,142764.53125,142549.6875,142713.46875,142779.90625,114018.0390625,-0.62890625,0.213623046875,-0.479736328125,-0.15243902802467346,2.4695122241973877,0.15243902802467346,20.0,9706.0,890829.457936458
142321.421875,142342.34375,142655.8125,142794.65625,142579.09375,142743.25,142818.53125,114124.25,-0.62939453125,0.21435546875,-0.480224609375,-0.15243902802467346,2.4390244483947754,0.15243902802467346,20.0,9707.0,890829.459108125
142346.90625,142367.921875,142681.28125,142820.3125,142604.484375,142768.90625,142846.515625,114171.3671875,-0.62939453125,0.216064453125,-0.47998046875,-0.09146341681480408,2.4695122241973877,0.15243902802467346,20.0,9708.0,890829.460414291
142320.796875,142341.8125,142654.734375,142793.765625,142578.296875,142742.625,142813.4375,114079.90625,-0.630126953125,0.2138671875,-0.48193359375,-0.15243902802467346,2.4390244483947754,0.18292683362960815,20.0,9709.0,890829.461604625
142255.359375,142276.453125,142589.015625,142728.140625,142512.84375,142677.078125,142744.953125,113987.9921875,-0.632080078125,0.215087890625,-0.478515625,-0.15243902802467346,2.4390244483947754,0.15243902802467346,20.0,9710.0,890829.477108583
142274.390625,142295.3125,142608.25,142747.53125,142532.15625,142696.125,142769.265625,114061.21875,-0.63134765625,0.21728515625,-0.479736328125,-0.15243902802467346,2.408536672592163,0.12195122241973877,20.0,9711.0,890829.477125166
142305.78125,142326.703125,142640.25,142779.453125,142563.625,142727.515625,142806.546875,114142.3984375,-0.631591796875,0.2158203125,-0.478515625,-0.12195122241973877,2.4390244483947754,0.09146341681480408,20.0,9712.0,890829.477139416
142289.5,142310.609375,142623.796875,142762.828125,142547.53125,142711.421875,142781.875,114059.5234375,-0.6318359375,0.215087890625,-0.47900390625,-0.09146341681480408,2.408536672592163,0.12195122241973877,20.0,9713.0,890829.477154333
142219.671875,142240.953125,142553.96875,142692.46875,142477.703125,142641.5,142709.0,113965.109375,-0.6318359375,0.214599609375,-0.47802734375,-0.12195122241973877,2.4695122241973877,0.12195122241973877,20.0,9714.0,890829.479087875
142219.953125,142240.953125,142554.0625,142692.734375,142477.703125,142641.765625,142714.546875,114002.4765625,-0.63232421875,0.2138671875,-0.477783203125,-0.12195122241973877,2.5609755516052246,0.21341463923454285,20.0,9715.0,890829.510710125
142255.703125,142276.359375,142590.265625,142728.9375,142513.296875,142677.265625,142758.453125,114109.140625,-0.6318359375,0.21435546875,-0.476806640625,-0.12195122241973877,2.4695122241973877,0.21341463923454285,20.0,9716.0,890829.541049041
142255.703125,142276.71875,142589.828125,142728.9375,142513.65625,142677.71875,142751.03125,114031.09375,-0.631103515625,0.2158203125,-0.477294921875,-0.12195122241973877,2.3475608825683594,0.15243902802467346,20.0,9717.0,890829.541065708
142196.34375,142217.53125,142529.828125,142669.3125,142454.28125,142618.53125,142689.15625,113939.359375,-0.630615234375,0.216064453125,-0.4755859375,-0.12195122241973877,2.408536672592163,0.060975611209869385,20.0,9718.0,890829.541079791
142181.765625,142203.3125,142515.078125,142654.734375,142439.53125,142603.6875,142673.859375,113938.5546875,-0.631591796875,0.214599609375,-0.480224609375,-0.09146341681480408,2.378048896789551,0.060975611209869385,20.0,9719.0,890829.545377541
142218.515625,142239.625,142552.359375,142691.921875,142476.09375,142640.25,142719.734375,114061.84375,-0.63232421875,0.214599609375,-0.481201171875,-0.060975611209869385,2.408536672592163,0.09146341681480408,20.0,9720.0,890829.545471416
142224.5,142245.15625,142558.171875,142697.203125,142481.90625,142645.96875,142719.734375,114012.7578125,-0.630126953125,0.215576171875,-0.4775390625,-0.060975611209869385,2.4390244483947754,0.09146341681480408,20.0,9721.0,890829.546784291
142170.421875,142190.984375,142503.8125,142642.65625,142428.171875,142591.875,142660.8125,113912.8046875,-0.63037109375,0.21435546875,-0.47900390625,-0.12195122241973877,2.5,0.09146341681480408,20.0,9722.0,890829.5468005
142146.640625,142167.90625,142480.21875,142619.0625,142404.390625,142568.09375,142634.890625,113872.2109375,-0.629638671875,0.21435546875,-0.47705078125,-0.09146341681480408,2.4695122241973877,0.09146341681480408,20.0,9723.0,890829.550470208
142184.90625,142205.640625,142518.65625,142657.6875,142442.21875,142606.0,142683.609375,114006.59375,-0.632568359375,0.213134765625,-0.478759765625,-0.030487805604934692,2.4695122241973877,0.18292683362960815,20.0,9724.0,890829.550486791
142198.84375,142220.03125,142532.609375,142671.71875,142456.515625,142620.484375,142695.421875,113995.0625,-0.63330078125,0.215576171875,-0.479248046875,-0.060975611209869385,2.4390244483947754,0.15243902802467346,20.0,9725.0,890829.5516235
142144.21875,142165.765625,142477.96875,142617.09375,142401.984375,142566.046875,142636.234375,113904.3125,-0.630615234375,0.213623046875,-0.478759765625,-0.060975611209869385,2.5,0.18292683362960815,20.0,9726.0,890829.552847833
142096.828125,142118.296875,142430.140625,142569.4375,142354.6875,142518.828125,142586.34375,113832.15625,-0.632080078125,0.21435546875,-0.478271484375,-0.09146341681480408,2.5609755516052246,0.030487805604934692,20.0,9727.0,890829.554081
142133.3125,142154.59375,142467.515625,142606.28125,142390.984375,142554.859375,142632.03125,113952.3203125,-0.63134765625,0.216064453125,-0.477294921875,-0.09146341681480408,2.4695122241973877,0.12195122241973877,20.0,9728.0,890829.555408083
142154.5,142175.609375,142488.53125,142627.375,142412.0,142575.875,142653.21875,113973.6015625,-0.630859375,0.215576171875,-0.4794921875,-0.12195122241973877,2.5,0.09146341681480408,20.0,9729.0,890829.558036208
142117.3125,142138.140625,142450.703125,142589.90625,142374.625,142538.421875,142608.6875,113880.53125,-0.630859375,0.21337890625,-0.47900390625,0.0,2.4695122241973877,0.12195122241973877,20.0,9730.0,890829.560415208
142057.765625,142079.046875,142391.25,142530.375,142315.53125,142479.3125,142547.0,113797.109375,-0.62939453125,0.2138671875,-0.47607421875,-0.12195122241973877,2.4390244483947754,0.21341463923454285,20.0,9731.0,890829.560432166
142080.46875,142101.75,142414.671875,142553.703125,142338.5,142502.296875,142578.375,113891.703125,-0.628662109375,0.215576171875,-0.478271484375,-0.15243902802467346,2.4695122241973877,0.15243902802467346,20.0,9732.0,890829.592161083
142108.71875,142129.5625,142442.84375,142581.78125,142366.484375,142530.09375,142609.21875,113947.2265625,-0.63037109375,0.216796875,-0.4765625,-0.15243902802467346,2.408536672592163,0.09146341681480408,20.0,9733.0,890829.592180333
142087.265625,142108.28125,142420.9375,142559.78125,142345.125,142508.734375,142579.8125,113852.2734375,-0.62939453125,0.216552734375,-0.47705078125,-0.09146341681480408,2.4695122241973877,0.12195122241973877,20.0,9734.0,890829.592194208
142026.203125,142047.21875,142359.6875,142498.453125,142283.78125,142447.75,142515.4375,113761.703125,-0.630126953125,0.216796875,-0.477783203125,-0.15243902802467346,2.378048896789551,0.12195122241973877,20.0,9735.0,890829.592208875
142041.046875,142062.140625,142374.71875,142513.921875,142298.53125,142462.59375,142535.828125,113825.3671875,-0.62939453125,0.21533203125,-0.478759765625,-0.12195122241973877,2.5,0.09146341681480408,20.0,9736.0,890829.592223041
142073.859375,142095.046875,142408.234375,142547.0,142331.4375,142495.59375,142574.890625,113914.859375,-0.631591796875,0.21337890625,-0.4775390625,-0.09146341681480408,2.4390244483947754,0.030487805604934692,20.0,9737.0,890829.592237583
142062.5,142083.875,142396.53125,142535.640625,142320.265625,142484.328125,142555.9375,113831.625,-0.629638671875,0.21533203125,-0.47802734375,0.0,2.5,0.030487805604934692,20.0,9738.0,890829.592251416
141995.796875,142016.8125,142329.296875,142468.59375,142253.5625,142417.359375,142485.484375,113733.546875,-0.630126953125,0.21533203125,-0.48046875,-0.09146341681480408,2.5,0.0,20.0,9739.0,890829.592264833
141997.140625,142017.890625,142330.640625,142470.015625,142255.0,142418.703125,142489.15625,113756.703125,-0.629150390625,0.215087890625,-0.48046875,-0.15243902802467346,2.5,0.12195122241973877,20.0,9740.0,890829.592278375
142033.0,142053.828125,142367.015625,142506.140625,142290.578125,142454.28125,142533.859375,113873.46875,-0.629150390625,0.21435546875,-0.478515625,-0.09146341681480408,2.5,0.15243902802467346,20.0,9741.0,890829.592292
142032.734375,142053.921875,142366.484375,142505.25,142290.21875,142454.109375,142526.53125,113809.09375,-0.62939453125,0.21435546875,-0.478515625,-0.12195122241973877,2.4695122241973877,0.18292683362960815,20.0,9742.0,890829.595406708
141969.25,141990.4375,142302.375,142441.5,142226.75,142390.53125,142458.3125,113713.25,-0.630615234375,0.21484375,-0.477783203125,-0.21341463923454285,2.5609755516052246,0.18292683362960815,20.0,9743.0,890829.595511916
141952.53125,141974.171875,142286.015625,142425.21875,142210.65625,142374.265625,142442.75,113697.3359375,-0.63134765625,0.21435546875,-0.47705078125,-0.18292683362960815,2.4390244483947754,0.18292683362960815,20.0,9744.0,890829.596602416
141990.625,142011.71875,142325.0,142463.765625,142248.375,142412.078125,142491.484375,113826.171875,-0.63037109375,0.2138671875,-0.474853515625,-0.12195122241973877,2.408536672592163,0.18292683362960815,20.0,9745.0,890829.654329666
141999.5625,142020.75,142333.140625,142472.171875,142256.6875,142420.9375,142494.875,113788.9765625,-0.629150390625,0.216064453125,-0.478759765625,-0.18292683362960815,2.5304877758026123,0.21341463923454285,20.0,9746.0,890829.655625666
141942.25,141963.796875,142275.921875,142414.9375,142200.09375,142363.984375,142433.90625,113688.75,-0.629638671875,0.21533203125,-0.477783203125,-0.12195122241973877,2.591463327407837,0.09146341681480408,20.0,9747.0,890829.655645
141908.1875,141929.90625,142241.859375,142381.0625,142166.21875,142330.015625,142399.03125,113644.671875,-0.629638671875,0.2158203125,-0.47900390625,-0.18292683362960815,2.5609755516052246,0.12195122241973877,20.0,9748.0,890829.659128166
141943.859375,141964.953125,142277.609375,142417.09375,142201.265625,142364.96875,142443.46875,113772.703125,-0.6298828125,0.2158203125,-0.479736328125,-0.15243902802467346,2.5609755516052246,0.21341463923454285,20.0,9749.0,890829.660818958
141959.421875,141980.78125,142293.265625,142432.5625,142217.09375,142380.875,142456.703125,113766.53125,-0.630126953125,0.2158203125,-0.4775390625,-0.15243902802467346,2.408536672592163,0.15243902802467346,20.0,9750.0,890829.660837541
141916.40625,141937.59375,142250.078125,142388.75,142174.171875,142338.140625,142408.5,113668.9921875,-0.6298828125,0.216064453125,-0.477294921875,-0.15243902802467346,2.4390244483947754,0.060975611209869385,20.0,9751.0,890829.660905958
141866.875,141888.15625,142200.28125,142338.953125,142124.46875,142288.171875,142356.296875,113605.15625,-0.62890625,0.21630859375,-0.476806640625,-0.15243902802467346,2.5,0.09146341681480408,20.0,9752.0,890829.660920291
141898.078125,141919.453125,142232.015625,142370.78125,142155.84375,142319.28125,142396.4375,113717.09375,-0.631591796875,0.217041015625,-0.474853515625,-0.12195122241973877,2.4390244483947754,0.24390244483947754,20.0,9753.0,890829.666102583
141921.59375,141942.96875,142255.984375,142394.828125,142179.359375,142343.59375,142420.671875,113746.59375,-0.631591796875,0.216552734375,-0.47509765625,-0.12195122241973877,2.4390244483947754,0.24390244483947754,20.0,9754.0,890829.666119708
141889.765625,141911.140625,142223.609375,142362.546875,142147.625,142311.671875,142380.703125,113649.9453125,-0.630859375,0.2158203125,-0.476806640625,-0.030487805604934692,2.4390244483947754,0.21341463923454285,20.0,9755.0,890829.666133375
141831.65625,141852.75,142165.046875,142304.078125,142089.234375,142253.46875,142319.90625,113563.2265625,-0.6328125,0.21533203125,-0.47705078125,-0.09146341681480408,2.317073106765747,0.09146341681480408,20.0,9756.0,890829.666147416
141854.71875,141876.0,142188.65625,142327.6875,142112.21875,142276.359375,142350.921875,113654.0625,-0.63330078125,0.216064453125,-0.476806640625,-0.09146341681480408,2.408536672592163,0.09146341681480408,20.0,9757.0,890829.666161458
141883.421875,141904.609375,142217.625,142356.203125,142140.640625,142304.703125,142383.65625,113720.8515625,-0.63134765625,0.216796875,-0.477783203125,-0.09146341681480408,2.3475608825683594,0.09146341681480408,20.0,9758.0,890829.667922541
141864.5625,141885.828125,142198.3125,142337.15625,142122.140625,142285.84375,142356.734375,113629.921875,-0.63134765625,0.21484375,-0.480712890625,-0.15243902802467346,2.378048896789551,0.12195122241973877,20.0,9759.0,890829.697931833
141802.234375,141823.703125,142135.71875,142274.578125,142059.734375,142223.703125,142291.828125,113532.1953125,-0.6298828125,0.21484375,-0.48193359375,-0.15243902802467346,2.4695122241973877,0.12195122241973877,20.0,9760.0,890829.697959041
141814.578125,141836.03125,142148.421875,142287.0,142072.421875,142236.3125,142308.640625,113588.5234375,-0.629638671875,0.2138671875,-0.481201171875,-0.12195122241973877,2.408536672592163,0.12195122241973877,20.0,9761.0,890829.697974583
141849.453125,141870.453125,142183.734375,142322.59375,142107.203125,142271.171875,142350.484375,113687.3203125,-0.630859375,0.213623046875,-0.4794921875,-0.09146341681480408,2.4695122241973877,0.12195122241973877,20.0,9762.0,890829.697989041
141839.515625,141860.53125,142173.015625,142311.859375,142096.828125,142260.8125,142333.140625,113612.0390625,-0.63037109375,0.214111328125,-0.478759765625,-0.030487805604934692,2.5,0.12195122241973877,20.0,9763.0,890829.69800325
141773.453125,141794.546875,142106.765625,142245.25,142030.859375,142194.28125,142262.0625,113505.8203125,-0.63037109375,0.213623046875,-0.478515625,-0.060975611209869385,2.4390244483947754,0.09146341681480408,20.0,9764.0,890829.698018375
141772.28125,141793.296875,142106.046875,142244.53125,142030.046875,142193.296875,142262.6875,113523.703125,-0.630126953125,0.2138671875,-0.478271484375,-0.09146341681480408,2.5609755516052246,0.060975611209869385,20.0,9765.0,890829.69803275
141809.65625,141831.109375,142144.046875,142282.359375,142067.421875,142230.765625,142309.71875,113645.1171875,-0.631103515625,0.213623046875,-0.478515625,-0.09146341681480408,2.4695122241973877,0.09146341681480408,20.0,9766.0,890829.6991315
141811.359375,141832.8125,142145.46875,142283.515625,142068.9375,142232.640625,142304.96875,113591.65625,-0.6318359375,0.215087890625,-0.476318359375,-0.030487805604934692,2.4695122241973877,0.12195122241973877,20.0,9767.0,890829.700352208
141745.734375,141766.921875,142079.671875,142217.796875,142003.5,142167.015625,142237.375,113493.125,-0.6318359375,0.214111328125,-0.4765625,-0.030487805604934692,2.3475608825683594,0.09146341681480408,20.0,9768.0,890829.701557625
141723.03125,141744.484375,142056.59375,142195.359375,141980.78125,142144.40625,142213.78125,113466.9296875,-0.632568359375,0.21728515625,-0.478271484375,-0.060975611209869385,2.5,0.21341463923454285,20.0,9769.0,890829.7029935
141760.578125,141782.296875,142095.046875,142233.453125,142018.609375,142182.21875,142261.25,113597.46875,-0.6318359375,0.21630859375,-0.479736328125,-0.060975611209869385,2.5,0.060975611209869385,20.0,9770.0,890829.704195916
141772.375,141793.828125,142106.21875,142245.078125,142030.140625,142193.84375,142268.046875,113566.890625,-0.63134765625,0.215576171875,-0.481689453125,-0.12195122241973877,2.4390244483947754,0.12195122241973877,20.0,9771.0,890829.705543375
141720.15625,141741.625,142053.296875,142192.328125,141977.921875,142141.265625,142210.375,113469.6171875,-0.630126953125,0.214111328125,-0.4775390625,-0.060975611209869385,2.4695122241973877,0.09146341681480408,20.0,9772.0,890829.739668625
141684.84375,141706.3125,142018.328125,142156.5625,141942.78125,142106.046875,142172.5625,113411.9453125,-0.629638671875,0.21435546875,-0.476318359375,-0.12195122241973877,2.5304877758026123,0.09146341681480408,20.0,9773.0,890829.739692041
141723.109375,141744.578125,142057.234375,142195.546875,141980.875,142144.578125,142221.28125,113542.03125,-0.63134765625,0.213623046875,-0.4794921875,-0.15243902802467346,2.591463327407837,0.060975611209869385,20.0,9774.0,890829.743024708
141741.171875,141762.359375,142075.203125,142213.953125,141999.203125,142162.8125,142238.71875,113547.484375,-0.62939453125,0.213623046875,-0.478271484375,-0.18292683362960815,2.408536672592163,0.12195122241973877,20.0,9775.0,890829.743052833
141697.90625,141718.828125,142031.390625,142169.875,141955.84375,142119.28125,142188.921875,113451.9140625,-0.631103515625,0.2138671875,-0.47900390625,-0.15243902802467346,2.4390244483947754,0.060975611209869385,20.0,9776.0,890829.745429041
141644.171875,141665.453125,141977.46875,142115.875,141902.203125,142065.546875,142132.234375,113373.6796875,-0.631103515625,0.21533203125,-0.47705078125,-0.15243902802467346,2.5304877758026123,0.09146341681480408,20.0,9777.0,890829.745512
141674.390625,141695.484375,142008.234375,142146.546875,141932.140625,142095.5,142171.21875,113482.0390625,-0.63037109375,0.21484375,-0.476806640625,-0.21341463923454285,2.621951103210449,0.15243902802467346,20.0,9778.0,890829.746653916
141701.203125,141722.125,142034.96875,142173.546875,141958.609375,142122.140625,142199.390625,113523.171875,-0.6298828125,0.215576171875,-0.476318359375,-0.12195122241973877,2.4390244483947754,0.060975611209869385,20.0,9779.0,890829.747883458
141670.8125,141692.09375,142004.203125,142143.140625,141928.921875,142091.734375,142161.65625,113431.171875,-0.62939453125,0.216064453125,-0.4765625,-0.060975611209869385,2.5304877758026123,0.09146341681480408,20.0,9780.0,890829.74922425
141607.953125,141628.875,141941.265625,142079.75,141865.71875,142028.890625,142096.484375,113342.921875,-0.630126953125,0.214599609375,-0.476318359375,-0.060975611209869385,2.4390244483947754,0.15243902802467346,20.0,9781.0,890829.750501958
141627.8125,141649.078125,141961.921875,142100.046875,141885.5625,142049.09375,142123.203125,113421.3359375,-0.63134765625,0.213623046875,-0.4794921875,-0.060975611209869385,2.4390244483947754,0.18292683362960815,20.0,9782.0,890829.757876166
141658.03125,141679.296875,141992.234375,142130.625,141915.609375,142079.3125,142158.703125,113496.6171875,-0.63037109375,0.21435546875,-0.478271484375,-0.060975611209869385,2.378048896789551,0.15243902802467346,20.0,9783.0,890829.787239833
141643.90625,141665.53125,141977.65625,142116.328125,141901.75,142065.28125,142136.984375,113408.7265625,-0.633544921875,0.216064453125,-0.47705078125,-0.030487805604934692,2.5304877758026123,0.15243902802467346,20.0,9784.0,890829.787264291
141578.453125,141599.734375,141911.84375,142050.34375,141836.21875,141999.375,142068.046875,113312.4375,-0.632080078125,0.21728515625,-0.479248046875,-0.12195122241973877,2.5,0.18292683362960815,20.0,9785.0,890829.78728025
141587.125,141608.578125,141920.796875,142059.28125,141844.96875,142008.328125,142079.578125,113353.65625,-0.6328125,0.215087890625,-0.4794921875,-0.09146341681480408,2.5304877758026123,0.18292683362960815,20.0,9786.0,890829.790755125
141623.25,141644.703125,141957.1875,142096.03125,141881.1875,142044.703125,142123.5625,113461.8359375,-0.6318359375,0.215576171875,-0.476318359375,-0.09146341681480408,2.5,0.15243902802467346,20.0,9787.0,890829.790772916
141619.40625,141640.6875,141952.359375,142091.734375,141877.078125,142040.515625,142112.390625,113387.5390625,-0.63037109375,0.212646484375,-0.47705078125,-0.15243902802467346,2.4695122241973877,0.24390244483947754,20.0,9788.0,890829.7907895
141552.171875,141573.359375,141885.203125,142023.875,141809.921875,141973.1875,142041.765625,113294.375,-0.6318359375,0.213623046875,-0.47998046875,-0.09146341681480408,2.5304877758026123,0.21341463923454285,20.0,9789.0,890829.793051041
141540.546875,141561.90625,141873.671875,142012.34375,141798.390625,141961.5625,142030.9375,113294.015625,-0.632568359375,0.21435546875,-0.477783203125,-0.09146341681480408,2.4390244483947754,0.18292683362960815,20.0,9790.0,890829.7930685
141577.203125,141598.484375,141911.046875,142049.625,141835.234375,141998.3125,142077.609375,113418.6484375,-0.631103515625,0.214111328125,-0.478271484375,-0.12195122241973877,2.408536672592163,0.21341463923454285,20.0,9791.0,890829.79417325
141582.75,141604.015625,141915.96875,142054.984375,141840.765625,142003.5,142076.71875,113367.421875,-0.631103515625,0.214599609375,-0.47802734375,-0.15243902802467346,2.3475608825683594,0.15243902802467346,20.0,9792.0,890829.795433625
141524.890625,141545.734375,141857.9375,141996.78125,141782.390625,141945.46875,142015.03125,113267.640625,-0.632080078125,0.21533203125,-0.47705078125,-0.18292683362960815,2.378048896789551,0.15243902802467346,20.0,9793.0,890829.796885958
141500.046875,141521.140625,141833.265625,141971.671875,141757.53125,141920.703125,141989.640625,113234.921875,-0.63037109375,0.21484375,-0.47607421875,-0.15243902802467346,2.5,0.09146341681480408,20.0,9794.0,890829.800315583
141537.859375,141559.046875,141871.625,142010.203125,141795.71875,141958.875,142037.5625,113367.421875,-0.631103515625,0.212646484375,-0.475830078125,-0.09146341681480408,2.3475608825683594,0.060975611209869385,20.0,9795.0,890829.829665666
141551.90625,141573.265625,141885.828125,142024.421875,141810.015625,141973.1875,142048.546875,113347.5703125,-0.63134765625,0.212646484375,-0.479736328125,-0.15243902802467346,2.408536672592163,0.09146341681480408,20.0,9796.0,890829.829695875
141501.46875,141522.390625,141834.515625,141973.453125,141759.5,141922.765625,141992.9375,113250.390625,-0.631591796875,0.214599609375,-0.48095703125,-0.15243902802467346,2.4695122241973877,0.060975611209869385,20.0,9797.0,890829.829717416
141461.0625,141482.421875,141793.75,141932.328125,141718.90625,141882.078125,141949.3125,113189.5,-0.6298828125,0.21337890625,-0.48095703125,-0.18292683362960815,2.4695122241973877,0.12195122241973877,20.0,9798.0,890829.832137958
141493.96875,141515.234375,141827.546875,141966.125,141751.984375,141915.0625,141992.234375,113314.1328125,-0.63134765625,0.216064453125,-0.478515625,-0.12195122241973877,2.3475608825683594,0.15243902802467346,20.0,9799.0,890829.833256458
141513.90625,141534.828125,141847.125,141986.15625,141771.578125,141934.5625,142011.71875,113327.3671875,-0.63134765625,0.21435546875,-0.477294921875,-0.15243902802467346,2.4695122241973877,0.12195122241973877,20.0,9800.0,890829.835555166
141476.0,141497.265625,141809.125,141948.0625,141733.390625,141896.734375,141967.015625,113228.3046875,-0.63037109375,0.216552734375,-0.47607421875,-0.060975611209869385,2.5,0.09146341681480408,20.0,9801.0,890829.835582666
141424.3125,141445.328125,141756.90625,141896.03125,141681.53125,141844.890625,141911.765625,113144.7109375,-0.6298828125,0.21630859375,-0.47705078125,-0.18292683362960815,2.4390244483947754,0.21341463923454285,20.0,9802.0,890829.835607375
141453.8125,141474.921875,141787.046875,141925.984375,141711.671875,141874.484375,141949.671875,113250.1171875,-0.63037109375,0.21728515625,-0.47802734375,-0.21341463923454285,2.4695122241973877,0.18292683362960815,20.0,9803.0,890829.839241125
141480.375,141501.46875,141813.6875,141952.796875,141738.21875,141901.296875,141979.078125,113302.2421875,-0.6328125,0.216552734375,-0.47802734375,-0.060975611209869385,2.4695122241973877,0.060975611209869385,20.0,9804.0,890829.870158875
141453.28125,141474.734375,141786.234375,141925.53125,141711.40625,141874.03125,141945.109375,113213.8203125,-0.631103515625,0.21533203125,-0.478515625,-0.030487805604934692,2.408536672592163,0.09146341681480408,20.0,9805.0,890829.870201375
141387.125,141408.21875,141719.984375,141859.09375,141645.0625,141807.875,141876.09375,113122.71875,-0.630615234375,0.215087890625,-0.47900390625,-0.09146341681480408,2.5,0.15243902802467346,20.0,9806.0,890829.870229791
141401.875,141423.15625,141735.0,141874.21875,141659.90625,141822.796875,141896.734375,113191.734375,-0.6318359375,0.21533203125,-0.478759765625,-0.15243902802467346,2.5,0.12195122241973877,20.0,9807.0,890829.870257458
141435.21875,141456.046875,141768.53125,141907.65625,141693.34375,141855.96875,141935.640625,113276.765625,-0.632568359375,0.21630859375,-0.477783203125,-0.15243902802467346,2.4695122241973877,0.12195122241973877,20.0,9808.0,890829.870285833
141424.5,141445.328125,141757.796875,141896.734375,141682.25,141845.59375,141916.5,113186.015625,-0.63232421875,0.215087890625,-0.47900390625,-0.09146341681480408,2.4695122241973877,0.12195122241973877,20.0,9809.0,890829.8731495
141361.90625,141383.09375,141694.765625,141833.984375,141619.3125,141783.015625,141849.71875,113089.90625,-0.6279296875,0.21484375,-0.47900390625,-0.12195122241973877,2.378048896789551,0.060975611209869385,20.0,9810.0,890829.875468666
141368.171875,141389.171875,141701.03125,141840.140625,141625.484375,141789.0,141859.28125,113124.59375,-0.62890625,0.21630859375,-0.479736328125,-0.09146341681480408,2.4695122241973877,0.12195122241973877,20.0,9811.0,890829.875554791
141403.296875,141424.5,141736.96875,141875.546875,141660.796875,141823.96875,141903.171875,113238.6796875,-0.62890625,0.21728515625,-0.47802734375,-0.15243902802467346,2.4695122241973877,0.12195122241973877,20.0,9812.0,890829.876755875
141400.984375,141421.640625,141734.015625,141872.6875,141658.03125,141821.734375,141893.4375,113173.40625,-0.630615234375,0.21630859375,-0.480224609375,-0.15243902802467346,2.5,0.18292683362960815,20.0,9813.0,890829.87789875
141333.75,141354.75,141666.515625,141805.1875,141591.15625,141754.5,141822.796875,113072.9140625,-0.6318359375,0.216552734375,-0.477783203125,-0.09146341681480408,2.4695122241973877,0.060975611209869385,20.0,9814.0,890829.879354583
141319.703125,141341.34375,141653.015625,141791.6875,141577.734375,141741.0,141809.5625,113063.8828125,-0.6328125,0.21484375,-0.478759765625,-0.12195122241973877,2.378048896789551,0.15243902802467346,20.0,9815.0,890829.910764875
141359.140625,141380.59375,141692.625,141831.46875,141616.984375,141780.15625,141858.65625,113191.828125,-0.631591796875,0.214599609375,-0.478759765625,-0.060975611209869385,2.4390244483947754,0.12195122241973877,20.0,9816.0,890829.912025583
141366.5625,141388.1875,141699.875,141838.453125,141624.3125,141787.484375,141861.0625,113151.859375,-0.631591796875,0.21484375,-0.4794921875,-0.060975611209869385,2.378048896789551,0.21341463923454285,20.0,9817.0,890829.91204375
141303.171875,141324.71875,141635.859375,141774.703125,141560.65625,141724.0,141794.1875,113057.8046875,-0.6328125,0.2158203125,-0.4794921875,-0.030487805604934692,2.4695122241973877,0.21341463923454285,20.0,9818.0,890829.91206025
141270.265625,141291.71875,141603.046875,141741.890625,141527.765625,141691.375,141760.125,113011.40625,-0.630126953125,0.216064453125,-0.4814453125,-0.060975611209869385,2.5609755516052246,0.21341463923454285,20.0,9819.0,890829.915639083
141305.578125,141327.3125,141639.078125,141778.09375,141563.25,141726.515625,141805.546875,113142.296875,-0.630126953125,0.216064453125,-0.482666015625,-0.09146341681480408,2.4695122241973877,0.18292683362960815,20.0,9820.0,890829.915742583
141321.671875,141343.046875,141654.8125,141794.015625,141579.078125,141742.515625,141818.328125,113128.9765625,-0.62939453125,0.214111328125,-0.4794921875,-0.060975611209869385,2.4390244483947754,0.18292683362960815,20.0,9821.0,890829.915766875
141278.765625,141300.046875,141611.625,141750.734375,141536.078125,141699.59375,141768.4375,113026.6953125,-0.6298828125,0.2138671875,-0.4794921875,-0.12195122241973877,2.317073106765747,0.15243902802467346,20.0,9822.0,890829.95447425
141232.0,141253.453125,141565.046875,141703.890625,141489.671875,141652.84375,141720.609375,112969.0234375,-0.62939453125,0.215087890625,-0.4775390625,-0.12195122241973877,2.378048896789551,0.12195122241973877,20.0,9823.0,890829.955451833
141261.859375,141283.046875,141595.265625,141734.109375,141519.71875,141682.609375,141759.953125,113083.2890625,-0.631103515625,0.215576171875,-0.48046875,-0.12195122241973877,2.4390244483947754,0.21341463923454285,20.0,9824.0,890829.956644791
141284.84375,141306.75,141618.421875,141757.453125,141543.046875,141706.21875,141783.46875,113107.6015625,-0.631103515625,0.21435546875,-0.47998046875,-0.15243902802467346,2.4695122241973877,0.12195122241973877,20.0,9825.0,890829.958089583
141253.640625,141275.453125,141586.5,141725.609375,141511.484375,141674.828125,141744.65625,113004.6953125,-0.631103515625,0.213623046875,-0.478759765625,-0.18292683362960815,2.5304877758026123,0.060975611209869385,20.0,9826.0,890829.958159708
141200.0,141221.625,141532.671875,141671.53125,141457.578125,141621.015625,141687.171875,112919.7578125,-0.630859375,0.216064453125,-0.478515625,-0.12195122241973877,2.4695122241973877,0.15243902802467346,20.0,9827.0,890829.960590708
141227.078125,141248.1875,141559.765625,141698.796875,141484.671875,141647.828125,141721.328125,113016.3203125,-0.632080078125,0.2158203125,-0.47607421875,-0.060975611209869385,2.5,0.12195122241973877,20.0,9828.0,890829.9618215
141255.0625,141276.34375,141588.28125,141727.21875,141512.828125,141675.8125,141753.328125,113079.0859375,-0.63232421875,0.21533203125,-0.475830078125,-0.12195122241973877,2.4390244483947754,0.18292683362960815,20.0,9829.0,890829.965483791
141231.109375,141252.203125,141563.703125,141702.734375,141488.78125,141651.5,141721.953125,112992.5390625,-0.631591796875,0.216552734375,-0.478515625,-0.15243902802467346,2.5609755516052246,0.12195122241973877,20.0,9830.0,890829.9656165
141164.140625,141185.859375,141496.640625,141635.859375,141421.984375,141584.890625,141652.125,112895.4453125,-0.6318359375,0.21533203125,-0.479248046875,-0.09146341681480408,2.5304877758026123,0.21341463923454285,20.0,9831.0,890829.966693083
141180.0625,141201.421875,141512.65625,141651.765625,141437.640625,141600.625,141672.78125,112954.0078125,-0.631591796875,0.216552734375,-0.48046875,-0.12195122241973877,2.378048896789551,0.09146341681480408,20.0,9832.0,890830.052835708
141213.671875,141235.390625,141546.71875,141685.921875,141471.078125,141634.421875,141713.09375,113049.3984375,-0.6328125,0.21630859375,-0.47998046875,-0.060975611209869385,2.4390244483947754,0.09146341681480408,20.0,9833.0,890830.052873208
141204.28125,141225.921875,141536.875,141675.8125,141461.78125,141624.765625,141695.84375,112970.546875,-0.630126953125,0.21337890625,-0.478515625,-0.12195122241973877,2.5304877758026123,0.12195122241973877,20.0,9834.0,890830.052895
141137.59375,141158.78125,141470.09375,141608.578125,141395.171875,141557.984375,141624.859375,112867.4609375,-0.6298828125,0.213623046875,-0.476318359375,-0.09146341681480408,2.4695122241973877,0.15243902802467346,20.0,9835.0,890830.052915666
141139.640625,141160.921875,141472.59375,141610.640625,141397.5,141560.296875,141629.6875,112888.9140625,-0.6318359375,0.214111328125,-0.4775390625,-0.15243902802467346,2.4695122241973877,0.18292683362960815,20.0,9836.0,890830.052935458
141177.1875,141198.5625,141510.953125,141649.265625,141435.140625,141597.9375,141676.359375,113008.71875,-0.630126953125,0.21484375,-0.4794921875,-0.15243902802467346,2.4695122241973877,0.21341463923454285,20.0,9837.0,890830.052959541
141177.109375,141198.65625,141510.421875,141649.359375,141434.859375,141598.03125,141669.828125,112948.375,-0.63134765625,0.21484375,-0.47900390625,-0.21341463923454285,2.4390244483947754,0.12195122241973877,20.0,9838.0,890830.052996958
141113.171875,141135.078125,141445.859375,141585.25,141370.9375,141534.015625,141602.59375,112853.15625,-0.63037109375,0.2158203125,-0.4775390625,-0.18292683362960815,2.4695122241973877,0.15243902802467346,20.0,9839.0,890830.053016375
141095.921875,141117.65625,141428.703125,141567.71875,141353.6875,141516.578125,141584.984375,112833.84375,-0.630859375,0.214111328125,-0.475341796875,-0.12195122241973877,2.408536672592163,0.09146341681480408,20.0,9840.0,890830.05303575
141133.75,141155.5625,141467.234375,141606.265625,141391.6875,141554.9375,141632.984375,112964.1953125,-0.630615234375,0.215087890625,-0.474609375,-0.12195122241973877,2.378048896789551,0.24390244483947754,20.0,9841.0,890830.053054791
141142.421875,141163.875,141475.453125,141614.578125,141399.8125,141563.078125,141637.1875,112929.0625,-0.63037109375,0.21484375,-0.477783203125,-0.12195122241973877,2.4390244483947754,0.18292683362960815,20.0,9842.0,890830.053073666
141089.578125,141110.671875,141421.984375,141561.46875,141347.0625,141510.0625,141579.53125,112830.890625,-0.630615234375,0.215087890625,-0.478759765625,-0.12195122241973877,2.4695122241973877,0.24390244483947754,20.0,9843.0,890830.053092375
141056.9375,141078.046875,141389.09375,141528.65625,141314.609375,141477.515625,141543.9375,112780.5546875,-0.6298828125,0.21484375,-0.47705078125,-0.09146341681480408,2.5,0.18292683362960815,20.0,9844.0,890830.053111708
141094.046875,141115.59375,141427.53125,141566.203125,141351.625,141514.703125,141591.5,112911.890625,-0.630615234375,0.215087890625,-0.478759765625,-0.12195122241973877,2.4390244483947754,0.15243902802467346,20.0,9845.0,890830.053130458
141111.125,141132.3125,141444.34375,141583.015625,141368.4375,141531.515625,141606.890625,112911.8046875,-0.630126953125,0.216552734375,-0.477294921875,-0.060975611209869385,2.3475608825683594,0.15243902802467346,20.0,9846.0,890830.053151166
141067.484375,141088.765625,141400.4375,141539.5625,141325.078125,141488.0625,141558.96875,112816.671875,-0.632080078125,0.2177734375,-0.47705078125,-0.09146341681480408,2.5304877758026123,0.12195122241973877,20.0,9847.0,890830.053169958
141013.84375,141035.125,141346.4375,141486.09375,141271.421875,141434.59375,141501.828125,112748.1015625,-0.6318359375,0.2158203125,-0.479248046875,-0.09146341681480408,2.5,0.060975611209869385,20.0,9848.0,890830.053196333
141044.15625,141065.25,141377.28125,141516.578125,141301.828125,141464.90625,141541.4375,112858.7890625,-0.629638671875,0.2158203125,-0.4814453125,-0.12195122241973877,2.5,0.15243902802467346,20.0,9849.0,890830.05321725
141068.75,141089.671875,141401.875,141540.90625,141326.140625,141489.140625,141567.28125,112893.5625,-0.63037109375,0.21484375,-0.478515625,-0.09146341681480408,2.4695122241973877,0.21341463923454285,20.0,9850.0,890830.053239791
141040.765625,141062.125,141373.53125,141512.5625,141297.984375,141461.234375,141531.78125,112794.0546875,-0.632568359375,0.214111328125,-0.48095703125,-0.12195122241973877,2.5,0.21341463923454285,20.0,9851.0,890830.053260083
140984.4375,141005.4375,141316.84375,141455.78125,141241.921875,141404.5625,141471.796875,112704.6484375,-0.630615234375,0.21435546875,-0.47802734375,-0.09146341681480408,2.408536672592163,0.15243902802467346,20.0,9852.0,890830.056319291
141008.03125,141029.046875,141340.625,141479.5625,141265.265625,141428.34375,141501.921875,112791.28125,-0.628662109375,0.21337890625,-0.475341796875,-0.12195122241973877,2.4390244483947754,0.15243902802467346,20.0,9853.0,890830.056352291
141037.984375,141059.171875,141370.765625,141509.703125,141295.484375,141458.296875,141536.4375,112864.59375,-0.6318359375,0.215087890625,-0.4765625,-0.18292683362960815,2.4390244483947754,0.030487805604934692,20.0,9854.0,890830.05829625
141018.59375,141039.6875,141350.90625,141489.9375,141276.171875,141438.796875,141509.703125,112779.125,-0.632080078125,0.21435546875,-0.4775390625,-0.15243902802467346,2.408536672592163,0.12195122241973877,20.0,9855.0,890830.058381666
140951.796875,140973.078125,141284.03125,141422.96875,141209.375,141372.1875,141438.984375,112676.0390625,-0.629150390625,0.2138671875,-0.476806640625,-0.09146341681480408,2.4390244483947754,0.15243902802467346,20.0,9856.0,890830.060041208
140967.171875,140988.640625,141299.5,141438.625,141224.84375,141387.65625,141458.203125,112726.8203125,-0.6298828125,0.212646484375,-0.47802734375,-0.060975611209869385,2.408536672592163,0.12195122241973877,20.0,9857.0,890830.061426708
141002.765625,141024.21875,141335.890625,141474.5625,141260.15625,141423.25,141501.65625,112831.6953125,-0.628173828125,0.213623046875,-0.477783203125,-0.09146341681480408,2.5609755516052246,0.060975611209869385,20.0,9858.0,890830.063392083
140992.21875,141013.671875,141325.078125,141463.65625,141249.609375,141412.515625,141484.125,112761.78125,-0.62841796875,0.214111328125,-0.478271484375,-0.12195122241973877,2.4695122241973877,0.15243902802467346,20.0,9859.0,890830.063428
140922.828125,140944.46875,141255.515625,141394.28125,141180.5,141342.953125,141411.4375,112660.75,-0.63037109375,0.2158203125,-0.478271484375,-0.15243902802467346,2.591463327407837,0.15243902802467346,20.0,9860.0,890830.064832208
140916.75,140938.125,141249.609375,141388.1875,141174.0625,141336.875,141407.328125,112669.6015625,-0.63134765625,0.215087890625,-0.477783203125,-0.12195122241973877,2.5609755516052246,0.15243902802467346,20.0,9861.0,890830.097022583
140953.3125,140975.046875,141286.8125,141425.484375,141210.625,141373.703125,141453.1875,112793.7890625,-0.631591796875,0.214599609375,-0.47900390625,-0.12195122241973877,2.378048896789551,0.18292683362960815,20.0,9862.0,890830.102467625
140957.25,140978.796875,141290.203125,141429.234375,141214.828125,141377.90625,141450.875,112739.515625,-0.63232421875,0.2158203125,-0.48095703125,-0.12195122241973877,2.4695122241973877,0.15243902802467346,20.0,9863.0,890830.102496791
140897.625,140919.171875,141230.21875,141369.328125,141155.203125,141318.375,141387.21875,112641.3515625,-0.632080078125,0.21630859375,-0.47998046875,-0.15243902802467346,2.378048896789551,0.15243902802467346,20.0,9864.0,890830.102521416
140874.109375,140895.46875,141206.609375,141345.375,141131.59375,141294.578125,141364.5,112618.640625,-0.63134765625,0.2158203125,-0.477294921875,-0.060975611209869385,2.378048896789551,0.18292683362960815,20.0,9865.0,890830.102541416
140910.578125,140931.59375,141243.71875,141382.46875,141168.078125,141330.96875,141410.546875,112748.8125,-0.6318359375,0.215087890625,-0.47705078125,-0.060975611209869385,2.378048896789551,0.18292683362960815,20.0,9866.0,890830.102560833
140922.65625,140944.015625,141255.78125,141394.359375,141180.234375,141343.046875,141418.421875,112722.2578125,-0.63037109375,0.2158203125,-0.47509765625,-0.060975611209869385,2.5,0.09146341681480408,20.0,9867.0,890830.10258
140874.546875,140895.921875,141207.5,141345.90625,141132.140625,141294.9375,141365.9375,112620.4296875,-0.630615234375,0.213623046875,-0.474609375,-0.060975611209869385,2.4390244483947754,0.060975611209869385,20.0,9868.0,890830.103859708
140835.125,140856.578125,141167.625,141306.65625,141092.890625,141255.15625,141324.625,112568.125,-0.629638671875,0.21533203125,-0.4775390625,-0.15243902802467346,2.5,0.15243902802467346,20.0,9869.0,890830.1057795
140868.03125,140889.84375,141201.15625,141340.0,141125.96875,141288.59375,141366.5625,112692.84375,-0.629150390625,0.215087890625,-0.4775390625,-0.15243902802467346,2.4390244483947754,0.18292683362960815,20.0,9870.0,890830.105901583
140888.5,140909.78125,141221.359375,141360.390625,141146.34375,141308.890625,141385.609375,112700.4453125,-0.630859375,0.212890625,-0.4794921875,-0.09146341681480408,2.5,0.21341463923454285,20.0,9871.0,890830.107525958
140850.6875,140871.875,141183.28125,141322.03125,141108.4375,141270.984375,141339.375,112597.71875,-0.631103515625,0.213134765625,-0.48046875,-0.030487805604934692,2.4390244483947754,0.18292683362960815,20.0,9872.0,890830.115359958
140804.453125,140825.5625,141136.875,141275.625,141061.859375,141224.84375,141290.03125,112520.203125,-0.629638671875,0.2138671875,-0.48046875,-0.060975611209869385,2.5304877758026123,0.15243902802467346,20.0,9873.0,890830.144938583
140835.484375,140856.578125,141168.515625,141307.109375,141092.796875,141255.6875,141330.34375,112628.828125,-0.630859375,0.2138671875,-0.480224609375,-0.09146341681480408,2.378048896789551,0.15243902802467346,20.0,9874.0,890830.144968333
140861.765625,140882.859375,141194.984375,141333.75,141119.4375,141282.15625,141359.671875,112676.9296875,-0.63330078125,0.2158203125,-0.474365234375,-0.12195122241973877,2.4695122241973877,0.12195122241973877,20.0,9875.0,890830.144987125
140832.4375,140853.625,141165.21875,141304.15625,141090.203125,141252.921875,141324.71875,112585.6484375,-0.630859375,0.21630859375,-0.47900390625,-0.09146341681480408,2.5,0.12195122241973877,20.0,9876.0,890830.148042166
140771.28125,140793.015625,141103.4375,141242.734375,141029.140625,141191.328125,141258.109375,112486.765625,-0.6318359375,0.21630859375,-0.47900390625,-0.18292683362960815,2.5,0.12195122241973877,20.0,9877.0,890830.148065458
140794.265625,140816.078125,141126.953125,141266.25,141052.296875,141214.75,141286.8125,112563.921875,-0.632080078125,0.21484375,-0.4755859375,-0.12195122241973877,2.5,0.030487805604934692,20.0,9878.0,890830.150567666
140826.546875,140848.0,141159.84375,141298.515625,141084.484375,141246.75,141324.890625,112647.25,-0.630859375,0.214111328125,-0.4755859375,-0.09146341681480408,2.4390244483947754,0.060975611209869385,20.0,9879.0,890830.150674625
140810.453125,140831.546875,141143.125,141281.71875,141068.296875,141230.65625,141301.109375,112568.2109375,-0.630615234375,0.21484375,-0.474365234375,-0.030487805604934692,2.4695122241973877,0.12195122241973877,20.0,9880.0,890830.1507075
140736.5,140758.140625,141069.09375,141207.953125,140994.53125,141156.71875,141225.296875,112476.125,-0.630859375,0.21728515625,-0.47802734375,-0.030487805604934692,2.4390244483947754,0.0,20.0,9881.0,890830.154212333
140736.328125,140758.140625,141069.28125,141207.953125,140994.265625,141156.546875,141229.59375,112514.4765625,-0.632568359375,0.2158203125,-0.48046875,-0.030487805604934692,2.5304877758026123,0.060975611209869385,20.0,9882.0,890830.154298458
140772.890625,140794.53125,141106.296875,141244.96875,141030.484375,141192.9375,141273.671875,112621.765625,-0.63232421875,0.21533203125,-0.479248046875,-0.12195122241973877,2.4695122241973877,0.12195122241973877,20.0,9883.0,890830.155447875
140770.75,140792.203125,141103.796875,141242.28125,141028.6875,141190.875,141263.5625,112544.34375,-0.63232421875,0.2158203125,-0.479248046875,-0.060975611209869385,2.4390244483947754,0.15243902802467346,20.0,9884.0,890830.189655875
140713.265625,140734.359375,141045.859375,141184.171875,140971.015625,141133.296875,141200.703125,112442.4140625,-0.632080078125,0.213134765625,-0.476806640625,-0.030487805604934692,2.5,0.21341463923454285,20.0,9885.0,890830.189688458
140709.15625,140730.875,141042.015625,141180.5,140967.09375,141129.265625,141197.671875,112443.21875,-0.631103515625,0.21484375,-0.481201171875,-0.060975611209869385,2.378048896789551,0.18292683362960815,20.0,9886.0,890830.192449541
140747.0625,140768.875,141080.546875,141219.125,141005.171875,141167.265625,141245.6875,112572.859375,-0.630859375,0.21484375,-0.478759765625,-0.060975611209869385,2.408536672592163,0.24390244483947754,20.0,9887.0,890830.192480625
140750.8125,140772.453125,141084.125,141222.53125,141008.578125,141171.03125,141243.890625,112526.1015625,-0.62939453125,0.21435546875,-0.4794921875,-0.15243902802467346,2.4695122241973877,0.18292683362960815,20.0,9888.0,890830.195468666
140689.296875,140710.484375,141021.53125,141160.390625,140946.4375,141109.0625,141177.1875,112430.5234375,-0.628662109375,0.21484375,-0.47998046875,-0.18292683362960815,2.4390244483947754,0.09146341681480408,20.0,9889.0,890830.195586
140666.40625,140687.6875,140998.203125,141136.96875,140923.546875,141086.09375,141150.90625,112382.15625,-0.62939453125,0.21435546875,-0.480224609375,-0.18292683362960815,2.5,0.15243902802467346,20.0,9890.0,890830.196661333
140706.5625,140727.828125,141039.0625,141177.90625,140963.875,141126.234375,141202.5,112518.5,-0.63037109375,0.21533203125,-0.47998046875,-0.09146341681480408,2.4390244483947754,0.12195122241973877,20.0,9891.0,890830.197910458
140720.859375,140741.78125,141053.1875,141192.296875,140978.359375,141140.625,141214.5625,112507.234375,-0.630615234375,0.216064453125,-0.47802734375,-0.12195122241973877,2.4390244483947754,0.15243902802467346,20.0,9892.0,890830.256985291
140664.984375,140685.71875,140997.125,141135.984375,140922.46875,141084.65625,141154.3125,112417.7421875,-0.63232421875,0.215087890625,-0.479248046875,-0.12195122241973877,2.378048896789551,0.030487805604934692,20.0,9893.0,890830.257013666
140620.453125,140641.28125,140952.15625,141090.828125,140877.5,141039.859375,141105.671875,112342.4609375,-0.632568359375,0.214599609375,-0.48095703125,-0.15243902802467346,2.3475608825683594,0.060975611209869385,20.0,9894.0,890830.257028583
140654.875,140675.984375,140987.296875,141126.140625,140912.015625,141074.734375,141151.0,112466.0234375,-0.632080078125,0.216064453125,-0.47998046875,-0.09146341681480408,2.4390244483947754,0.15243902802467346,20.0,9895.0,890830.257043
140676.34375,140697.53125,141009.015625,141147.78125,140933.65625,141095.828125,141172.71875,112486.3125,-0.6328125,0.21484375,-0.479248046875,-0.060975611209869385,2.4390244483947754,0.18292683362960815,20.0,9896.0,890830.257059041
140642.625,140663.8125,140974.78125,141113.453125,140899.9375,141061.765625,141131.6875,112390.7421875,-0.63134765625,0.216552734375,-0.48046875,-0.060975611209869385,2.408536672592163,0.18292683362960815,20.0,9897.0,890830.257073125
140588.984375,140610.359375,140920.859375,141059.71875,140846.65625,141008.75,141074.640625,112307.7734375,-0.629150390625,0.216552734375,-0.47900390625,-0.030487805604934692,2.5304877758026123,0.18292683362960815,20.0,9898.0,890830.257086958
140616.875,140637.890625,140949.109375,141088.59375,140874.375,141036.734375,141110.859375,112406.7421875,-0.630615234375,0.215576171875,-0.48046875,-0.09146341681480408,2.5,0.24390244483947754,20.0,9899.0,890830.257100833
140646.390625,140667.578125,140978.984375,141118.28125,140904.140625,141065.96875,141143.671875,112463.0703125,-0.630126953125,0.21533203125,-0.479736328125,-0.12195122241973877,2.408536672592163,0.21341463923454285,20.0,9900.0,890830.260522958
140620.90625,140642.09375,140953.046875,141092.53125,140878.671875,141040.484375,141111.84375,112375.6328125,-0.631103515625,0.212646484375,-0.47900390625,-0.09146341681480408,2.4390244483947754,0.15243902802467346,20.0,9901.0,890830.260603625
140557.515625,140578.703125,140889.296875,141028.6875,140815.1875,140977.28125,141043.984375,112274.9609375,-0.63037109375,0.214111328125,-0.4814453125,-0.15243902802467346,2.4390244483947754,0.18292683362960815,20.0,9902.0,890830.2618315
140577.8125,140598.640625,140909.6875,141048.890625,140835.21875,140997.390625,141069.015625,112342.7265625,-0.632080078125,0.214111328125,-0.482177734375,-0.030487805604934692,2.4390244483947754,0.21341463923454285,20.0,9903.0,890830.265450125
140610.0,140631.71875,140942.953125,141082.25,140867.84375,141029.9375,141108.53125,112435.0859375,-0.630859375,0.21484375,-0.480712890625,-0.12195122241973877,2.408536672592163,0.24390244483947754,20.0,9904.0,890830.265547166
140596.3125,140617.78125,140928.640625,141067.578125,140854.171875,141016.078125,141087.15625,112359.8984375,-0.630126953125,0.21630859375,-0.48193359375,-0.12195122241973877,2.3475608825683594,0.12195122241973877,20.0,9905.0,890830.266678
140525.6875,140547.046875,140857.46875,140996.59375,140783.265625,140945.359375,141013.21875,112259.3984375,-0.6318359375,0.215576171875,-0.480712890625,-0.12195122241973877,2.4390244483947754,0.15243902802467346,20.0,9906.0,890830.268056
140531.046875,140552.5,140863.109375,141002.046875,140788.625,140950.453125,141021.0,112283.8125,-0.633056640625,0.215576171875,-0.481201171875,-0.09146341681480408,2.4390244483947754,0.060975611209869385,20.0,9907.0,890830.269197875
140568.25,140589.34375,140900.5625,141039.59375,140825.640625,140987.46875,141067.140625,112400.75,-0.63134765625,0.214599609375,-0.478271484375,-0.030487805604934692,2.4390244483947754,0.12195122241973877,20.0,9908.0,890830.270345875
140567.078125,140588.453125,140899.40625,141038.703125,140824.65625,140986.578125,141059.359375,112336.6484375,-0.630859375,0.216064453125,-0.479248046875,-0.030487805604934692,2.4695122241973877,0.18292683362960815,20.0,9909.0,890830.302076083
140503.25,140524.875,140835.484375,140974.6875,140761.0,140922.921875,140992.390625,112242.6796875,-0.630126953125,0.21533203125,-0.478759765625,-0.09146341681480408,2.4695122241973877,0.15243902802467346,20.0,9910.0,890830.302097625
140487.859375,140509.40625,140819.75,140959.046875,140745.453125,140907.09375,140977.09375,112230.703125,-0.62890625,0.21435546875,-0.478759765625,-0.060975611209869385,2.4695122241973877,0.12195122241973877,20.0,9911.0,890830.302114291
140526.765625,140548.03125,140859.4375,140998.46875,140784.078125,140946.171875,141025.921875,112359.625,-0.62890625,0.215087890625,-0.480224609375,-0.030487805604934692,2.4695122241973877,0.030487805604934692,20.0,9912.0,890830.302128583
140536.234375,140557.421875,140868.109375,141007.40625,140793.28125,140955.640625,141030.03125,112321.8984375,-0.632568359375,0.2158203125,-0.477294921875,-0.15243902802467346,2.591463327407837,0.0,20.0,9913.0,890830.302143
140481.703125,140502.890625,140813.3125,140952.515625,140739.015625,140901.28125,140970.484375,112221.046875,-0.63037109375,0.2158203125,-0.477783203125,-0.060975611209869385,2.5,0.030487805604934692,20.0,9914.0,890830.302156833
140450.21875,140471.859375,140782.109375,140921.3125,140707.625,140870.078125,140937.9375,112175.265625,-0.630615234375,0.217041015625,-0.475341796875,-0.060975611209869385,2.5304877758026123,0.0,20.0,9915.0,890830.302170875
140488.140625,140509.5,140820.640625,140959.671875,140745.359375,140907.8125,140985.140625,112306.6953125,-0.630859375,0.21484375,-0.47998046875,-0.12195122241973877,2.378048896789551,0.18292683362960815,20.0,9916.0,890830.302184833
140504.9375,140526.484375,140837.265625,140976.65625,140762.34375,140924.4375,140999.8125,112303.8359375,-0.633544921875,0.21630859375,-0.478759765625,-0.030487805604934692,2.4390244483947754,0.12195122241973877,20.0,9917.0,890830.302198583
140458.359375,140479.46875,140790.15625,140929.359375,140715.5,140877.765625,140948.21875,112212.1015625,-0.63134765625,0.2158203125,-0.478515625,-0.09146341681480408,2.5304877758026123,0.09146341681480408,20.0,9918.0,890830.305652541
140410.0,140431.1875,140741.609375,140880.71875,140667.390625,140829.40625,140896.015625,112137.2734375,-0.630859375,0.2138671875,-0.4775390625,-0.030487805604934692,2.5609755516052246,0.09146341681480408,20.0,9919.0,890830.305720333
140443.96875,140465.15625,140776.296875,140915.328125,140701.1875,140863.015625,140939.28125,112254.9296875,-0.631103515625,0.214599609375,-0.477294921875,-0.12195122241973877,2.5304877758026123,0.12195122241973877,20.0,9920.0,890830.306813541
140468.109375,140489.5625,140800.703125,140939.546875,140725.59375,140887.25,140964.9375,112286.3125,-0.630859375,0.216064453125,-0.479248046875,-0.09146341681480408,2.4695122241973877,0.060975611209869385,20.0,9921.0,890830.310539166
140438.953125,140460.421875,140771.015625,140909.78125,140696.546875,140858.375,140929.0,112189.6640625,-0.633056640625,0.21533203125,-0.48046875,0.0,2.4695122241973877,0.12195122241973877,20.0,9922.0,890830.310602916
140381.296875,140402.390625,140712.546875,140851.84375,140638.421875,140800.25,140867.21875,112103.2109375,-0.63232421875,0.21484375,-0.48046875,-0.09146341681480408,2.591463327407837,0.12195122241973877,20.0,9923.0,890830.313051083
140406.15625,140427.34375,140738.109375,140877.59375,140663.375,140825.203125,140899.40625,112193.6015625,-0.63134765625,0.2158203125,-0.48046875,-0.09146341681480408,2.4390244483947754,0.15243902802467346,20.0,9924.0,890830.344625416
140434.765625,140455.59375,140767.078125,140906.65625,140691.984375,140853.90625,140932.484375,112259.671875,-0.6318359375,0.21435546875,-0.478271484375,-0.15243902802467346,2.4695122241973877,0.21341463923454285,20.0,9925.0,890830.3446815
140413.390625,140434.484375,140745.265625,140884.65625,140670.53125,140832.34375,140903.703125,112172.5859375,-0.631103515625,0.2158203125,-0.478759765625,-0.060975611209869385,2.4695122241973877,0.15243902802467346,20.0,9926.0,890830.348146625
140345.171875,140366.1875,140676.515625,140815.984375,140602.21875,140764.140625,140831.28125,112076.03125,-0.629638671875,0.216552734375,-0.478759765625,-0.12195122241973877,2.5,0.18292683362960815,20.0,9927.0,890830.348189958
140357.15625,140377.984375,140688.9375,140828.15625,140614.109375,140776.109375,140848.625,112130.5625,-0.63134765625,0.21630859375,-0.476318359375,-0.15243902802467346,2.5609755516052246,0.24390244483947754,20.0,9928.0,890830.350653583
140391.390625,140412.40625,140724.171875,140862.84375,140648.890625,140810.71875,140890.28125,112229.359375,-0.631103515625,0.21435546875,-0.47607421875,-0.09146341681480408,2.408536672592163,0.18292683362960815,20.0,9929.0,890830.350691375
140383.890625,140405.4375,140716.21875,140855.15625,140641.109375,140803.65625,140875.265625,112150.59375,-0.629150390625,0.214599609375,-0.47998046875,-0.09146341681480408,2.5304877758026123,0.12195122241973877,20.0,9930.0,890830.351924166
140320.046875,140341.59375,140651.84375,140790.953125,140577.0,140739.375,140807.5,112050.3671875,-0.630615234375,0.217041015625,-0.477783203125,-0.09146341681480408,2.4695122241973877,0.21341463923454285,20.0,9931.0,890830.355547375
140318.703125,140339.984375,140650.765625,140789.890625,140576.203125,140737.84375,140808.390625,112069.9453125,-0.6318359375,0.216064453125,-0.4794921875,-0.15243902802467346,2.408536672592163,0.060975611209869385,20.0,9932.0,890830.355588541
140356.078125,140377.359375,140688.671875,140827.875,140613.390625,140775.21875,140854.609375,112191.2734375,-0.63232421875,0.2158203125,-0.47802734375,-0.18292683362960815,2.591463327407837,0.09146341681480408,20.0,9933.0,890830.356670333
140356.96875,140378.609375,140689.03125,140828.328125,140614.28125,140776.375,140848.796875,112138.1640625,-0.631591796875,0.2138671875,-0.47802734375,-0.18292683362960815,2.5,0.18292683362960815,20.0,9934.0,890830.387929875
140292.515625,140314.0625,140624.5625,140763.515625,140549.828125,140711.828125,140779.421875,112037.5859375,-0.63134765625,0.21533203125,-0.48193359375,-0.15243902802467346,2.317073106765747,0.09146341681480408,20.0,9935.0,890830.387957666
140274.71875,140296.453125,140606.859375,140746.15625,140532.21875,140694.75,140762.703125,112011.2109375,-0.63037109375,0.212890625,-0.478515625,-0.060975611209869385,2.4390244483947754,0.09146341681480408,20.0,9936.0,890830.391951875
140313.34375,140334.796875,140645.9375,140785.328125,140570.65625,140732.75,140811.96875,112145.9453125,-0.6298828125,0.213623046875,-0.476806640625,-0.030487805604934692,2.4695122241973877,0.09146341681480408,20.0,9937.0,890830.391977291
140324.78125,140346.0625,140657.296875,140796.046875,140582.015625,140743.921875,140819.390625,112116.53125,-0.630126953125,0.215576171875,-0.478759765625,0.0,2.4390244483947754,0.12195122241973877,20.0,9938.0,890830.391995166
140270.875,140292.328125,140603.015625,140741.6875,140527.828125,140689.921875,140760.828125,112015.6796875,-0.632080078125,0.216064453125,-0.477294921875,-0.060975611209869385,2.4390244483947754,0.15243902802467346,20.0,9939.0,890830.39201175
140234.671875,140255.9375,140566.453125,140705.484375,140491.71875,140653.984375,140721.671875,111958.3671875,-0.631103515625,0.2138671875,-0.47705078125,-0.12195122241973877,2.408536672592163,0.21341463923454285,20.0,9940.0,890830.393501916
140273.203125,140294.5625,140605.53125,140745.1875,140530.875,140692.875,140770.65625,112089.4375,-0.63232421875,0.215576171875,-0.479248046875,-0.12195122241973877,2.5609755516052246,0.15243902802467346,20.0,9941.0,890830.394995958
140292.609375,140313.875,140624.65625,140763.953125,140550.0,140712.1875,140788.1875,112094.265625,-0.632568359375,0.2158203125,-0.47900390625,-0.060975611209869385,2.4695122241973877,0.15243902802467346,20.0,9942.0,890830.397707875
140251.921875,140273.109375,140583.890625,140722.828125,140509.234375,140671.515625,140741.328125,111994.84375,-0.63232421875,0.216064453125,-0.47802734375,-0.09146341681480408,2.5304877758026123,0.18292683362960815,20.0,9943.0,890830.430357375
140203.28125,140224.5625,140535.34375,140674.546875,140460.515625,140622.78125,140690.28125,111920.90625,-0.6318359375,0.21484375,-0.47802734375,-0.12195122241973877,2.378048896789551,0.12195122241973877,20.0,9944.0,890830.430391958
140233.234375,140254.421875,140565.46875,140704.953125,140490.640625,140652.46875,140728.28125,112031.1484375,-0.630126953125,0.21484375,-0.479736328125,-0.09146341681480408,2.5304877758026123,0.15243902802467346,20.0,9945.0,890830.430410541
140258.984375,140280.53125,140591.40625,140730.703125,140516.296875,140678.484375,140755.734375,112073.34375,-0.62939453125,0.2158203125,-0.481201171875,-0.09146341681480408,2.4390244483947754,0.21341463923454285,20.0,9946.0,890830.430425541
140228.9375,140250.578125,140561.0,140700.03125,140486.4375,140648.625,140718.53125,111983.3125,-0.630859375,0.2158203125,-0.477294921875,-0.15243902802467346,2.4390244483947754,0.09146341681480408,20.0,9947.0,890830.430440041
140167.4375,140188.4375,140498.421875,140637.71875,140424.484375,140586.75,140652.90625,111889.078125,-0.629638671875,0.216796875,-0.4765625,-0.15243902802467346,2.4695122241973877,0.030487805604934692,20.0,9948.0,890830.430455833
140188.078125,140209.546875,140520.046875,140659.53125,140445.671875,140607.84375,140680.8125,111970.6171875,-0.630615234375,0.215087890625,-0.478515625,-0.060975611209869385,2.4390244483947754,0.18292683362960815,20.0,9949.0,890830.431647208
140219.203125,140240.828125,140551.703125,140691.0,140476.953125,140639.140625,140717.28125,112047.0625,-0.630859375,0.21337890625,-0.478759765625,-0.09146341681480408,2.4695122241973877,0.15243902802467346,20.0,9950.0,890830.432867625
140202.921875,140224.390625,140534.890625,140674.09375,140460.0625,140622.421875,140693.40625,111957.5625,-0.632080078125,0.213623046875,-0.4775390625,-0.030487805604934692,2.4390244483947754,0.09146341681480408,20.0,9951.0,890830.434998791
140137.21875,140159.03125,140468.90625,140608.390625,140394.53125,140556.890625,140625.28125,111861.8984375,-0.634033203125,0.216796875,-0.4765625,0.030487805604934692,2.5,0.060975611209869385,20.0,9952.0,890830.43748075
140147.3125,140168.421875,140478.921875,140618.21875,140404.1875,140566.640625,140637.984375,111908.390625,-0.63134765625,0.2177734375,-0.47900390625,0.060975611209869385,2.5,0.12195122241973877,20.0,9953.0,890830.437516208
140182.71875,140204.265625,140515.140625,140654.25,140439.859375,140602.484375,140681.25,112014.3359375,-0.62841796875,0.215576171875,-0.477783203125,-0.030487805604934692,2.5609755516052246,0.09146341681480408,20.0,9954.0,890830.438880125
140177.890625,140199.53125,140510.046875,140649.15625,140435.203125,140597.65625,140669.1875,111942.453125,-0.6298828125,0.21484375,-0.47998046875,-0.060975611209869385,2.5304877758026123,0.15243902802467346,20.0,9955.0,890830.473261625
140113.96875,140135.328125,140445.75,140585.046875,140371.734375,140533.734375,140599.890625,111842.671875,-0.63037109375,0.214599609375,-0.4794921875,-0.060975611209869385,2.4390244483947754,0.12195122241973877,20.0,9956.0,890830.473305583
140109.046875,140130.59375,140440.921875,140580.21875,140366.625,140528.640625,140596.5,111844.640625,-0.630126953125,0.214111328125,-0.480224609375,-0.12195122241973877,2.4390244483947754,0.12195122241973877,20.0,9957.0,890830.473324875
140149.28125,140170.828125,140481.96875,140621.265625,140406.859375,140568.6875,140647.09375,111972.765625,-0.629638671875,0.21337890625,-0.4765625,-0.18292683362960815,2.4390244483947754,0.12195122241973877,20.0,9958.0,890830.477597041
140153.484375,140175.484375,140486.25,140624.921875,140411.25,140573.609375,140646.03125,111924.84375,-0.630615234375,0.216064453125,-0.475830078125,-0.15243902802467346,2.378048896789551,0.15243902802467346,20.0,9959.0,890830.47762125
140091.34375,140113.078125,140423.578125,140562.703125,140349.375,140511.203125,140581.5625,111833.46875,-0.630859375,0.21435546875,-0.4765625,-0.18292683362960815,2.408536672592163,0.12195122241973877,20.0,9960.0,890830.477635416
140062.015625,140083.84375,140394.171875,140533.546875,140320.046875,140481.96875,140551.25,111803.25,-0.6318359375,0.215576171875,-0.4794921875,-0.12195122241973877,2.2865853309631348,0.15243902802467346,20.0,9961.0,890830.511200375
140098.765625,140120.21875,140431.453125,140570.921875,140356.703125,140518.53125,140598.015625,111932.796875,-0.630859375,0.2158203125,-0.47900390625,-0.09146341681480408,2.378048896789551,0.09146341681480408,20.0,9962.0,890830.5112455
140112.53125,140133.71875,140444.859375,140584.25,140370.296875,140532.21875,140607.5,111908.4765625,-0.6337890625,0.215087890625,-0.4765625,-0.09146341681480408,2.408536672592163,0.030487805604934692,20.0,9963.0,890830.511260708
140066.578125,140088.125,140398.453125,140537.75,140324.34375,140486.171875,140554.75,111808.1640625,-0.634033203125,0.213623046875,-0.48095703125,-0.15243902802467346,2.378048896789551,0.12195122241973877,20.0,9964.0,890830.511275125
140025.71875,140047.0,140357.25,140496.625,140283.296875,140445.125,140512.984375,111755.953125,-0.630859375,0.2138671875,-0.479736328125,-0.12195122241973877,2.5,0.12195122241973877,20.0,9965.0,890830.511289166
140058.625,140080.265625,140391.03125,140530.25,140316.46875,140478.125,140555.90625,111877.3671875,-0.630126953125,0.214111328125,-0.47705078125,-0.12195122241973877,2.5609755516052246,0.24390244483947754,20.0,9966.0,890830.511303125
140079.09375,140100.46875,140411.515625,140550.625,140336.59375,140498.5,140575.75,111890.421875,-0.630615234375,0.215087890625,-0.478271484375,-0.12195122241973877,2.5609755516052246,0.12195122241973877,20.0,9967.0,890830.511316916
140044.140625,140065.59375,140376.28125,140515.21875,140301.71875,140463.8125,140533.28125,111793.234375,-0.632080078125,0.2158203125,-0.479248046875,-0.060975611209869385,2.4390244483947754,0.18292683362960815,20.0,9968.0,890830.512532041
139993.71875,140015.265625,140325.40625,140464.703125,140251.203125,140413.296875,140478.296875,111707.1328125,-0.63134765625,0.214111328125,-0.47998046875,-0.060975611209869385,2.4695122241973877,0.15243902802467346,20.0,9969.0,890830.512548583
140025.546875,140047.453125,140357.875,140497.25,140283.21875,140444.859375,140519.421875,111815.671875,-0.6318359375,0.21630859375,-0.478271484375,-0.060975611209869385,2.5609755516052246,0.18292683362960815,20.0,9970.0,890830.51766375
140053.078125,140074.453125,140385.234375,140524.515625,140310.390625,140472.046875,140550.09375,111870.65625,-0.632568359375,0.214111328125,-0.47802734375,-0.09146341681480408,2.5304877758026123,0.21341463923454285,20.0,9971.0,890830.517680583
140026.796875,140048.078125,140358.5,140497.609375,140284.375,140445.75,140516.75,111780.8984375,-0.63232421875,0.214599609375,-0.47900390625,-0.09146341681480408,2.4695122241973877,0.18292683362960815,20.0,9972.0,890830.517694791
139965.90625,139987.453125,140297.515625,140436.71875,140223.578125,140385.234375,140452.015625,111685.3203125,-0.63330078125,0.214599609375,-0.478759765625,-0.030487805604934692,2.4390244483947754,0.18292683362960815,20.0,9973.0,890830.520070166
139987.71875,140008.90625,140319.609375,140459.078125,140245.03125,140406.78125,140479.28125,111758.9921875,-0.632568359375,0.217041015625,-0.47802734375,-0.09146341681480408,2.408536672592163,0.18292683362960815,20.0,9974.0,890830.556771416
140020.09375,140041.546875,140352.421875,140491.984375,140277.765625,140439.40625,140518.265625,111846.609375,-0.631103515625,0.21630859375,-0.4775390625,-0.060975611209869385,2.408536672592163,0.09146341681480408,20.0,9975.0,890830.558006625
140007.296875,140029.125,140339.1875,140478.5625,140265.0625,140426.53125,140497.34375,111765.9609375,-0.630126953125,0.21630859375,-0.477783203125,-0.09146341681480408,2.5,0.12195122241973877,20.0,9976.0,890830.5580285
139935.421875,139957.0625,140267.296875,140406.328125,140193.453125,140354.734375,140423.046875,111674.0546875,-0.631103515625,0.21484375,-0.48095703125,-0.060975611209869385,2.4390244483947754,0.15243902802467346,20.0,9977.0,890830.559854708
139935.875,139957.328125,140268.015625,140406.859375,140193.53125,140355.28125,140427.15625,111705.796875,-0.63330078125,0.2158203125,-0.480712890625,-0.060975611209869385,2.408536672592163,0.060975611209869385,20.0,9978.0,890830.559876416
139970.640625,139992.46875,140303.15625,140442.53125,140228.5,140390.0625,140470.96875,111818.4453125,-0.632080078125,0.21533203125,-0.48193359375,-0.09146341681480408,2.4695122241973877,0.18292683362960815,20.0,9979.0,890830.565144916
139971.71875,139993.171875,140303.515625,140442.8125,140229.296875,140390.765625,140464.265625,111745.3125,-0.629638671875,0.215087890625,-0.481689453125,-0.060975611209869385,2.408536672592163,0.12195122241973877,20.0,9980.0,890830.565223833
139914.40625,139935.875,140246.203125,140385.140625,140172.265625,140333.28125,140402.296875,111645.0,-0.63134765625,0.213623046875,-0.477294921875,-0.21341463923454285,2.317073106765747,0.21341463923454285,20.0,9981.0,890830.566296
139902.609375,139924.0625,140234.3125,140373.34375,140160.375,140321.65625,140390.5,111644.1953125,-0.632568359375,0.212158203125,-0.479248046875,-0.15243902802467346,2.3475608825683594,0.09146341681480408,20.0,9982.0,890830.597943791
139940.96875,139962.515625,140273.203125,140412.3125,140198.453125,140359.921875,140439.046875,111773.65625,-0.63134765625,0.212158203125,-0.4794921875,-0.060975611209869385,2.4390244483947754,0.060975611209869385,20.0,9983.0,890830.59797075
139948.65625,139970.109375,140280.53125,140420.0,140206.234375,140367.53125,140441.46875,111730.828125,-0.62890625,0.215576171875,-0.4794921875,-0.15243902802467346,2.4390244483947754,0.12195122241973877,20.0,9984.0,890830.597994583
139891.171875,139912.71875,140222.59375,140362.078125,140148.828125,140310.21875,140378.703125,111632.65625,-0.631591796875,0.214599609375,-0.479736328125,-0.12195122241973877,2.5,0.18292683362960815,20.0,9985.0,890830.598022291
139864.515625,139886.0625,140195.6875,140335.0625,140122.109375,140283.75,140350.71875,111590.640625,-0.6318359375,0.215087890625,-0.478515625,-0.060975611209869385,2.5304877758026123,0.24390244483947754,20.0,9986.0,890830.598046166
139902.78125,139923.984375,140234.484375,140374.234375,140160.453125,140321.921875,140399.71875,111723.671875,-0.6298828125,0.21533203125,-0.47998046875,-0.030487805604934692,2.5,0.15243902802467346,20.0,9987.0,890830.598069958
139918.703125,139940.0625,140250.3125,140389.875,140176.375,140338.203125,140412.765625,111712.40625,-0.629638671875,0.21630859375,-0.478759765625,-0.12195122241973877,2.5,0.15243902802467346,20.0,9988.0,890830.598093541
139869.4375,139891.171875,140200.6875,140340.53125,140127.203125,140289.109375,140359.296875,111620.9453125,-0.62939453125,0.216064453125,-0.477294921875,-0.09146341681480408,2.408536672592163,0.060975611209869385,20.0,9989.0,890830.598122083
139819.28125,139841.1875,140150.265625,140290.359375,140076.953125,140238.59375,140306.546875,111553.8046875,-0.63037109375,0.215576171875,-0.47705078125,-0.12195122241973877,2.4695122241973877,0.060975611209869385,20.0,9990.0,890830.598148083
139853.703125,139875.078125,140185.140625,140324.96875,140110.75,140272.65625,140349.640625,111670.65625,-0.630615234375,0.2138671875,-0.4775390625,-0.12195122241973877,2.5304877758026123,0.15243902802467346,20.0,9991.0,890830.6001055
139875.515625,139897.6875,140207.671875,140346.78125,140133.1875,140295.015625,140372.53125,111695.15625,-0.632080078125,0.2119140625,-0.479248046875,-0.15243902802467346,2.3475608825683594,0.12195122241973877,20.0,9992.0,890830.60165125
139846.640625,139868.359375,140178.25,140317.375,140104.21875,140265.78125,140335.609375,111589.7421875,-0.63232421875,0.214599609375,-0.479248046875,-0.09146341681480408,2.4695122241973877,0.12195122241973877,20.0,9993.0,890830.601750208
139798.0,139819.453125,140128.546875,140268.109375,140054.953125,140216.875,140282.046875,111507.0390625,-0.630615234375,0.217041015625,-0.4794921875,-0.15243902802467346,2.5304877758026123,0.12195122241973877,20.0,9994.0,890830.603736333
139827.421875,139848.703125,140158.9375,140298.0625,140084.90625,140246.375,140319.15625,111606.1953125,-0.630615234375,0.2158203125,-0.47705078125,0.0,2.4390244483947754,0.09146341681480408,20.0,9995.0,890830.604895916
139855.765625,139877.3125,140187.734375,140327.203125,140113.34375,140275.34375,140352.0625,111669.1328125,-0.63232421875,0.214599609375,-0.48095703125,-0.09146341681480408,2.5,0.15243902802467346,20.0,9996.0,890830.606528166
139833.5,139854.59375,140164.65625,140304.3125,140090.453125,140252.546875,140323.09375,111582.140625,-0.630859375,0.21533203125,-0.479248046875,-0.030487805604934692,2.4390244483947754,0.15243902802467346,20.0,9997.0,890830.639840041
139768.765625,139790.484375,140100.203125,140239.578125,140026.34375,140188.078125,140255.5,111490.140625,-0.63037109375,0.215087890625,-0.478515625,-0.060975611209869385,2.5,0.18292683362960815,20.0,9998.0,890830.639878958
139782.984375,139804.265625,140114.328125,140253.625,140040.109375,140202.125,140274.09375,111552.7265625,-0.630859375,0.2138671875,-0.47998046875,-0.09146341681480408,2.5,0.18292683362960815,20.0,9999.0,890830.639911625
139818.5625,139839.75,140150.265625,140289.46875,140075.609375,140237.703125,140316.109375,111647.3203125,-0.633056640625,0.21337890625,-0.478515625,-0.12195122241973877,2.5,0.18292683362960815,20.0,10000.0,890830.645068833
139808.90625,139830.375,140140.25,140279.453125,140066.3125,140228.046875,140299.390625,111567.75,-0.634521484375,0.2138671875,-0.4775390625,-0.09146341681480408,2.5304877758026123,0.030487805604934692,20.0,10001.0,890830.645215166
139740.515625,139761.96875,140071.671875,140210.796875,139998.0,140159.46875,140227.328125,111474.5,-0.63037109375,0.212890625,-0.47509765625,-0.12195122241973877,2.5304877758026123,0.12195122241973877,20.0,10002.0,890830.645269583
139737.828125,139759.109375,140069.0,140207.84375,139994.875,140156.875,140226.984375,111495.5078125,-0.630615234375,0.21630859375,-0.476806640625,-0.12195122241973877,2.4695122241973877,0.12195122241973877,20.0,10003.0,890830.646766
139774.671875,139796.296875,140106.453125,140245.75,140031.71875,140193.71875,140273.109375,111614.421875,-0.630615234375,0.214111328125,-0.478759765625,-0.12195122241973877,2.4695122241973877,0.060975611209869385,20.0,10004.0,890830.648829416
139778.15625,139799.515625,140109.765625,140248.796875,140035.375,140197.109375,140269.53125,111549.5078125,-0.630126953125,0.2138671875,-0.48046875,-0.09146341681480408,2.4390244483947754,0.060975611209869385,20.0,10005.0,890830.648868041
139718.609375,139740.25,140049.953125,140189.15625,139975.65625,140137.75,140206.40625,111448.390625,-0.630615234375,0.215087890625,-0.479248046875,-0.21341463923454285,2.3475608825683594,0.12195122241973877,20.0,10006.0,890830.650826333
139704.03125,139725.3125,140035.015625,140174.046875,139961.171875,140123.171875,140190.59375,111434.0859375,-0.631103515625,0.215576171875,-0.477783203125,-0.12195122241973877,2.4390244483947754,0.060975611209869385,20.0,10007.0,890830.653804333
139744.53125,139765.71875,140076.421875,140215.265625,140001.765625,140163.3125,140241.640625,111567.9296875,-0.63134765625,0.21533203125,-0.479248046875,-0.15243902802467346,2.5304877758026123,0.060975611209869385,20.0,10008.0,890830.657349833
139753.75,139775.203125,140085.796875,140224.828125,140011.421875,140172.796875,140246.734375,111535.203125,-0.630126953125,0.21484375,-0.480224609375,-0.15243902802467346,2.591463327407837,0.09146341681480408,20.0,10009.0,890830.689294083
139696.53125,139717.890625,140027.78125,140167.515625,139954.203125,140115.75,140185.21875,111446.515625,-0.630126953125,0.215576171875,-0.479736328125,-0.18292683362960815,2.4695122241973877,0.060975611209869385,20.0,10010.0,890830.6893505
139657.984375,139679.1875,139988.625,140128.546875,139915.75,140076.859375,140144.359375,111390.8984375,-0.631103515625,0.214111328125,-0.47998046875,-0.18292683362960815,2.408536672592163,0.15243902802467346,20.0,10011.0,890830.6937795
139694.375,139716.109375,140026.4375,140165.46875,139951.96875,140113.703125,140192.015625,111520.9921875,-0.631591796875,0.21484375,-0.4794921875,-0.21341463923454285,2.408536672592163,0.15243902802467346,20.0,10012.0,890830.693825916
139712.96875,139734.703125,140044.9375,140183.96875,139970.5625,140132.296875,140208.296875,111518.7578125,-0.6318359375,0.212890625,-0.478271484375,-0.09146341681480408,2.5,0.030487805604934692,20.0,10013.0,890830.69387025
139674.796875,139696.078125,140006.046875,140145.171875,139932.296875,140094.203125,140162.78125,111420.3203125,-0.630615234375,0.21484375,-0.478759765625,-0.12195122241973877,2.4695122241973877,0.15243902802467346,20.0,10014.0,890830.693910458
139624.109375,139645.734375,139955.171875,140094.75,139881.953125,140043.875,140111.28125,111352.6328125,-0.630859375,0.215087890625,-0.4794921875,-0.09146341681480408,2.3475608825683594,0.15243902802467346,20.0,10015.0,890830.696443666
139655.21875,139676.5,139986.734375,140125.859375,139912.53125,140074.453125,140150.71875,111467.078125,-0.632080078125,0.2158203125,-0.4775390625,-0.060975611209869385,2.3475608825683594,0.12195122241973877,20.0,10016.0,890830.697960583
139679.984375,139701.625,140011.859375,140150.890625,139937.5625,140099.125,140176.546875,111502.3046875,-0.63037109375,0.214111328125,-0.4775390625,-0.12195122241973877,2.4390244483947754,0.15243902802467346,20.0,10017.0,890830.698017458
139654.6875,139676.40625,139985.75,140125.234375,139912.265625,140073.734375,140143.46875,111400.3828125,-0.629638671875,0.21484375,-0.4794921875,-0.15243902802467346,2.5304877758026123,0.18292683362960815,20.0,10018.0,890830.700148458
139598.359375,139620.078125,139929.78125,140068.90625,139856.46875,140017.765625,140085.171875,111320.09375,-0.62890625,0.2138671875,-0.479736328125,-0.060975611209869385,2.4695122241973877,0.21341463923454285,20.0,10019.0,890830.701302041
139616.953125,139638.59375,139948.65625,140088.03125,139874.625,140036.453125,140110.75,111405.7421875,-0.629638671875,0.21484375,-0.47802734375,-0.030487805604934692,2.5304877758026123,0.15243902802467346,20.0,10020.0,890830.731632708
139646.90625,139668.546875,139978.6875,140118.171875,139904.3125,140066.21875,140144.8125,111475.65625,-0.632080078125,0.215087890625,-0.4794921875,0.0,2.408536672592163,0.09146341681480408,20.0,10021.0,890830.731741458
139630.359375,139651.734375,139961.609375,140101.453125,139887.765625,140049.59375,140119.875,111386.25,-0.631103515625,0.214599609375,-0.478759765625,-0.15243902802467346,2.5,0.18292683362960815,20.0,10022.0,890830.73509025
139566.96875,139588.875,139898.234375,140037.96875,139824.734375,139986.296875,140052.546875,111292.109375,-0.63134765625,0.21533203125,-0.478759765625,-0.09146341681480408,2.5304877758026123,0.12195122241973877,20.0,10023.0,890830.735196208
139578.859375,139600.59375,139910.125,140049.421875,139836.453125,139998.09375,140068.8125,111342.4453125,-0.630859375,0.21484375,-0.4794921875,-0.060975611209869385,2.4390244483947754,0.15243902802467346,20.0,10024.0,890830.735271083
139612.9375,139634.828125,139945.25,140084.109375,139870.25,140032.25,140111.28125,111446.2421875,-0.63037109375,0.213623046875,-0.477294921875,-0.060975611209869385,2.4695122241973877,0.18292683362960815,20.0,10025.0,890830.737194666
139606.84375,139628.671875,139938.8125,140077.484375,139863.890625,140026.171875,140096.890625,111369.4453125,-0.63134765625,0.2138671875,-0.477294921875,-0.09146341681480408,2.5,0.21341463923454285,20.0,10026.0,890830.737318791
139542.03125,139563.75,139873.1875,140012.3125,139799.25,139961.265625,140027.6875,111275.296875,-0.630859375,0.215576171875,-0.478271484375,-0.060975611209869385,2.4695122241973877,0.21341463923454285,20.0,10027.0,890830.738866
139534.609375,139556.421875,139865.953125,140005.0625,139792.375,139954.015625,140024.203125,111288.6171875,-0.632080078125,0.215087890625,-0.47802734375,-0.09146341681480408,2.408536672592163,0.18292683362960815,20.0,10028.0,890830.740175875
139571.71875,139592.984375,139903.234375,140042.171875,139829.03125,139990.671875,140070.609375,111411.46875,-0.63037109375,0.216552734375,-0.47802734375,-0.15243902802467346,2.408536672592163,0.21341463923454285,20.0,10029.0,890830.776401125
139575.828125,139597.734375,139907.4375,140046.828125,139833.3125,139995.140625,140068.640625,111350.7578125,-0.63134765625,0.2158203125,-0.47900390625,-0.15243902802467346,2.4390244483947754,0.24390244483947754,20.0,10030.0,890830.776537083
139521.5625,139543.453125,139852.984375,139992.46875,139778.78125,139940.515625,140009.0,111250.890625,-0.631591796875,0.214111328125,-0.479248046875,-0.15243902802467346,2.408536672592163,0.18292683362960815,20.0,10031.0,890830.776637958
139501.96875,139524.15625,139833.671875,139972.703125,139759.5625,139921.390625,139988.625,111230.6875,-0.63037109375,0.214599609375,-0.47802734375,-0.15243902802467346,2.378048896789551,0.24390244483947754,20.0,10032.0,890830.7767445
139541.578125,139563.578125,139873.734375,140013.296875,139799.25,139960.90625,140038.953125,111364.2578125,-0.63037109375,0.214111328125,-0.47900390625,-0.12195122241973877,2.5,0.09146341681480408,20.0,10033.0,890830.776852
139553.921875,139575.640625,139885.171875,140024.828125,139811.5,139973.234375,140046.734375,111338.6015625,-0.6298828125,0.214111328125,-0.477783203125,-0.12195122241973877,2.4390244483947754,0.0,20.0,10034.0,890830.776955958
139503.234375,139524.78125,139833.9375,139973.234375,139760.265625,139922.09375,139990.40625,111239.265625,-0.630126953125,0.21533203125,-0.47509765625,-0.12195122241973877,2.4695122241973877,0.060975611209869385,20.0,10035.0,890830.777664875
139464.25,139486.234375,139795.234375,139934.34375,139721.203125,139883.5625,139951.78125,111192.1484375,-0.631103515625,0.2158203125,-0.477783203125,-0.030487805604934692,2.5304877758026123,0.09146341681480408,20.0,10036.0,890830.779901083
139499.296875,139521.015625,139830.640625,139970.015625,139756.421875,139918.34375,139995.6875,111315.53125,-0.630126953125,0.216552734375,-0.476318359375,-0.060975611209869385,2.4695122241973877,0.09146341681480408,20.0,10037.0,890830.780025375
139518.15625,139539.53125,139849.40625,139988.96875,139775.375,139937.125,140013.203125,111321.8828125,-0.630615234375,0.21533203125,-0.4794921875,-0.09146341681480408,2.5,0.0,20.0,10038.0,890830.781108375
139482.84375,139504.5625,139813.828125,139953.390625,139740.0625,139901.625,139970.109375,111219.7734375,-0.631591796875,0.2138671875,-0.48095703125,-0.12195122241973877,2.408536672592163,0.0,20.0,10039.0,890830.784905791
139434.921875,139456.640625,139765.71875,139905.296875,139692.234375,139853.703125,139919.6875,111149.4140625,-0.631591796875,0.214599609375,-0.48095703125,-0.060975611209869385,2.4695122241973877,0.15243902802467346,20.0,10040.0,890830.785167541
139465.5,139487.21875,139796.921875,139936.046875,139722.90625,139884.640625,139958.84375,111257.4140625,-0.630859375,0.2158203125,-0.482177734375,-0.09146341681480408,2.5,0.09146341681480408,20.0,10041.0,890830.817332041
139492.40625,139513.6875,139823.9375,139962.875,139749.8125,139911.1875,139987.90625,111303.7265625,-0.632568359375,0.215087890625,-0.481201171875,-0.12195122241973877,2.5609755516052246,0.18292683362960815,20.0,10042.0,890830.817442458
139466.390625,139487.765625,139797.5625,139936.3125,139723.703125,139885.0,139955.09375,111211.8203125,-0.63134765625,0.2158203125,-0.480224609375,-0.15243902802467346,2.5,0.21341463923454285,20.0,10043.0,890830.817551083
139402.28125,139423.5625,139732.734375,139872.03125,139659.15625,139820.71875,139887.40625,111124.9140625,-0.6318359375,0.216064453125,-0.478759765625,-0.12195122241973877,2.5,0.18292683362960815,20.0,10044.0,890830.817659833
139418.734375,139440.28125,139749.90625,139889.203125,139676.140625,139837.34375,139910.5625,111199.75,-0.630859375,0.21484375,-0.478515625,-0.12195122241973877,2.4695122241973877,0.15243902802467346,20.0,10045.0,890830.855084166
139450.5625,139472.03125,139782.265625,139921.5625,139708.140625,139869.4375,139947.84375,111280.3046875,-0.6328125,0.21484375,-0.479736328125,-0.09146341681480408,2.408536672592163,0.12195122241973877,20.0,10046.0,890830.855171583
139438.859375,139460.578125,139769.84375,139909.21875,139696.078125,139857.8125,139927.109375,111192.6875,-0.631591796875,0.21533203125,-0.4775390625,-0.09146341681480408,2.378048896789551,0.09146341681480408,20.0,10047.0,890830.8572815
139375.375,139397.09375,139706.1875,139845.390625,139632.59375,139794.0625,139861.390625,111099.4375,-0.631591796875,0.21630859375,-0.4775390625,-0.030487805604934692,2.408536672592163,0.060975611209869385,20.0,10048.0,890830.857363708
139379.484375,139401.125,139710.5625,139849.765625,139636.984375,139798.1875,139869.171875,111139.84375,-0.630859375,0.217041015625,-0.478759765625,-0.060975611209869385,2.4695122241973877,0.09146341681480408,20.0,10049.0,890830.857427625
139415.96875,139437.6875,139747.578125,139886.875,139673.546875,139834.84375,139913.6875,111249.546875,-0.631591796875,0.21630859375,-0.47802734375,-0.030487805604934692,2.5,0.12195122241973877,20.0,10050.0,890830.8590125
139413.109375,139434.65625,139744.625,139883.296875,139670.59375,139831.984375,139903.5,111178.6484375,-0.630126953125,0.21533203125,-0.47802734375,-0.09146341681480408,2.5,0.18292683362960815,20.0,10051.0,890830.861799916
139348.90625,139370.453125,139679.890625,139819.015625,139606.21875,139767.96875,139836.453125,111086.46875,-0.62890625,0.217041015625,-0.480712890625,-0.060975611209869385,2.5,0.18292683362960815,20.0,10052.0,890830.861910791
139336.390625,139358.03125,139667.203125,139806.40625,139593.4375,139755.265625,139824.734375,111084.234375,-0.628662109375,0.215087890625,-0.4814453125,-0.09146341681480408,2.5304877758026123,0.15243902802467346,20.0,10053.0,890830.86309125
139373.9375,139395.21875,139705.015625,139844.046875,139630.90625,139792.546875,139871.578125,111210.2109375,-0.630615234375,0.215087890625,-0.48046875,-0.12195122241973877,2.4390244483947754,0.12195122241973877,20.0,10054.0,890830.869101958
139379.21875,139401.03125,139710.203125,139849.5,139636.625,139798.0,139870.59375,111160.859375,-0.63134765625,0.2138671875,-0.479248046875,-0.030487805604934692,2.4390244483947754,0.12195122241973877,20.0,10055.0,890830.869189916
139325.484375,139347.5625,139656.46875,139795.765625,139583.0625,139744.625,139811.5,111064.296875,-0.631591796875,0.214599609375,-0.48193359375,-0.09146341681480408,2.378048896789551,0.060975611209869385,20.0,10056.0,890830.871290666
139299.5625,139321.015625,139630.546875,139769.84375,139556.96875,139718.515625,139785.484375,111031.84375,-0.633544921875,0.21484375,-0.478271484375,-0.030487805604934692,2.378048896789551,0.21341463923454285,20.0,10057.0,890830.871359958
139336.21875,139357.671875,139668.0,139807.21875,139593.4375,139754.8125,139833.234375,111163.6328125,-0.632568359375,0.21630859375,-0.4775390625,-0.15243902802467346,2.5,0.15243902802467346,20.0,10058.0,890830.931155708
139352.390625,139373.9375,139683.46875,139822.59375,139609.53125,139770.640625,139845.828125,111147.0859375,-0.631103515625,0.217041015625,-0.4794921875,-0.15243902802467346,2.5304877758026123,0.21341463923454285,20.0,10059.0,890830.931300083
139307.515625,139328.796875,139637.96875,139777.265625,139564.375,139725.578125,139793.796875,111046.1484375,-0.6318359375,0.21533203125,-0.479248046875,-0.09146341681480408,2.378048896789551,0.12195122241973877,20.0,10060.0,890830.931406333
139267.375,139289.1875,139598.09375,139737.46875,139524.78125,139685.96875,139751.875,110982.9375,-0.6318359375,0.216064453125,-0.478515625,-0.030487805604934692,2.4390244483947754,0.18292683362960815,20.0,10061.0,890830.931506666
139304.921875,139326.5625,139636.4375,139775.5625,139562.6875,139723.703125,139799.703125,111108.375,-0.6318359375,0.21533203125,-0.47705078125,-0.060975611209869385,2.4390244483947754,0.15243902802467346,20.0,10062.0,890830.931614958
139327.09375,139348.640625,139657.984375,139797.46875,139584.234375,139745.703125,139821.421875,111129.4765625,-0.630859375,0.216064453125,-0.47607421875,-0.12195122241973877,2.4695122241973877,0.060975611209869385,20.0,10063.0,890830.931723375
139290.625,139312.25,139621.25,139760.71875,139547.75,139708.78125,139777.890625,111035.78125,-0.632080078125,0.217041015625,-0.478759765625,-0.09146341681480408,2.591463327407837,0.12195122241973877,20.0,10064.0,890830.93182825
139234.296875,139255.84375,139565.1875,139704.125,139491.6875,139652.453125,139720.484375,110954.328125,-0.631591796875,0.217529296875,-0.478759765625,-0.030487805604934692,2.4390244483947754,0.0,20.0,10065.0,890830.931933375
139261.109375,139283.015625,139592.546875,139731.578125,139518.515625,139679.53125,139754.640625,111053.2109375,-0.632080078125,0.215576171875,-0.481201171875,-0.030487805604934692,2.4390244483947754,0.09146341681480408,20.0,10066.0,890830.932039333
139290.078125,139312.4375,139621.421875,139761.25,139547.578125,139708.859375,139786.828125,111108.8203125,-0.63037109375,0.215576171875,-0.480224609375,-0.060975611209869385,2.5304877758026123,0.15243902802467346,20.0,10067.0,890830.932144625
139267.546875,139289.546875,139598.53125,139738.09375,139525.046875,139686.0625,139756.875,111018.5234375,-0.631591796875,0.21435546875,-0.476806640625,-0.18292683362960815,2.4695122241973877,0.15243902802467346,20.0,10068.0,890830.932254458
139202.375,139224.015625,139533.265625,139672.390625,139459.78125,139620.890625,139688.296875,110930.7265625,-0.632568359375,0.215087890625,-0.4755859375,-0.18292683362960815,2.5,0.060975611209869385,20.0,10069.0,890830.932357708
139217.21875,139239.125,139548.46875,139687.859375,139474.703125,139635.90625,139709.046875,110995.7265625,-0.6318359375,0.213134765625,-0.47900390625,-0.09146341681480408,2.4695122241973877,0.09146341681480408,20.0,10070.0,890830.932462416
139250.734375,139272.375,139582.4375,139721.5625,139508.0625,139669.4375,139748.65625,111086.921875,-0.630615234375,0.215087890625,-0.476318359375,-0.15243902802467346,2.5304877758026123,0.15243902802467346,20.0,10071.0,890830.932565166
139240.546875,139262.1875,139572.078125,139710.65625,139498.046875,139659.328125,139730.5,110998.3125,-0.631103515625,0.21533203125,-0.47412109375,-0.18292683362960815,2.5304877758026123,0.15243902802467346,20.0,10072.0,890830.932669541
139178.234375,139200.046875,139509.125,139648.15625,139435.8125,139596.5625,139665.5,110904.4375,-0.6318359375,0.214599609375,-0.4775390625,-0.15243902802467346,2.5609755516052246,0.21341463923454285,20.0,10073.0,890830.932766708
139179.21875,139200.859375,139510.015625,139648.875,139436.34375,139597.109375,139668.09375,110934.8359375,-0.62939453125,0.21533203125,-0.477783203125,-0.060975611209869385,2.5609755516052246,0.15243902802467346,20.0,10074.0,890830.932846708
139215.34375,139237.15625,139546.953125,139685.703125,139472.828125,139633.84375,139712.796875,111049.3671875,-0.631103515625,0.212646484375,-0.478271484375,-0.21341463923454285,2.5304877758026123,0.21341463923454285,20.0,10075.0,890830.934329958
139214.796875,139236.609375,139545.875,139685.171875,139472.375,139633.5,139704.921875,110983.828125,-0.63134765625,0.2158203125,-0.478515625,-0.27439025044441223,2.4390244483947754,0.12195122241973877,20.0,10076.0,890830.934446291
139155.609375,139177.421875,139486.234375,139625.625,139412.921875,139574.03125,139640.640625,110884.4140625,-0.631103515625,0.21533203125,-0.4755859375,-0.15243902802467346,2.317073106765747,0.09146341681480408,20.0,10077.0,890830.934565583
139144.796875,139166.25,139475.59375,139614.625,139402.28125,139563.484375,139630.8125,110874.3984375,-0.630126953125,0.214599609375,-0.477783203125,-0.09146341681480408,2.4390244483947754,0.09146341681480408,20.0,10078.0,890830.936810125
139182.34375,139204.078125,139513.6875,139653.078125,139439.921875,139601.03125,139679.1875,111007.078125,-0.628662109375,0.21728515625,-0.476806640625,-0.060975611209869385,2.408536672592163,0.060975611209869385,20.0,10079.0,890830.938124791
139190.484375,139211.9375,139521.46875,139660.765625,139447.96875,139608.8125,139682.578125,110968.8984375,-0.629638671875,0.21630859375,-0.479248046875,-0.060975611209869385,2.4390244483947754,0.18292683362960815,20.0,10080.0,890830.941812
139134.0625,139155.53125,139464.96875,139603.71875,139391.109375,139552.578125,139622.234375,110877.8828125,-0.6318359375,0.21533203125,-0.47705078125,-0.030487805604934692,2.5304877758026123,0.21341463923454285,20.0,10081.0,890830.973261458
139099.5625,139120.921875,139430.09375,139569.203125,139356.515625,139518.0625,139585.84375,110831.2109375,-0.632568359375,0.215576171875,-0.476806640625,-0.09146341681480408,2.5304877758026123,0.15243902802467346,20.0,10082.0,890830.973401
139136.5625,139158.03125,139467.640625,139606.84375,139393.703125,139555.078125,139632.6875,110960.671875,-0.63232421875,0.213623046875,-0.47509765625,-0.15243902802467346,2.3475608825683594,0.15243902802467346,20.0,10083.0,890830.977616333
139152.578125,139174.03125,139483.375,139622.9375,139409.4375,139570.8125,139646.375,110952.0,-0.630859375,0.213623046875,-0.477783203125,-0.15243902802467346,2.378048896789551,0.09146341681480408,20.0,10084.0,890830.977724833
139111.625,139133.34375,139442.078125,139581.375,139368.578125,139530.140625,139598.71875,110846.953125,-0.629638671875,0.21533203125,-0.479736328125,-0.18292683362960815,2.4695122241973877,0.09146341681480408,20.0,10085.0,890830.977833
139072.46875,139094.28125,139402.734375,139541.84375,139329.6875,139490.890625,139555.796875,110778.9140625,-0.630615234375,0.21630859375,-0.48046875,-0.12195122241973877,2.4695122241973877,0.15243902802467346,20.0,10086.0,890830.978877958
139108.765625,139130.046875,139439.21875,139578.59375,139365.625,139527.015625,139601.484375,110900.953125,-0.632080078125,0.214599609375,-0.4814453125,-0.12195122241973877,2.4695122241973877,0.060975611209869385,20.0,10087.0,890830.982069
139132.546875,139153.828125,139463.625,139602.375,139389.59375,139550.96875,139626.703125,110932.9609375,-0.632080078125,0.216796875,-0.478515625,-0.12195122241973877,2.5304877758026123,0.060975611209869385,20.0,10088.0,890830.982325166
139097.765625,139118.953125,139428.484375,139567.421875,139354.90625,139515.921875,139585.84375,110846.234375,-0.63134765625,0.2158203125,-0.47802734375,-0.09146341681480408,2.4390244483947754,0.12195122241973877,20.0,10089.0,890830.983055708
139034.203125,139055.65625,139364.5625,139503.765625,139291.15625,139452.265625,139519.953125,110764.3359375,-0.631591796875,0.21533203125,-0.478271484375,-0.12195122241973877,2.5609755516052246,0.12195122241973877,20.0,10090.0,890830.987531041
139055.203125,139076.484375,139385.84375,139524.859375,139312.4375,139472.828125,139548.28125,110851.5078125,-0.63037109375,0.21484375,-0.478515625,-0.18292683362960815,2.5,0.12195122241973877,20.0,10091.0,890831.017024125
139084.171875,139105.640625,139415.515625,139554.453125,139341.9375,139502.515625,139582.0,110917.2265625,-0.631591796875,0.2158203125,-0.47900390625,-0.15243902802467346,2.378048896789551,0.09146341681480408,20.0,10092.0,890831.0172935
139068.265625,139089.625,139398.796875,139538.0,139325.75,139486.78125,139556.875,110820.3046875,-0.6298828125,0.217041015625,-0.4794921875,-0.12195122241973877,2.317073106765747,0.15243902802467346,20.0,10093.0,890831.019573375
139008.984375,139030.265625,139339.171875,139478.375,139265.9375,139426.875,139493.125,110730.8125,-0.62890625,0.216796875,-0.477294921875,-0.15243902802467346,2.3475608825683594,0.15243902802467346,20.0,10094.0,890831.019692458
139021.40625,139042.953125,139351.953125,139491.6875,139278.28125,139439.75,139511.546875,110789.546875,-0.629150390625,0.21484375,-0.478515625,-0.18292683362960815,2.4695122241973877,0.18292683362960815,20.0,10095.0,890831.019824666
139054.9375,139076.9375,139386.8125,139525.84375,139312.515625,139473.90625,139552.84375,110888.5234375,-0.630859375,0.215576171875,-0.476806640625,-0.09146341681480408,2.5,0.15243902802467346,20.0,10096.0,890831.019930625
139048.0625,139070.234375,139379.21875,139518.25,139305.8125,139466.921875,139538.28125,110806.0,-0.630126953125,0.216064453125,-0.478759765625,-0.09146341681480408,2.4390244483947754,0.12195122241973877,20.0,10097.0,890831.021057333
138987.796875,139009.4375,139318.15625,139457.1875,139244.9375,139405.78125,139474.078125,110709.890625,-0.6298828125,0.21533203125,-0.479736328125,-0.15243902802467346,2.378048896789551,0.12195122241973877,20.0,10098.0,890831.022448708
138987.96875,139008.984375,139318.25,139457.359375,139244.578125,139405.59375,139475.328125,110729.109375,-0.630615234375,0.21630859375,-0.478515625,-0.060975611209869385,2.4695122241973877,0.12195122241973877,20.0,10099.0,890831.025036083
139025.890625,139047.078125,139356.6875,139495.984375,139282.484375,139443.6875,139522.09375,110850.9765625,-0.630859375,0.21435546875,-0.47900390625,-0.12195122241973877,2.5304877758026123,0.18292683362960815,20.0,10100.0,890831.05553075
139029.546875,139051.0,139360.265625,139499.390625,139286.765625,139447.890625,139519.671875,110792.59375,-0.630859375,0.214111328125,-0.47705078125,-0.060975611209869385,2.5,0.12195122241973877,20.0,10101.0,890831.055623625
138965.625,138987.265625,139296.421875,139435.453125,139223.203125,139384.046875,139452.71875,110702.9140625,-0.6318359375,0.215087890625,-0.476318359375,-0.060975611209869385,2.5609755516052246,0.09146341681480408,20.0,10102.0,890831.055748208
138941.125,138962.9375,139271.75,139410.953125,139198.53125,139359.1875,139428.484375,110679.4921875,-0.631103515625,0.21337890625,-0.478515625,-0.060975611209869385,2.408536672592163,0.12195122241973877,20.0,10103.0,890831.062287166
138979.390625,139001.03125,139310.46875,139449.84375,139236.4375,139397.734375,139476.9375,110809.1328125,-0.63037109375,0.21484375,-0.478271484375,-0.09146341681480408,2.3475608825683594,0.12195122241973877,20.0,10104.0,890831.062482041
138991.28125,139012.5625,139321.90625,139461.390625,139248.5,139409.53125,139483.828125,110775.78125,-0.631103515625,0.21630859375,-0.48046875,-0.060975611209869385,2.408536672592163,0.24390244483947754,20.0,10105.0,890831.062545791
138942.5625,138963.296875,139272.46875,139411.5,139199.59375,139360.625,139427.765625,110674.6640625,-0.63232421875,0.217041015625,-0.48193359375,-0.030487805604934692,2.4390244483947754,0.12195122241973877,20.0,10106.0,890831.062606375
138907.78125,138929.140625,139237.59375,139376.625,139164.828125,139325.9375,139391.203125,110624.859375,-0.632080078125,0.215576171875,-0.479736328125,0.060975611209869385,2.5304877758026123,0.18292683362960815,20.0,10107.0,890831.062681541
138945.5,138966.96875,139276.40625,139415.34375,139202.546875,139364.015625,139440.375,110755.578125,-0.63037109375,0.2158203125,-0.4775390625,0.060975611209869385,2.4390244483947754,0.09146341681480408,20.0,10108.0,890831.0627615
138965.71875,138987.34375,139296.78125,139435.546875,139223.109375,139384.3125,139459.328125,110762.3671875,-0.630126953125,0.214599609375,-0.4765625,-0.030487805604934692,2.5,0.09146341681480408,20.0,10109.0,890831.063491125
138925.125,138946.765625,139255.65625,139394.6875,139182.4375,139343.546875,139412.5625,110665.546875,-0.630615234375,0.21435546875,-0.47705078125,-0.09146341681480408,2.4695122241973877,0.060975611209869385,20.0,10110.0,890831.063663041
138872.46875,138894.09375,139202.546875,139341.765625,139129.421875,139290.53125,139358.390625,110595.4453125,-0.6298828125,0.21484375,-0.47998046875,-0.060975611209869385,2.4695122241973877,0.12195122241973877,20.0,10111.0,890831.065091833
138900.796875,138922.53125,139231.96875,139371.171875,139157.9375,139319.5,139395.671875,110706.046875,-0.631591796875,0.21435546875,-0.47900390625,-0.09146341681480408,2.4695122241973877,0.18292683362960815,20.0,10112.0,890831.096324916
138928.078125,138949.625,139259.5,139398.703125,139185.5625,139346.671875,139424.28125,110746.7265625,-0.629150390625,0.21337890625,-0.478759765625,-0.060975611209869385,2.408536672592163,0.12195122241973877,20.0,10113.0,890831.096454791
138902.40625,138923.78125,139233.046875,139372.15625,139159.640625,139320.390625,139390.03125,110651.7734375,-0.631103515625,0.214599609375,-0.47802734375,-0.060975611209869385,2.378048896789551,0.030487805604934692,20.0,10114.0,890831.096562166
138843.046875,138864.328125,139173.3125,139312.34375,139100.0,139261.109375,139327.0,110562.0078125,-0.631591796875,0.21484375,-0.47998046875,-0.060975611209869385,2.5304877758026123,0.09146341681480408,20.0,10115.0,890831.10036275
138866.5625,138887.21875,139197.1875,139335.953125,139123.515625,139284.1875,139357.859375,110644.890625,-0.6318359375,0.212890625,-0.4794921875,-0.15243902802467346,2.591463327407837,0.09146341681480408,20.0,10116.0,890831.100490541
138897.234375,138918.140625,139228.390625,139367.0625,139154.359375,139314.9375,139393.875,110722.40625,-0.630615234375,0.216552734375,-0.4794921875,-0.12195122241973877,2.4695122241973877,0.09146341681480408,20.0,10117.0,890831.103019416
138881.046875,138902.40625,139212.125,139350.609375,139138.71875,139299.375,139369.203125,110633.8046875,-0.631103515625,0.21728515625,-0.478271484375,-0.09146341681480408,2.3475608825683594,0.12195122241973877,20.0,10118.0,890831.103131041
138818.640625,138839.921875,139149.09375,139288.203125,139076.046875,139236.96875,139302.859375,110538.4921875,-0.630859375,0.21435546875,-0.477294921875,-0.09146341681480408,2.408536672592163,0.060975611209869385,20.0,10119.0,890831.105106666
138827.484375,138849.21875,139158.46875,139297.59375,139084.984375,139245.734375,139317.171875,110588.203125,-0.6318359375,0.21533203125,-0.478759765625,-0.060975611209869385,2.4390244483947754,0.09146341681480408,20.0,10120.0,890831.106287541
138862.09375,138883.640625,139193.34375,139332.375,139119.40625,139280.0625,139360.171875,110693.6171875,-0.632080078125,0.216064453125,-0.478271484375,-0.09146341681480408,2.408536672592163,0.12195122241973877,20.0,10121.0,890831.109222375
138856.71875,138878.625,139187.703125,139326.5625,139114.21875,139274.875,139346.671875,110621.640625,-0.633056640625,0.215087890625,-0.47412109375,-0.060975611209869385,2.408536672592163,0.09146341681480408,20.0,10122.0,890831.109428083
138793.609375,138815.15625,139124.046875,139263.078125,139050.921875,139211.578125,139278.1875,110519.09375,-0.6318359375,0.21533203125,-0.47802734375,-0.030487805604934692,2.408536672592163,0.12195122241973877,20.0,10123.0,890831.158347291
138788.328125,138809.515625,139118.421875,139257.71875,139045.203125,139206.390625,139275.328125,110531.078125,-0.629638671875,0.214111328125,-0.476806640625,-0.09146341681480408,2.5,0.15243902802467346,20.0,10124.0,890831.158476791
138825.171875,138846.71875,139156.421875,139295.53125,139082.484375,139243.5,139322.625,110656.8671875,-0.630859375,0.21484375,-0.477783203125,-0.09146341681480408,2.5304877758026123,0.12195122241973877,20.0,10125.0,890831.160675708
138832.859375,138854.578125,139163.921875,139303.046875,139090.078125,139251.015625,139323.703125,110603.5859375,-0.63037109375,0.217041015625,-0.4775390625,-0.18292683362960815,2.4695122241973877,0.15243902802467346,20.0,10126.0,890831.160796833
138778.21875,138799.859375,139108.671875,139247.53125,139035.265625,139196.203125,139264.875,110505.59375,-0.632080078125,0.216552734375,-0.476806640625,-0.15243902802467346,2.378048896789551,0.18292683362960815,20.0,10127.0,890831.167296583
138753.375,138774.828125,139083.640625,139222.75,139010.421875,139171.4375,139238.9375,110481.453125,-0.631103515625,0.214599609375,-0.47705078125,-0.09146341681480408,2.4695122241973877,0.24390244483947754,20.0,10128.0,890831.16740375
138791.8125,138813.28125,139123.34375,139262.1875,139049.21875,139210.0625,139288.03125,110613.421875,-0.630859375,0.214111328125,-0.4794921875,-0.12195122241973877,2.5609755516052246,0.12195122241973877,20.0,10129.0,890831.167516333
138805.9375,138827.3125,139137.1875,139275.78125,139063.25,139224.09375,139298.390625,110591.515625,-0.630615234375,0.214111328125,-0.47705078125,-0.12195122241973877,2.4695122241973877,0.12195122241973877,20.0,10130.0,890831.169334666
138759.09375,138781.09375,139090.078125,139228.84375,139016.671875,139177.515625,139245.921875,110492.2734375,-0.629638671875,0.21435546875,-0.478759765625,-0.15243902802467346,2.4390244483947754,0.15243902802467346,20.0,10131.0,890831.169450083
138719.671875,138741.5625,139050.109375,139189.140625,138977.0625,139138.0,139204.34375,110436.484375,-0.63037109375,0.2158203125,-0.476806640625,-0.060975611209869385,2.4695122241973877,0.060975611209869385,20.0,10132.0,890831.171342625
138754.796875,138776.96875,139086.234375,139225.703125,139012.46875,139173.671875,139250.390625,110563.2578125,-0.630126953125,0.214599609375,-0.479248046875,-0.09146341681480408,2.4390244483947754,0.030487805604934692,20.0,10133.0,890831.17299575
138775.8125,138797.625,139106.890625,139246.359375,139033.296875,139194.234375,139270.59375,110578.015625,-0.63037109375,0.21484375,-0.478759765625,-0.09146341681480408,2.378048896789551,0.12195122241973877,20.0,10134.0,890831.173104333
138738.703125,138760.34375,139069.515625,139208.8125,138996.296875,139156.859375,139225.53125,110478.859375,-0.62841796875,0.2138671875,-0.479736328125,-0.12195122241973877,2.378048896789551,0.12195122241973877,20.0,10135.0,890831.175157083
138686.140625,138707.59375,139016.578125,139155.4375,138943.453125,139104.203125,139170.09375,110405.1875,-0.62890625,0.21484375,-0.474853515625,-0.09146341681480408,2.4695122241973877,0.030487805604934692,20.0,10136.0,890831.177023
138712.421875,138733.875,139043.140625,139182.34375,138969.46875,139130.765625,139205.765625,110507.921875,-0.63037109375,0.2138671875,-0.47705078125,-0.09146341681480408,2.4695122241973877,0.09146341681480408,20.0,10137.0,890831.178155375
138740.5,138762.140625,139071.65625,139210.59375,138997.984375,139159.015625,139236.53125,110558.078125,-0.62939453125,0.216064453125,-0.47998046875,-0.15243902802467346,2.4390244483947754,0.15243902802467346,20.0,10138.0,890831.184640333
138717.703125,138739.515625,139048.421875,139187.4375,138975.1875,139136.125,139205.40625,110463.21875,-0.629638671875,0.21484375,-0.48046875,-0.15243902802467346,2.378048896789551,0.15243902802467346,20.0,10139.0,890831.214854375
138654.578125,138676.296875,138984.9375,139124.234375,138912.25,139072.734375,139140.0625,110379.4375,-0.630126953125,0.215087890625,-0.47998046875,-0.060975611209869385,2.408536672592163,0.09146341681480408,20.0,10140.0,890831.214939875
138669.59375,138691.5,139000.21875,139139.78125,138927.359375,139087.84375,139161.78125,110451.5,-0.631103515625,0.214111328125,-0.48046875,-0.09146341681480408,2.5304877758026123,0.09146341681480408,20.0,10141.0,890831.215016041
138702.859375,138724.671875,139034.015625,139173.5,138960.4375,139121.28125,139200.765625,110537.515625,-0.629638671875,0.213134765625,-0.48291015625,-0.060975611209869385,2.4695122241973877,0.15243902802467346,20.0,10142.0,890831.216373083
138692.9375,138714.75,139023.46875,139162.59375,138950.328125,139111.09375,139181.90625,110447.296875,-0.6298828125,0.214599609375,-0.4814453125,-0.060975611209869385,2.4695122241973877,0.15243902802467346,20.0,10143.0,890831.216430708
138632.5,138654.125,138962.5,139101.96875,138889.71875,139050.5625,139116.453125,110351.546875,-0.63134765625,0.21484375,-0.480224609375,-0.09146341681480408,2.4390244483947754,0.09146341681480408,20.0,10144.0,890831.216498416
138638.21875,138659.3125,138968.390625,139107.953125,138895.4375,139056.109375,139126.46875,110391.6015625,-0.6318359375,0.215576171875,-0.482421875,-0.18292683362960815,2.5,0.18292683362960815,20.0,10145.0,890831.216545916
138675.234375,138696.59375,139006.125,139145.234375,138932.453125,139093.390625,139171.96875,110505.0546875,-0.632568359375,0.215087890625,-0.480224609375,-0.060975611209869385,2.4695122241973877,0.18292683362960815,20.0,10146.0,890831.216592333
138673.078125,138694.71875,139004.0625,139142.65625,138930.390625,139091.15625,139162.5,110435.234375,-0.63134765625,0.21337890625,-0.47802734375,-0.15243902802467346,2.4695122241973877,0.21341463923454285,20.0,10147.0,890831.216693708
138613.8125,138635.53125,138944.25,139083.375,138871.203125,139031.96875,139099.28125,110333.6640625,-0.62890625,0.216552734375,-0.480712890625,-0.09146341681480408,2.4695122241973877,0.18292683362960815,20.0,10148.0,890831.220679375
138604.15625,138626.140625,138934.59375,139074.15625,138861.640625,139022.21875,139090.53125,110332.7734375,-0.631103515625,0.215576171875,-0.47900390625,0.0,2.4390244483947754,0.24390244483947754,20.0,10149.0,890831.220752625
138642.421875,138664.5,138973.671875,139113.0625,138900.265625,139060.84375,139138.984375,110462.6796875,-0.6298828125,0.21435546875,-0.478271484375,-0.030487805604934692,2.317073106765747,0.15243902802467346,20.0,10150.0,890831.223523208
138650.640625,138672.375,138981.265625,139120.828125,138908.3125,139069.0625,139141.9375,110420.390625,-0.630615234375,0.214111328125,-0.479248046875,-0.15243902802467346,2.408536672592163,0.15243902802467346,20.0,10151.0,890831.223633791
138595.203125,138616.40625,138925.75,139064.78125,138852.703125,139013.015625,139083.375,110322.6640625,-0.63134765625,0.214599609375,-0.478759765625,-0.09146341681480408,2.4390244483947754,0.09146341681480408,20.0,10152.0,890831.257483875
138569.1875,138590.734375,138899.640625,139038.40625,138826.59375,138986.90625,139054.5,110287.171875,-0.63134765625,0.212646484375,-0.478515625,-0.060975611209869385,2.4390244483947754,0.21341463923454285,20.0,10153.0,890831.257565
138608.171875,138629.90625,138938.890625,139078.1875,138865.578125,139026.328125,139102.953125,110420.03125,-0.6318359375,0.213134765625,-0.478759765625,-0.09146341681480408,2.5,0.09146341681480408,20.0,10154.0,890831.259304458
138624.171875,138646.0,138954.71875,139093.828125,138881.671875,139042.421875,139116.09375,110412.5234375,-0.63427734375,0.21240234375,-0.477783203125,-0.09146341681480408,2.5,0.21341463923454285,20.0,10155.0,890831.259385458
138572.5,138594.765625,138903.21875,139041.796875,138829.90625,138990.65625,139059.40625,110319.625,-0.6318359375,0.211181640625,-0.47998046875,-0.18292683362960815,2.4695122241973877,0.18292683362960815,20.0,10156.0,890831.259462458
138526.09375,138548.0,138856.71875,138995.484375,138783.59375,138944.171875,139010.6875,110250.9609375,-0.630126953125,0.213623046875,-0.47998046875,-0.12195122241973877,2.4695122241973877,0.15243902802467346,20.0,10157.0,890831.261015791
138560.515625,138582.6875,138891.859375,139030.71875,138818.109375,138978.5,139054.9375,110372.0234375,-0.631591796875,0.21484375,-0.4765625,-0.060975611209869385,2.408536672592163,0.12195122241973877,20.0,10158.0,890831.262258916
138583.046875,138604.859375,138913.859375,139052.796875,138840.8125,139000.9375,139078.359375,110396.7890625,-0.63037109375,0.21484375,-0.4755859375,-0.15243902802467346,2.378048896789551,0.18292683362960815,20.0,10159.0,890831.264291208
138551.84375,138573.484375,138882.109375,139020.78125,138809.25,138969.640625,139040.453125,110292.0,-0.630126953125,0.214599609375,-0.47802734375,-0.060975611209869385,2.378048896789551,0.12195122241973877,20.0,10160.0,890831.264367208
138504.1875,138526.1875,138834.734375,138973.578125,138761.953125,138922.265625,138988.15625,110206.4375,-0.6298828125,0.213623046875,-0.479248046875,-0.060975611209869385,2.4695122241973877,0.030487805604934692,20.0,10161.0,890831.265486916
138533.34375,138555.6875,138864.421875,139003.359375,138791.1875,138951.671875,139024.625,110310.328125,-0.6298828125,0.213623046875,-0.477783203125,-0.030487805604934692,2.4695122241973877,0.15243902802467346,20.0,10162.0,890831.300545
138561.859375,138583.859375,138893.203125,139031.78125,138819.71875,138980.109375,139057.0,110373.453125,-0.63037109375,0.215087890625,-0.47705078125,-0.15243902802467346,2.591463327407837,0.21341463923454285,20.0,10163.0,890831.300658416
138538.4375,138560.34375,138869.0625,139008.09375,138796.109375,138956.6875,139027.046875,110289.9453125,-0.630615234375,0.21435546875,-0.4775390625,-0.15243902802467346,2.5609755516052246,0.15243902802467346,20.0,10164.0,890831.304871083
138470.75,138492.65625,138800.75,138940.140625,138728.34375,138888.46875,138956.140625,110197.3203125,-0.631103515625,0.21630859375,-0.4794921875,-0.09146341681480408,2.4695122241973877,0.18292683362960815,20.0,10165.0,890831.304978875
138483.1875,138505.359375,138813.625,138953.015625,138740.9375,138901.25,138973.84375,110256.1484375,-0.629638671875,0.217041015625,-0.478759765625,-0.18292683362960815,2.408536672592163,0.18292683362960815,20.0,10166.0,890831.305179
138517.15625,138538.796875,138847.78125,138987.265625,138774.65625,138934.875,139014.703125,110352.2578125,-0.630126953125,0.214599609375,-0.479248046875,-0.15243902802467346,2.4695122241973877,0.15243902802467346,20.0,10167.0,890831.305294625
138511.609375,138533.34375,138841.96875,138981.1875,138769.109375,138929.40625,139001.46875,110265.0,-0.629638671875,0.214111328125,-0.478759765625,-0.09146341681480408,2.4390244483947754,0.060975611209869385,20.0,10168.0,890831.3054035
138449.65625,138471.375,138779.828125,138919.046875,138707.328125,138867.28125,138935.578125,110173.0,-0.630126953125,0.21337890625,-0.478759765625,-0.09146341681480408,2.5304877758026123,0.18292683362960815,20.0,10169.0,890831.338413416
138451.265625,138472.8125,138781.625,138920.65625,138708.84375,138868.796875,138938.890625,110196.875,-0.630126953125,0.214599609375,-0.4794921875,-0.09146341681480408,2.5304877758026123,0.12195122241973877,20.0,10170.0,890831.338533208
138489.890625,138511.796875,138820.78125,138960.265625,138747.46875,138907.859375,138986.640625,110318.109375,-0.62939453125,0.21484375,-0.47998046875,-0.060975611209869385,2.5304877758026123,0.15243902802467346,20.0,10171.0,890831.339900083
138491.859375,138514.03125,138822.125,138961.78125,138749.265625,138909.75,138982.15625,110254.8046875,-0.6298828125,0.21484375,-0.47705078125,-0.09146341681480408,2.3475608825683594,0.15243902802467346,20.0,10172.0,890831.340010041
138431.59375,138453.328125,138761.5,138901.34375,138688.90625,138849.3125,138917.25,110154.1328125,-0.6279296875,0.2158203125,-0.475830078125,-0.09146341681480408,2.408536672592163,0.27439025044441223,20.0,10173.0,890831.340115666
138418.8125,138440.625,138748.8125,138888.46875,138676.390625,138836.4375,138903.3125,110137.328125,-0.62939453125,0.215087890625,-0.47802734375,-0.09146341681480408,2.378048896789551,0.21341463923454285,20.0,10174.0,890831.340222583
138458.859375,138480.765625,138790.03125,138929.140625,138716.53125,138876.84375,138954.890625,110273.3125,-0.629150390625,0.216552734375,-0.47802734375,-0.12195122241973877,2.4695122241973877,0.18292683362960815,20.0,10175.0,890831.347634333
138469.59375,138491.3125,138800.40625,138939.421875,138726.8125,138887.390625,138960.890625,110241.125,-0.63232421875,0.21728515625,-0.47802734375,-0.18292683362960815,2.4390244483947754,0.18292683362960815,20.0,10176.0,890831.347745416
138414.609375,138436.0625,138744.703125,138884.078125,138671.65625,138832.5,138900.984375,110151.0078125,-0.63232421875,0.21728515625,-0.476806640625,-0.12195122241973877,2.5304877758026123,0.21341463923454285,20.0,10177.0,890831.34785075
138379.203125,138401.28125,138709.46875,138848.953125,138636.609375,138797.265625,138863.78125,110097.453125,-0.6328125,0.215087890625,-0.479248046875,-0.15243902802467346,2.5304877758026123,0.18292683362960815,20.0,10178.0,890831.347964708
138417.828125,138440.171875,138748.546875,138888.015625,138675.5,138835.796875,138913.3125,110229.7734375,-0.6318359375,0.216552734375,-0.4794921875,-0.09146341681480408,2.4695122241973877,0.21341463923454285,20.0,10179.0,890831.349031875
138435.078125,138457.25,138766.15625,138905.1875,138692.9375,138853.421875,138928.875,110228.1640625,-0.629638671875,0.215576171875,-0.479736328125,-0.060975611209869385,2.591463327407837,0.15243902802467346,20.0,10180.0,890831.349137333
138396.015625,138417.640625,138726.28125,138865.3125,138653.5,138814.078125,138882.75,110126.421875,-0.629638671875,0.21240234375,-0.479248046875,-0.09146341681480408,2.5,0.09146341681480408,20.0,10181.0,890831.349242666
138350.953125,138372.9375,138680.859375,138820.0625,138608.078125,138769.203125,138835.265625,110057.21875,-0.630859375,0.214111328125,-0.476806640625,-0.060975611209869385,2.591463327407837,0.030487805604934692,20.0,10182.0,890831.354648541
138384.65625,138406.734375,138715.109375,138854.484375,138641.96875,138802.640625,138877.375,110174.25,-0.632568359375,0.213623046875,-0.479736328125,-0.12195122241973877,2.4390244483947754,0.060975611209869385,20.0,10183.0,890831.383642583
138409.515625,138430.96875,138739.78125,138879.171875,138666.734375,138827.40625,138903.3125,110211.265625,-0.63134765625,0.214111328125,-0.47802734375,-0.030487805604934692,2.408536672592163,0.09146341681480408,20.0,10184.0,890831.383791291
138379.5625,138401.28125,138709.734375,138848.765625,138637.046875,138797.265625,138866.65625,110118.28125,-0.63134765625,0.215087890625,-0.47705078125,-0.09146341681480408,2.378048896789551,0.12195122241973877,20.0,10185.0,890831.383888583
138320.28125,138342.015625,138650.546875,138789.578125,138577.78125,138738.265625,138804.6875,110031.9140625,-0.6298828125,0.216552734375,-0.47705078125,-0.15243902802467346,2.5304877758026123,0.09146341681480408,20.0,10186.0,890831.387159708
138341.03125,138362.578125,138671.46875,138810.6875,138598.15625,138759.0,138832.578125,110121.7734375,-0.630126953125,0.21728515625,-0.47998046875,-0.18292683362960815,2.408536672592163,0.060975611209869385,20.0,10187.0,890831.387299375
138371.953125,138393.59375,138702.765625,138841.96875,138629.0,138789.9375,138867.71875,110192.3125,-0.63037109375,0.21484375,-0.478515625,-0.12195122241973877,2.4390244483947754,0.21341463923454285,20.0,10188.0,890831.38988
138355.421875,138376.96875,138685.515625,138824.71875,138612.640625,138773.21875,138842.78125,110100.4921875,-0.629638671875,0.21533203125,-0.48193359375,-0.15243902802467346,2.5,0.21341463923454285,20.0,10189.0,890831.391867875
138295.25,138316.96875,138625.15625,138764.28125,138552.5625,138713.140625,138778.40625,110004.9140625,-0.63037109375,0.21533203125,-0.47998046875,-0.12195122241973877,2.4695122241973877,0.12195122241973877,20.0,10190.0,890831.391996458
138308.390625,138330.296875,138638.484375,138777.6875,138565.890625,138726.453125,138796.28125,110058.2890625,-0.632080078125,0.216064453125,-0.4775390625,-0.15243902802467346,2.4390244483947754,0.18292683362960815,20.0,10191.0,890831.3930325
138343.171875,138365.171875,138673.703125,138812.921875,138600.84375,138761.328125,138839.203125,110161.828125,-0.629150390625,0.217529296875,-0.47705078125,-0.15243902802467346,2.5,0.12195122241973877,20.0,10192.0,890831.394267875
138336.640625,138358.28125,138666.5625,138805.859375,138593.6875,138754.53125,138824.53125,110090.8359375,-0.630615234375,0.217041015625,-0.476806640625,-0.18292683362960815,2.4695122241973877,0.09146341681480408,20.0,10193.0,890831.45571425
138270.03125,138291.5,138599.6875,138738.703125,138527.265625,138688.109375,138754.796875,109993.9140625,-0.629638671875,0.2158203125,-0.47705078125,-0.18292683362960815,2.408536672592163,0.12195122241973877,20.0,10194.0,890831.455861083
138266.453125,138288.1875,138596.28125,138735.484375,138523.59375,138684.171875,138752.75,110003.9296875,-0.62939453125,0.216064453125,-0.47900390625,-0.12195122241973877,2.378048896789551,0.15243902802467346,20.0,10195.0,890831.455960375
138304.453125,138326.546875,138635.265625,138774.734375,138562.21875,138722.796875,138801.03125,110130.890625,-0.630615234375,0.21728515625,-0.4765625,-0.18292683362960815,2.4695122241973877,0.18292683362960815,20.0,10196.0,890831.456058708
138308.578125,138330.296875,138638.578125,138777.875,138565.96875,138726.375,138798.4375,110078.140625,-0.630126953125,0.216796875,-0.4755859375,-0.15243902802467346,2.4695122241973877,0.15243902802467346,20.0,10197.0,890831.456163958
138247.0625,138268.78125,138576.4375,138715.90625,138504.46875,138664.328125,138733.078125,109985.9609375,-0.629638671875,0.21435546875,-0.47802734375,-0.15243902802467346,2.4695122241973877,0.060975611209869385,20.0,10198.0,890831.456268333
138218.625,138240.4375,138548.453125,138687.75,138476.03125,138636.0625,138705.8125,109965.6640625,-0.633056640625,0.212158203125,-0.4765625,-0.24390244483947754,2.5304877758026123,0.09146341681480408,20.0,10199.0,890831.456752166
138256.265625,138278.171875,138587.078125,138725.75,138513.578125,138674.15625,138753.640625,110095.125,-0.63232421875,0.2119140625,-0.48046875,-0.15243902802467346,2.5304877758026123,0.15243902802467346,20.0,10200.0,890831.458015625
138270.84375,138292.203125,138601.109375,138740.140625,138527.96875,138688.8125,138763.46875,110064.4609375,-0.630859375,0.21435546875,-0.478759765625,-0.15243902802467346,2.4390244483947754,0.21341463923454285,20.0,10201.0,890831.459182708
138231.40625,138252.609375,138561.0625,138700.0,138488.1875,138649.03125,138718.40625,109959.2265625,-0.6298828125,0.216064453125,-0.47900390625,-0.24390244483947754,2.4390244483947754,0.15243902802467346,20.0,10202.0,890831.460566958
138196.640625,138218.09375,138526.640625,138665.578125,138453.5,138614.4375,138681.671875,109917.03125,-0.632080078125,0.2158203125,-0.47998046875,-0.12195122241973877,2.5,0.12195122241973877,20.0,10203.0,890831.461762291
138232.578125,138254.484375,138563.5625,138702.5,138489.984375,138650.640625,138727.265625,110043.5390625,-0.6318359375,0.216796875,-0.478759765625,-0.030487805604934692,2.408536672592163,0.12195122241973877,20.0,10204.0,890831.464255541
138252.6875,138274.6875,138583.140625,138722.53125,138510.0,138670.40625,138745.953125,110050.515625,-0.63330078125,0.217529296875,-0.475830078125,-0.09146341681480408,2.5,0.15243902802467346,20.0,10205.0,890831.465532
138217.203125,138238.921875,138547.203125,138686.578125,138474.6875,138634.546875,138703.390625,109950.9140625,-0.62890625,0.217041015625,-0.47509765625,-0.12195122241973877,2.4390244483947754,0.12195122241973877,20.0,10206.0,890831.466745791
138169.90625,138191.8125,138499.546875,138638.75,138427.03125,138587.4375,138653.0625,109874.5625,-0.630859375,0.215087890625,-0.478271484375,-0.12195122241973877,2.5304877758026123,0.15243902802467346,20.0,10207.0,890831.467974875
138202.09375,138223.71875,138532.265625,138671.390625,138459.3125,138619.703125,138693.828125,109986.765625,-0.6318359375,0.21533203125,-0.47607421875,-0.12195122241973877,2.4695122241973877,0.18292683362960815,20.0,10208.0,890831.511140375
138229.453125,138251.265625,138559.890625,138699.09375,138486.671875,138646.796875,138723.59375,110035.8515625,-0.631103515625,0.214599609375,-0.478515625,-0.09146341681480408,2.5,0.15243902802467346,20.0,10209.0,890831.511254625
138204.234375,138226.3125,138533.96875,138673.078125,138461.28125,138621.40625,138691.5,109942.0625,-0.629638671875,0.214599609375,-0.4755859375,-0.09146341681480408,2.5609755516052246,0.15243902802467346,20.0,10210.0,890831.511360708
138145.578125,138167.390625,138474.6875,138613.984375,138402.09375,138562.578125,138628.296875,109847.734375,-0.630859375,0.215087890625,-0.476806640625,-0.09146341681480408,2.2865853309631348,0.09146341681480408,20.0,10211.0,890831.511465875
138168.03125,138189.65625,138497.671875,138636.875,138424.625,138585.203125,138656.8125,109928.828125,-0.63037109375,0.21533203125,-0.47802734375,-0.12195122241973877,2.4390244483947754,0.09146341681480408,20.0,10212.0,890831.511570125
138201.1875,138222.828125,138531.46875,138670.40625,138457.96875,138618.359375,138696.0625,110012.6953125,-0.630615234375,0.215576171875,-0.479248046875,-0.15243902802467346,2.5,0.060975611209869385,20.0,10213.0,890831.511676
138185.09375,138206.921875,138515.09375,138654.21875,138442.140625,138602.546875,138672.375,109935.625,-0.63232421875,0.21337890625,-0.4794921875,-0.09146341681480408,2.4695122241973877,0.15243902802467346,20.0,10214.0,890831.511801208
138117.59375,138139.234375,138446.96875,138585.90625,138374.828125,138534.859375,138600.75,109835.21875,-0.63232421875,0.21337890625,-0.478515625,-0.060975611209869385,2.5304877758026123,0.21341463923454285,20.0,10215.0,890831.511919833
138126.71875,138148.4375,138456.359375,138595.65625,138383.5,138543.984375,138614.25,109874.5625,-0.631591796875,0.213623046875,-0.477294921875,-0.12195122241973877,2.4390244483947754,0.12195122241973877,20.0,10216.0,890831.512025125
138162.921875,138184.65625,138493.203125,138632.84375,138419.609375,138580.453125,138659.40625,109987.2109375,-0.629150390625,0.21435546875,-0.478271484375,-0.15243902802467346,2.5609755516052246,0.060975611209869385,20.0,10217.0,890831.512129208
138160.25,138182.15625,138490.421875,138629.8125,138417.296875,138577.953125,138649.84375,109916.578125,-0.62890625,0.2138671875,-0.478759765625,-0.12195122241973877,2.408536672592163,0.030487805604934692,20.0,10218.0,890831.514345291
138095.96875,138117.859375,138425.421875,138564.90625,138352.921875,138512.859375,138580.1875,109819.9296875,-0.630615234375,0.214599609375,-0.4794921875,-0.12195122241973877,2.378048896789551,0.060975611209869385,20.0,10219.0,890831.514450375
138088.265625,138110.171875,138417.921875,138557.5625,138345.5,138505.09375,138574.203125,109821.71875,-0.6298828125,0.21630859375,-0.482666015625,-0.060975611209869385,2.3475608825683594,0.060975611209869385,20.0,10220.0,890831.516725708
138128.0625,138150.046875,138458.234375,138597.625,138385.28125,138545.59375,138624.453125,109951.71875,-0.629150390625,0.215087890625,-0.482421875,-0.09146341681480408,2.408536672592163,0.09146341681480408,20.0,10221.0,890831.516835458
138135.5625,138157.65625,138465.390625,138604.78125,138392.875,138553.1875,138625.34375,109902.2734375,-0.62890625,0.213623046875,-0.480712890625,-0.060975611209869385,2.408536672592163,0.18292683362960815,20.0,10222.0,890831.518097166
138081.203125,138102.84375,138410.140625,138549.609375,138338.171875,138498.296875,138564.546875,109804.1953125,-0.630615234375,0.215576171875,-0.48046875,-0.12195122241973877,2.408536672592163,0.18292683362960815,20.0,10223.0,890831.519218166
138058.234375,138079.78125,138387.078125,138526.546875,138314.921875,138475.046875,138540.84375,109771.7421875,-0.63037109375,0.21533203125,-0.478759765625,-0.030487805604934692,2.408536672592163,0.15243902802467346,20.0,10224.0,890831.520674583
138098.203125,138119.75,138427.75,138567.5,138354.890625,138515.375,138592.078125,109906.5703125,-0.6298828125,0.216064453125,-0.4775390625,-0.060975611209869385,2.317073106765747,0.15243902802467346,20.0,10225.0,890831.521899916
138112.859375,138134.140625,138442.765625,138581.703125,138369.71875,138529.9375,138603.4375,109893.875,-0.631103515625,0.215576171875,-0.479248046875,-0.15243902802467346,2.3475608825683594,0.030487805604934692,20.0,10226.0,890831.525570416
138064.21875,138085.953125,138393.78125,138532.53125,138321.171875,138481.390625,138548.71875,109799.4609375,-0.630615234375,0.215576171875,-0.479736328125,-0.12195122241973877,2.378048896789551,0.09146341681480408,20.0,10227.0,890831.555318958
138024.796875,138046.609375,138354.4375,138493.46875,138282.109375,138442.328125,138507.765625,109734.640625,-0.632080078125,0.215576171875,-0.4794921875,0.0,2.5304877758026123,0.18292683362960815,20.0,10228.0,890831.555446958
138061.265625,138082.546875,138391.625,138530.484375,138318.234375,138478.171875,138554.0,109860.4296875,-0.632080078125,0.21484375,-0.47802734375,-0.030487805604934692,2.4695122241973877,0.15243902802467346,20.0,10229.0,890831.555546833
138083.71875,138105.078125,138413.890625,138552.828125,138340.40625,138500.625,138576.875,109881.53125,-0.631591796875,0.214599609375,-0.478759765625,-0.12195122241973877,2.5,0.12195122241973877,20.0,10230.0,890831.555652958
138048.484375,138070.21875,138378.125,138517.15625,138305.359375,138465.65625,138535.390625,109785.421875,-0.633056640625,0.21484375,-0.47705078125,-0.060975611209869385,2.5304877758026123,0.18292683362960815,20.0,10231.0,890831.558085
137993.234375,138014.78125,138322.703125,138461.8125,138250.1875,138410.3125,138475.9375,109704.7734375,-0.63134765625,0.214111328125,-0.477294921875,-0.030487805604934692,2.378048896789551,0.18292683362960815,20.0,10232.0,890831.558190958
138020.40625,138042.234375,138350.859375,138489.703125,138277.640625,138437.765625,138512.0625,109806.609375,-0.6318359375,0.214111328125,-0.478271484375,-0.09146341681480408,2.4390244483947754,0.24390244483947754,20.0,10233.0,890831.560534416
138048.21875,138070.390625,138379.109375,138517.78125,138305.4375,138465.84375,138543.625,109865.171875,-0.63330078125,0.214599609375,-0.479736328125,-0.030487805604934692,2.4390244483947754,0.12195122241973877,20.0,10234.0,890831.560648208
138026.140625,138048.125,138355.875,138494.890625,138282.90625,138443.21875,138513.21875,109768.8828125,-0.632080078125,0.216552734375,-0.480224609375,-0.09146341681480408,2.4695122241973877,0.09146341681480408,20.0,10235.0,890831.561772333
137968.015625,137989.75,138297.390625,138436.328125,138224.625,138385.015625,138451.265625,109674.734375,-0.629638671875,0.21435546875,-0.48193359375,-0.09146341681480408,2.5304877758026123,0.12195122241973877,20.0,10236.0,890831.563034541
137988.578125,138010.21875,138318.234375,138457.34375,138245.359375,138405.84375,138476.5625,109744.5625,-0.631591796875,0.214599609375,-0.47998046875,-0.09146341681480408,2.4390244483947754,0.09146341681480408,20.0,10237.0,890831.56425525
138021.84375,138043.390625,138351.84375,138491.234375,138278.703125,138439.015625,138516.796875,109836.828125,-0.631591796875,0.21533203125,-0.47802734375,-0.09146341681480408,2.4390244483947754,0.060975611209869385,20.0,10238.0,890831.599655375
138009.234375,138030.96875,138338.796875,138478.171875,138266.1875,138426.40625,138495.96875,109761.1953125,-0.630859375,0.214111328125,-0.480224609375,0.030487805604934692,2.5,0.12195122241973877,20.0,10239.0,890831.599776208
137943.875,137965.96875,138273.53125,138412.734375,138200.75,138360.875,138426.671875,109660.875,-0.631591796875,0.215576171875,-0.48046875,-0.030487805604934692,2.5609755516052246,0.12195122241973877,20.0,10240.0,890831.603159208
137947.359375,137969.09375,138277.1875,138416.21875,138204.5,138364.546875,138434.09375,109692.4375,-0.63037109375,0.212890625,-0.481689453125,-0.12195122241973877,2.5609755516052246,0.15243902802467346,20.0,10241.0,890831.603275333
137982.953125,138004.671875,138313.046875,138452.421875,138240.078125,138400.03125,138478.625,109809.1171875,-0.63037109375,0.21533203125,-0.480224609375,-0.09146341681480408,2.5304877758026123,0.060975611209869385,20.0,10242.0,890831.605752083
137981.875,138004.046875,138312.0625,138451.4375,138239.109375,138399.140625,138470.484375,109744.296875,-0.62890625,0.213623046875,-0.48095703125,-0.09146341681480408,2.5304877758026123,0.15243902802467346,20.0,10243.0,890831.605863291
137922.78125,137944.78125,138252.609375,138391.8125,138179.921875,138340.21875,138406.203125,109641.921875,-0.629638671875,0.213623046875,-0.478515625,-0.09146341681480408,2.5609755516052246,0.15243902802467346,20.0,10244.0,890831.605970666
137913.390625,137935.125,138242.765625,138382.0625,138170.171875,138330.5625,138397.625,109637.9921875,-0.630126953125,0.213623046875,-0.473876953125,-0.09146341681480408,2.4695122241973877,0.24390244483947754,20.0,10245.0,890831.610797916
137953.265625,137975.0,138283.359375,138422.46875,138210.3125,138370.625,138447.875,109770.84375,-0.6298828125,0.2158203125,-0.478271484375,-0.09146341681480408,2.408536672592163,0.12195122241973877,20.0,10246.0,890831.610904416
137962.828125,137984.296875,138292.75,138431.421875,138219.96875,138380.28125,138452.421875,109733.7421875,-0.6279296875,0.21630859375,-0.477783203125,-0.09146341681480408,2.4695122241973877,0.15243902802467346,20.0,10247.0,890831.611010083
137906.15625,137927.515625,138235.34375,138374.203125,138163.203125,138323.140625,138390.640625,109637.2734375,-0.630615234375,0.21533203125,-0.475341796875,-0.030487805604934692,2.4390244483947754,0.18292683362960815,20.0,10248.0,890831.615623541
137879.5,137901.234375,138208.34375,138347.734375,138136.28125,138296.328125,138362.65625,109588.9921875,-0.63037109375,0.216552734375,-0.4755859375,-0.15243902802467346,2.4695122241973877,0.12195122241973877,20.0,10249.0,890831.61573775
137919.296875,137941.28125,138248.9375,138388.40625,138176.34375,138336.28125,138413.09375,109724.625,-0.631591796875,0.2158203125,-0.481201171875,-0.18292683362960815,2.4390244483947754,0.18292683362960815,20.0,10250.0,890831.646779875
137935.46875,137957.296875,138265.390625,138404.5,138192.4375,138352.46875,138426.765625,109720.0625,-0.630126953125,0.215576171875,-0.47802734375,-0.060975611209869385,2.408536672592163,0.09146341681480408,20.0,10251.0,890831.647999125
137889.34375,137911.515625,138218.984375,138358.109375,138146.390625,138306.421875,138375.171875,109629.140625,-0.62939453125,0.21484375,-0.478271484375,-0.09146341681480408,2.317073106765747,0.15243902802467346,20.0,10252.0,890831.650211625
137842.046875,137864.125,138171.6875,138310.890625,138099.453125,138259.046875,138325.375,109555.8203125,-0.6318359375,0.217041015625,-0.47802734375,-0.12195122241973877,2.408536672592163,0.09146341681480408,20.0,10253.0,890831.650324958
137876.375,137898.015625,138206.015625,138345.3125,138133.328125,138293.015625,138369.09375,109675.359375,-0.630859375,0.216552734375,-0.480712890625,-0.15243902802467346,2.408536672592163,0.15243902802467346,20.0,10254.0,890831.653936416
137899.359375,137921.078125,138229.265625,138368.109375,138156.578125,138316.34375,138393.328125,109705.8515625,-0.6298828125,0.216552734375,-0.4775390625,-0.09146341681480408,2.5,0.15243902802467346,20.0,10255.0,890831.654080583
137869.40625,137891.3125,138199.234375,138338.078125,138126.984375,138286.9375,138356.5,109609.6484375,-0.6298828125,0.215576171875,-0.479736328125,-0.12195122241973877,2.621951103210449,0.060975611209869385,20.0,10256.0,890831.654188291
137811.828125,137834.09375,138141.296875,138280.5,138069.5,138229.265625,138295.515625,109525.6953125,-0.631591796875,0.21533203125,-0.478515625,-0.09146341681480408,2.591463327407837,0.15243902802467346,20.0,10257.0,890831.654294166
137837.125,137859.03125,138167.125,138305.703125,138094.4375,138254.296875,138327.890625,109618.5,-0.631591796875,0.21533203125,-0.47705078125,-0.09146341681480408,2.4695122241973877,0.12195122241973877,20.0,10258.0,890831.663591375
137867.96875,137889.96875,138198.421875,138337.09375,138125.109375,138285.234375,138363.015625,109687.0703125,-0.630126953125,0.21630859375,-0.47802734375,-0.09146341681480408,2.5304877758026123,0.12195122241973877,20.0,10259.0,890831.663703666
137849.28125,137871.28125,138178.65625,138318.046875,138106.421875,138266.28125,138335.03125,109595.875,-0.63330078125,0.215576171875,-0.477783203125,-0.030487805604934692,2.4695122241973877,0.060975611209869385,20.0,10260.0,890831.668256333
137789.46875,137811.296875,138118.21875,138257.25,138046.34375,138206.46875,138271.5625,109502.4453125,-0.62939453125,0.21435546875,-0.480712890625,-0.030487805604934692,2.378048896789551,0.09146341681480408,20.0,10261.0,890831.698473375
137803.25,137825.234375,138132.703125,138271.828125,138060.5625,138220.859375,138291.21875,109562.7109375,-0.63037109375,0.21435546875,-0.478271484375,-0.12195122241973877,2.4390244483947754,0.12195122241973877,20.0,10262.0,890831.698570958
137837.3125,137859.390625,138166.859375,138306.609375,138094.703125,138254.5625,138332.53125,109661.7734375,-0.630615234375,0.215576171875,-0.47998046875,-0.060975611209869385,2.4390244483947754,0.15243902802467346,20.0,10263.0,890831.69961775
137829.078125,137851.078125,138158.546875,138297.65625,138086.21875,138246.078125,138316.4375,109585.4140625,-0.6298828125,0.215087890625,-0.478515625,-0.060975611209869385,2.5,0.15243902802467346,20.0,10264.0,890831.69968475
137764.34375,137786.34375,138093.90625,138232.84375,138021.21875,138181.609375,138248.125,109484.296875,-0.63037109375,0.214599609375,-0.477294921875,-0.09146341681480408,2.5609755516052246,0.15243902802467346,20.0,10265.0,890831.699746375
137764.4375,137786.796875,138094.078125,138233.296875,138021.671875,138181.875,138250.015625,109503.0703125,-0.631103515625,0.21435546875,-0.47998046875,-0.12195122241973877,2.408536672592163,0.09146341681480408,20.0,10266.0,890831.69980725
137801.1875,137823.1875,138131.1875,138270.21875,138058.046875,138218.265625,138296.328125,109628.0625,-0.630615234375,0.214111328125,-0.478759765625,-0.030487805604934692,2.317073106765747,0.09146341681480408,20.0,10267.0,890831.703158375
137803.0625,137825.140625,138132.4375,138271.734375,138060.015625,138219.96875,138292.484375,109567.1796875,-0.629638671875,0.214111328125,-0.47802734375,-0.12195122241973877,2.408536672592163,0.09146341681480408,20.0,10268.0,890831.703229333
137746.109375,137768.015625,138075.3125,138214.34375,138002.796875,138162.921875,138230.875,109471.78125,-0.630615234375,0.215087890625,-0.477294921875,-0.15243902802467346,2.4390244483947754,0.09146341681480408,20.0,10269.0,890831.706338083
137726.171875,137748.265625,138055.375,138194.578125,137983.21875,138143.078125,138210.40625,109454.703125,-0.628173828125,0.215576171875,-0.47705078125,-0.15243902802467346,2.3475608825683594,0.060975611209869385,20.0,10270.0,890831.706425791
137765.0625,137787.421875,138094.984375,138234.1875,138022.109375,138181.875,138260.296875,109587.7421875,-0.628662109375,0.215576171875,-0.47900390625,-0.12195122241973877,2.408536672592163,0.18292683362960815,20.0,10271.0,890831.708292791
137777.9375,137799.84375,138107.5,138246.4375,138034.890625,138194.671875,138268.15625,109559.578125,-0.630859375,0.214599609375,-0.47802734375,-0.12195122241973877,2.378048896789551,0.12195122241973877,20.0,10272.0,890831.710230375
137728.234375,137750.3125,138057.609375,138196.90625,137985.28125,138145.140625,138211.46875,109456.40625,-0.63134765625,0.215576171875,-0.48095703125,-0.12195122241973877,2.5,0.15243902802467346,20.0,10273.0,890831.7576275
137698.8125,137721.078125,138028.1875,138167.84375,137955.859375,138115.71875,138181.078125,109406.515625,-0.63037109375,0.21533203125,-0.482666015625,-0.12195122241973877,2.4390244483947754,0.12195122241973877,20.0,10274.0,890831.757781
137738.328125,137760.59375,138068.421875,138207.90625,137995.46875,138155.421875,138231.5,109540.625,-0.6318359375,0.213623046875,-0.47802734375,-0.09146341681480408,2.4695122241973877,0.12195122241973877,20.0,10275.0,890831.757885458
137757.90625,137780.265625,138088.265625,138227.03125,138015.234375,138175.265625,138249.828125,109545.6328125,-0.63037109375,0.21533203125,-0.47607421875,0.0,2.3475608825683594,0.15243902802467346,20.0,10276.0,890831.758029625
137715.984375,137737.796875,138045.171875,138184.203125,137973.03125,138132.703125,138201.90625,109448.890625,-0.63134765625,0.21484375,-0.476318359375,-0.060975611209869385,2.5,0.21341463923454285,20.0,10277.0,890831.758999208
137664.9375,137686.828125,137993.765625,138132.890625,137921.96875,138081.65625,138147.1875,109372.71875,-0.630859375,0.214599609375,-0.476806640625,-0.09146341681480408,2.3475608825683594,0.12195122241973877,20.0,10278.0,890831.760447708
137698.28125,137720.359375,138028.109375,138167.046875,137955.5,138115.28125,138189.84375,109485.640625,-0.631103515625,0.212646484375,-0.4736328125,-0.15243902802467346,2.5609755516052246,0.12195122241973877,20.0,10279.0,890831.762792208
137726.4375,137748.609375,138056.359375,138195.46875,137983.484375,138143.171875,138219.796875,109529.2734375,-0.629638671875,0.21484375,-0.476806640625,-0.18292683362960815,2.4695122241973877,0.09146341681480408,20.0,10280.0,890831.76291275
137697.390625,137719.921875,138026.84375,138166.328125,137954.515625,138114.296875,138184.109375,109436.46875,-0.629150390625,0.21533203125,-0.477783203125,-0.15243902802467346,2.4695122241973877,0.12195122241973877,20.0,10281.0,890831.767233583
137635.25,137657.6875,137964.71875,138103.828125,137892.65625,138052.328125,138118.9375,109348.578125,-0.630126953125,0.2138671875,-0.47802734375,-0.060975611209869385,2.4390244483947754,0.15243902802467346,20.0,10282.0,890831.767344125
137655.8125,137678.15625,137985.71875,138124.484375,137912.953125,138072.890625,138146.390625,109432.890625,-0.632568359375,0.212890625,-0.48046875,-0.09146341681480408,2.4695122241973877,0.09146341681480408,20.0,10283.0,890831.769039666
137688.09375,137709.90625,138017.734375,138156.84375,137945.046875,138104.71875,138183.3125,109510.4921875,-0.630126953125,0.2138671875,-0.47802734375,-0.12195122241973877,2.378048896789551,0.09146341681480408,20.0,10284.0,890831.769158208
137673.421875,137695.421875,138002.890625,138141.734375,137930.46875,138089.96875,138159.53125,109422.6953125,-0.631591796875,0.21484375,-0.479248046875,-0.15243902802467346,2.4390244483947754,0.060975611209869385,20.0,10285.0,890831.771288708
137611.640625,137633.8125,137940.75,138079.78125,137868.953125,138028.453125,138092.75,109322.2890625,-0.630859375,0.216064453125,-0.477294921875,-0.09146341681480408,2.4695122241973877,0.12195122241973877,20.0,10286.0,890831.771424708
137624.078125,137645.96875,137953.265625,138092.828125,137881.03125,138040.703125,138110.171875,109373.1640625,-0.63232421875,0.215576171875,-0.4794921875,-0.060975611209869385,2.5,0.12195122241973877,20.0,10287.0,890831.772999708
137660.015625,137682.1875,137990.1875,138129.484375,137917.5,138077.359375,138155.328125,109483.1328125,-0.6318359375,0.214111328125,-0.47802734375,-0.09146341681480408,2.4390244483947754,0.12195122241973877,20.0,10288.0,890831.782570208
137658.5,137680.75,137988.5,138127.34375,137915.71875,138075.75,138146.65625,109409.109375,-0.630615234375,0.213623046875,-0.478515625,0.0,2.4695122241973877,0.12195122241973877,20.0,10289.0,890831.811168958
137596.359375,137618.53125,137925.8125,138065.03125,137853.578125,138013.34375,138080.5,109312.640625,-0.630126953125,0.215087890625,-0.47705078125,-0.18292683362960815,2.4390244483947754,0.18292683362960815,20.0,10290.0,890831.811290208
137590.640625,137612.71875,137920.1875,138059.390625,137847.953125,138007.984375,138075.9375,109323.1875,-0.630615234375,0.21533203125,-0.47900390625,-0.09146341681480408,2.5,0.21341463923454285,20.0,10291.0,890831.811402041
137630.515625,137652.40625,137960.515625,138099.71875,137887.734375,138047.59375,138125.5625,109451.21875,-0.631103515625,0.21337890625,-0.47900390625,-0.09146341681480408,2.5,0.12195122241973877,20.0,10292.0,890831.811509458
137636.140625,137658.21875,137965.78125,138104.8125,137893.28125,138053.046875,138125.5625,109396.234375,-0.631591796875,0.214599609375,-0.47802734375,-0.12195122241973877,2.408536672592163,0.09146341681480408,20.0,10293.0,890831.811616583
137577.765625,137599.9375,137907.140625,138046.4375,137834.796875,137994.75,138063.953125,109304.6796875,-0.63134765625,0.216064453125,-0.47705078125,-0.030487805604934692,2.317073106765747,0.18292683362960815,20.0,10294.0,890831.815218083
137551.65625,137573.921875,137881.203125,138020.328125,137808.875,137968.46875,138036.78125,109282.0625,-0.631103515625,0.21630859375,-0.478515625,-0.060975611209869385,2.408536672592163,0.09146341681480408,20.0,10295.0,890831.815329166
137586.703125,137609.046875,137916.875,138056.09375,137844.28125,138003.78125,138082.1875,109413.484375,-0.630615234375,0.215576171875,-0.4775390625,-0.09146341681480408,2.408536672592163,0.18292683362960815,20.0,10296.0,890831.815438125
137600.734375,137623.09375,137930.734375,138069.765625,137858.671875,138017.90625,138092.65625,109390.2421875,-0.628662109375,0.21630859375,-0.479248046875,-0.15243902802467346,2.4695122241973877,0.18292683362960815,20.0,10297.0,890831.815543916
137556.921875,137578.828125,137886.21875,138025.421875,137814.421875,137973.75,138041.25,109289.125,-0.629638671875,0.215087890625,-0.478271484375,-0.09146341681480408,2.378048896789551,0.15243902802467346,20.0,10298.0,890831.815647041
137522.140625,137543.96875,137850.984375,137990.28125,137779.109375,137938.78125,138004.046875,109232.9765625,-0.629638671875,0.215576171875,-0.47900390625,-0.12195122241973877,2.378048896789551,0.030487805604934692,20.0,10299.0,890831.81714825
137558.796875,137580.703125,137888.265625,138027.828125,137815.9375,137975.53125,138051.609375,109360.828125,-0.6318359375,0.2158203125,-0.47900390625,-0.15243902802467346,2.408536672592163,0.09146341681480408,20.0,10300.0,890831.8172555
137578.03125,137600.296875,137907.9375,138047.40625,137835.421875,137995.015625,138071.109375,109375.4921875,-0.631591796875,0.21435546875,-0.478515625,-0.18292683362960815,2.5,0.18292683362960815,20.0,10301.0,890831.846151125
137544.234375,137566.40625,137873.515625,138012.8125,137801.28125,137960.953125,138029.984375,109278.5703125,-0.630615234375,0.215087890625,-0.478271484375,-0.12195122241973877,2.4695122241973877,0.21341463923454285,20.0,10302.0,890831.847009208
137491.125,137513.203125,137820.046875,137959.53125,137747.71875,137907.84375,137974.453125,109211.0703125,-0.632080078125,0.216796875,-0.476806640625,-0.09146341681480408,2.5304877758026123,0.09146341681480408,20.0,10303.0,890831.847138791
137515.984375,137538.15625,137845.4375,137985.28125,137772.9375,137933.15625,138008.609375,109314.875,-0.6328125,0.217041015625,-0.47705078125,-0.15243902802467346,2.5,0.12195122241973877,20.0,10304.0,890831.8498105
137543.34375,137565.15625,137872.984375,138012.453125,137800.46875,137960.0625,138038.46875,109366.1953125,-0.63037109375,0.216064453125,-0.478271484375,-0.030487805604934692,2.5304877758026123,0.18292683362960815,20.0,10305.0,890831.851739
137524.828125,137546.640625,137854.109375,137993.5,137782.140625,137941.640625,138010.484375,109263.640625,-0.63134765625,0.215576171875,-0.479248046875,-0.030487805604934692,2.5304877758026123,0.27439025044441223,20.0,10306.0,890831.854424791
137471.8125,137493.359375,137800.5625,137939.859375,137728.859375,137888.53125,137952.015625,109171.1953125,-0.632080078125,0.21630859375,-0.479736328125,-0.030487805604934692,2.5,0.15243902802467346,20.0,10307.0,890831.854556666
137496.578125,137518.296875,137825.78125,137965.0625,137753.71875,137913.21875,137983.21875,109250.3203125,-0.630859375,0.21533203125,-0.476806640625,-0.09146341681480408,2.5304877758026123,0.060975611209869385,20.0,10308.0,890831.855512583
137530.546875,137552.28125,137860.203125,137999.40625,137787.59375,137947.1875,138023.90625,109340.171875,-0.631591796875,0.21435546875,-0.476318359375,-0.15243902802467346,2.5304877758026123,0.030487805604934692,20.0,10309.0,890831.886901833
137515.796875,137537.796875,137845.171875,137984.109375,137772.578125,137932.53125,138001.8125,109263.90625,-0.63134765625,0.21337890625,-0.47802734375,-0.15243902802467346,2.4390244483947754,0.12195122241973877,20.0,10310.0,890831.887048875
137447.046875,137469.390625,137776.515625,137915.265625,137704.0,137864.046875,137930.734375,109166.6328125,-0.631103515625,0.21533203125,-0.474853515625,-0.15243902802467346,2.5304877758026123,0.060975611209869385,20.0,10311.0,890831.88715025
137449.28125,137471.359375,137778.921875,137917.78125,137706.328125,137865.921875,137937.078125,109202.0390625,-0.63134765625,0.2138671875,-0.479248046875,-0.18292683362960815,2.5,0.12195122241973877,20.0,10312.0,890831.887260041
137486.921875,137508.828125,137816.921875,137955.6875,137744.0625,137903.375,137982.859375,109316.2109375,-0.633056640625,0.21484375,-0.477294921875,-0.09146341681480408,2.5,0.12195122241973877,20.0,10313.0,890831.88736525
137486.203125,137508.015625,137815.578125,137954.703125,137743.4375,137902.9375,137974.8125,109243.8828125,-0.6328125,0.21484375,-0.476806640625,0.0,2.4390244483947754,0.12195122241973877,20.0,10314.0,890831.889236583
137426.21875,137448.296875,137755.234375,137894.4375,137683.078125,137842.765625,137909.8125,109147.4140625,-0.63330078125,0.215087890625,-0.478515625,0.0,2.408536672592163,0.12195122241973877,20.0,10315.0,890831.8893435
137415.84375,137437.75,137744.859375,137884.0625,137672.34375,137832.125,137900.421875,109147.4140625,-0.634033203125,0.216064453125,-0.477294921875,-0.030487805604934692,2.317073106765747,0.12195122241973877,20.0,10316.0,890831.890499416
137455.546875,137477.625,137785.453125,137924.390625,137712.671875,137872.09375,137950.859375,109278.390625,-0.632568359375,0.21484375,-0.48095703125,-0.12195122241973877,2.4390244483947754,0.12195122241973877,20.0,10317.0,890831.891841583
137463.859375,137486.03125,137793.5,137932.53125,137721.25,137880.84375,137953.453125,109232.8828125,-0.6298828125,0.214111328125,-0.48095703125,-0.09146341681480408,2.378048896789551,0.15243902802467346,20.0,10318.0,890831.893042416
137409.40625,137431.3125,137738.6875,137877.71875,137666.265625,137826.046875,137895.328125,109141.0625,-0.63134765625,0.215576171875,-0.478759765625,-0.030487805604934692,2.4695122241973877,0.15243902802467346,20.0,10319.0,890831.894342375
137378.203125,137400.109375,137707.671875,137846.421875,137634.984375,137794.84375,137862.96875,109106.109375,-0.630859375,0.2158203125,-0.478515625,-0.09146341681480408,2.4390244483947754,0.24390244483947754,20.0,10320.0,890831.93011525
137415.3125,137437.21875,137745.484375,137884.25,137672.0,137831.9375,137910.171875,109235.8359375,-0.634765625,0.21630859375,-0.478515625,-0.060975611209869385,2.4390244483947754,0.21341463923454285,20.0,10321.0,890831.930254375
137431.9375,137453.65625,137761.578125,137900.515625,137688.4375,137848.21875,137923.234375,109222.6015625,-0.63232421875,0.21630859375,-0.4794921875,-0.15243902802467346,2.408536672592163,0.15243902802467346,20.0,10322.0,890831.930355416
137390.453125,137412.09375,137719.5625,137858.671875,137647.140625,137806.90625,137875.125,109119.609375,-0.6318359375,0.215087890625,-0.479248046875,-0.21341463923454285,2.408536672592163,0.21341463923454285,20.0,10323.0,890831.933953958
137349.140625,137371.140625,137678.25,137817.640625,137606.09375,137765.875,137832.296875,109060.1484375,-0.632080078125,0.2158203125,-0.48046875,-0.12195122241973877,2.5304877758026123,0.060975611209869385,20.0,10324.0,890831.93406425
137384.90625,137406.71875,137714.46875,137853.578125,137641.59375,137801.546875,137877.265625,109182.1015625,-0.629638671875,0.2158203125,-0.479736328125,-0.09146341681480408,2.4695122241973877,0.09146341681480408,20.0,10325.0,890831.935821333
137407.703125,137429.609375,137737.4375,137876.640625,137664.65625,137824.4375,137900.78125,109207.4921875,-0.630126953125,0.21533203125,-0.478515625,-0.09146341681480408,2.4390244483947754,0.15243902802467346,20.0,10326.0,890831.939483666
137376.859375,137398.765625,137706.0625,137845.078125,137633.640625,137793.5,137863.0625,109109.59375,-0.62939453125,0.2158203125,-0.476806640625,-0.12195122241973877,2.408536672592163,0.09146341681480408,20.0,10327.0,890831.939588333
137321.78125,137343.609375,137650.453125,137789.828125,137578.390625,137738.515625,137804.140625,109032.1640625,-0.63037109375,0.214111328125,-0.480224609375,-0.060975611209869385,2.4390244483947754,0.12195122241973877,20.0,10328.0,890831.942737791
137347.71875,137369.625,137676.734375,137816.203125,137604.140625,137764.265625,137838.734375,109130.421875,-0.632568359375,0.21435546875,-0.478759765625,-0.09146341681480408,2.408536672592163,0.15243902802467346,20.0,10329.0,890831.942852458
137377.9375,137399.921875,137707.40625,137847.046875,137634.53125,137794.390625,137872.71875,109193.6328125,-0.630859375,0.21533203125,-0.4765625,-0.12195122241973877,2.378048896789551,0.15243902802467346,20.0,10330.0,890831.944408625
137359.515625,137381.59375,137688.890625,137828.28125,137616.46875,137776.15625,137846.421875,109098.4140625,-0.6298828125,0.215087890625,-0.47802734375,-0.060975611209869385,2.378048896789551,0.15243902802467346,20.0,10331.0,890831.944523416
137302.75,137325.0,137631.84375,137770.96875,137559.703125,137719.203125,137785.359375,108998.375,-0.6318359375,0.216064453125,-0.4775390625,-0.15243902802467346,2.378048896789551,0.09146341681480408,20.0,10332.0,890831.979972541
137321.609375,137343.6875,137650.890625,137789.828125,137578.296875,137738.0625,137808.421875,109065.9609375,-0.630126953125,0.21484375,-0.47705078125,-0.09146341681480408,2.5,0.09146341681480408,20.0,10333.0,890831.9800975
137357.546875,137379.8125,137687.28125,137826.40625,137614.328125,137774.1875,137851.609375,109164.3984375,-0.6318359375,0.21533203125,-0.47998046875,-0.12195122241973877,2.5304877758026123,0.09146341681480408,20.0,10334.0,890831.980196083
137344.40625,137366.125,137673.25,137812.625,137600.921875,137760.59375,137830.875,109093.5859375,-0.631591796875,0.21533203125,-0.4765625,-0.09146341681480408,2.4695122241973877,0.18292683362960815,20.0,10335.0,890831.98030525
137274.671875,137296.390625,137603.421875,137742.71875,137531.53125,137690.859375,137757.734375,108997.296875,-0.63037109375,0.21435546875,-0.4765625,-0.09146341681480408,2.378048896789551,0.15243902802467346,20.0,10336.0,890831.980412083
137274.40625,137296.484375,137603.515625,137742.796875,137531.359375,137690.6875,137760.78125,109019.6484375,-0.62939453125,0.215576171875,-0.47705078125,-0.09146341681480408,2.317073106765747,0.18292683362960815,20.0,10337.0,890831.9834575
137311.59375,137333.859375,137641.421875,137780.71875,137568.546875,137728.140625,137807.359375,109140.078125,-0.630859375,0.214111328125,-0.47802734375,-0.12195122241973877,2.4390244483947754,0.12195122241973877,20.0,10338.0,890831.983578666
137314.359375,137336.8125,137644.09375,137783.125,137571.59375,137730.640625,137802.96875,109077.765625,-0.63134765625,0.214111328125,-0.47705078125,-0.18292683362960815,2.4390244483947754,0.15243902802467346,20.0,10339.0,890831.985412791
137257.59375,137280.03125,137586.96875,137726.4375,137514.734375,137674.3125,137741.015625,108978.34375,-0.632080078125,0.215087890625,-0.474853515625,-0.09146341681480408,2.408536672592163,0.18292683362960815,20.0,10340.0,890831.985525125
137244.71875,137266.796875,137573.828125,137713.296875,137501.5,137661.171875,137728.234375,108967.9765625,-0.630126953125,0.21630859375,-0.477783203125,-0.12195122241973877,2.408536672592163,0.12195122241973877,20.0,10341.0,890831.986568375
137284.953125,137307.03125,137614.6875,137753.796875,137541.8125,137701.3125,137779.453125,109101.1875,-0.6318359375,0.215576171875,-0.478759765625,-0.060975611209869385,2.378048896789551,0.12195122241973877,20.0,10342.0,890832.0186295
137294.78125,137317.140625,137624.15625,137763.90625,137551.5625,137711.15625,137784.828125,109066.5859375,-0.632080078125,0.21435546875,-0.479248046875,-0.09146341681480408,2.4390244483947754,0.18292683362960815,20.0,10343.0,890832.055981166
137242.21875,137264.5625,137571.5,137711.0625,137499.265625,137658.9375,137727.78125,108974.0546875,-0.631591796875,0.212158203125,-0.477783203125,-0.030487805604934692,2.5,0.15243902802467346,20.0,10344.0,890832.056098666
137207.171875,137229.15625,137535.734375,137675.390625,137463.765625,137623.625,137690.328125,108928.7265625,-0.6298828125,0.21435546875,-0.476318359375,-0.060975611209869385,2.5,0.15243902802467346,20.0,10345.0,890832.056211041
137245.078125,137267.15625,137574.0,137713.921875,137501.578125,137661.71875,137739.140625,109060.1484375,-0.63134765625,0.2158203125,-0.47705078125,-0.09146341681480408,2.5304877758026123,0.12195122241973877,20.0,10346.0,890832.056316083
137263.671875,137285.578125,137592.78125,137732.4375,137520.359375,137680.125,137755.40625,109058.09375,-0.6318359375,0.216796875,-0.477294921875,-0.060975611209869385,2.4390244483947754,0.15243902802467346,20.0,10347.0,890832.057413875
137225.234375,137247.125,137554.25,137693.8125,137482.1875,137641.859375,137710.796875,108954.5625,-0.63037109375,0.215087890625,-0.479736328125,-0.09146341681480408,2.5609755516052246,0.24390244483947754,20.0,10348.0,890832.057521
137179.453125,137201.4375,137508.46875,137647.859375,137436.5,137596.265625,137662.515625,108891.796875,-0.628662109375,0.214111328125,-0.478515625,-0.12195122241973877,2.5304877758026123,0.09146341681480408,20.0,10349.0,890832.060606833
137213.609375,137235.515625,137543.25,137682.1875,137470.65625,137630.328125,137705.4375,109006.953125,-0.62939453125,0.2138671875,-0.47705078125,-0.21341463923454285,2.5,0.18292683362960815,20.0,10350.0,890832.060716958
137239.265625,137261.703125,137569.359375,137708.109375,137496.390625,137656.171875,137732.25,109043.25,-0.63134765625,0.2138671875,-0.47802734375,-0.18292683362960815,2.408536672592163,0.12195122241973877,20.0,10351.0,890832.062977291
137210.75,137233.09375,137540.390625,137679.5,137468.140625,137627.5625,137695.78125,108946.515625,-0.6298828125,0.2158203125,-0.4775390625,-0.12195122241973877,2.4390244483947754,0.09146341681480408,20.0,10352.0,890832.065169958
137157.546875,137179.265625,137486.203125,137625.765625,137414.59375,137573.921875,137638.375,108859.34375,-0.630615234375,0.21630859375,-0.47705078125,-0.12195122241973877,2.4390244483947754,0.15243902802467346,20.0,10353.0,890832.11252675
137184.8125,137206.546875,137513.921875,137653.3125,137441.6875,137601.0,137673.6875,108951.609375,-0.62939453125,0.21484375,-0.4775390625,-0.15243902802467346,2.4390244483947754,0.21341463923454285,20.0,10354.0,890832.112645541
137214.765625,137236.84375,137544.140625,137683.96875,137471.8125,137631.40625,137709.015625,109025.375,-0.62841796875,0.216552734375,-0.481201171875,-0.12195122241973877,2.5,0.24390244483947754,20.0,10355.0,890832.112745208
137197.59375,137219.6875,137526.625,137666.453125,137454.46875,137614.328125,137684.328125,108936.234375,-0.63037109375,0.21630859375,-0.48095703125,-0.12195122241973877,2.5,0.15243902802467346,20.0,10356.0,890832.11285175
137133.765625,137155.671875,137462.875,137602.171875,137390.546875,137550.21875,137617.8125,108849.8671875,-0.629638671875,0.21630859375,-0.48095703125,-0.12195122241973877,2.408536672592163,0.12195122241973877,20.0,10357.0,890832.112955791
137141.71875,137163.359375,137470.65625,137610.390625,137398.234375,137557.90625,137630.15625,108904.9375,-0.63037109375,0.216552734375,-0.479248046875,-0.24390244483947754,2.378048896789551,0.15243902802467346,20.0,10358.0,890832.113061083
137178.46875,137200.46875,137508.203125,137647.5,137435.609375,137595.015625,137674.40625,109006.8671875,-0.628662109375,0.21728515625,-0.47900390625,-0.15243902802467346,2.4695122241973877,0.18292683362960815,20.0,10359.0,890832.113215916
137174.796875,137196.609375,137504.0,137642.84375,137431.578125,137591.171875,137662.25,108926.84375,-0.630615234375,0.2158203125,-0.477294921875,-0.12195122241973877,2.4695122241973877,0.12195122241973877,20.0,10360.0,890832.113382333
137112.84375,137134.921875,137441.59375,137581.0625,137369.703125,137529.203125,137596.71875,108831.0,-0.631103515625,0.215576171875,-0.478271484375,-0.060975611209869385,2.408536672592163,0.18292683362960815,20.0,10361.0,890832.113506416
137108.90625,137130.640625,137437.296875,137576.859375,137365.5,137524.734375,137594.75,108845.9296875,-0.63134765625,0.21533203125,-0.478759765625,-0.09146341681480408,2.4695122241973877,0.15243902802467346,20.0,10362.0,890832.113617833
137148.515625,137170.15625,137477.625,137617.09375,137405.03125,137564.609375,137643.734375,108973.515625,-0.630859375,0.2138671875,-0.480712890625,-0.060975611209869385,2.5609755516052246,0.18292683362960815,20.0,10363.0,890832.113727083
137153.96875,137175.78125,137483.171875,137622.375,137410.75,137570.421875,137642.21875,108917.546875,-0.631591796875,0.21435546875,-0.479736328125,-0.09146341681480408,2.591463327407837,0.12195122241973877,20.0,10364.0,890832.113835708
137096.21875,137118.03125,137424.875,137564.265625,137352.90625,137512.765625,137578.5625,108815.984375,-0.62939453125,0.215087890625,-0.481201171875,-0.09146341681480408,2.378048896789551,0.12195122241973877,20.0,10365.0,890832.113942291
137080.484375,137102.734375,137409.578125,137548.515625,137337.515625,137497.296875,137562.734375,108791.9296875,-0.62841796875,0.213623046875,-0.482177734375,-0.18292683362960815,2.317073106765747,0.21341463923454285,20.0,10366.0,890832.114049083
137121.78125,137143.859375,137451.515625,137590.546875,137378.828125,137538.421875,137615.484375,108929.796875,-0.6298828125,0.214599609375,-0.479736328125,-0.15243902802467346,2.4695122241973877,0.24390244483947754,20.0,10367.0,890832.114153791
137133.671875,137155.578125,137462.953125,137602.34375,137390.71875,137550.40625,137623.171875,108906.7265625,-0.63134765625,0.214111328125,-0.478515625,0.0,2.5304877758026123,0.3353658616542816,20.0,10368.0,890832.117670958
137085.65625,137107.5625,137414.40625,137553.890625,137342.796875,137502.203125,137569.796875,108809.3671875,-0.631103515625,0.2138671875,-0.47802734375,0.0,2.591463327407837,0.27439025044441223,20.0,10369.0,890832.117777291
137050.53125,137072.875,137379.453125,137518.921875,137307.578125,137466.984375,137532.875,108754.6484375,-0.63134765625,0.215087890625,-0.478271484375,-0.060975611209869385,2.5304877758026123,0.18292683362960815,20.0,10370.0,890832.119542458
137087.8125,137109.984375,137417.546875,137556.65625,137345.03125,137504.265625,137580.171875,108882.5859375,-0.63134765625,0.21435546875,-0.4833984375,-0.12195122241973877,2.5,0.24390244483947754,20.0,10371.0,890832.11965375
137109.890625,137131.625,137439.359375,137578.203125,137366.9375,137525.984375,137601.265625,108894.9296875,-0.630615234375,0.2158203125,-0.482421875,-0.12195122241973877,2.591463327407837,0.12195122241973877,20.0,10372.0,890832.121507375
137069.65625,137090.9375,137398.234375,137537.53125,137326.34375,137485.484375,137554.78125,108798.90625,-0.6318359375,0.216552734375,-0.478515625,-0.15243902802467346,2.4695122241973877,0.21341463923454285,20.0,10373.0,890832.125143166
137020.125,137042.125,137348.703125,137488.359375,137277.171875,137436.671875,137501.21875,108720.765625,-0.630859375,0.214599609375,-0.478271484375,-0.12195122241973877,2.5,0.15243902802467346,20.0,10374.0,890832.125250625
137052.765625,137074.84375,137382.140625,137521.25,137309.984375,137469.390625,137542.890625,108832.8828125,-0.630615234375,0.21484375,-0.47998046875,-0.18292683362960815,2.5609755516052246,0.18292683362960815,20.0,10375.0,890832.126534666
137079.140625,137101.046875,137408.421875,137547.984375,137336.1875,137495.859375,137571.671875,108880.8046875,-0.630126953125,0.2158203125,-0.47900390625,-0.15243902802467346,2.6524391174316406,0.24390244483947754,20.0,10376.0,890832.158816583
137050.890625,137073.0625,137379.546875,137518.84375,137307.65625,137467.609375,137535.5625,108790.4140625,-0.62939453125,0.2158203125,-0.47607421875,-0.12195122241973877,2.5,0.12195122241973877,20.0,10377.0,890832.158957833
136990.890625,137012.890625,137319.375,137458.40625,137247.578125,137407.53125,137471.8125,108692.328125,-0.630615234375,0.21484375,-0.477783203125,-0.15243902802467346,2.5,0.21341463923454285,20.0,10378.0,890832.159069333
137014.765625,137036.21875,137343.328125,137483.25,137271.359375,137431.125,137502.75,108773.3359375,-0.63134765625,0.2158203125,-0.480712890625,-0.12195122241973877,2.378048896789551,0.18292683362960815,20.0,10379.0,890832.159176208
137046.40625,137068.3125,137375.25,137515.171875,137303.015625,137462.6875,137540.46875,108856.484375,-0.632080078125,0.214599609375,-0.48388671875,-0.09146341681480408,2.5,0.12195122241973877,20.0,10380.0,890832.159273833
137032.109375,137054.453125,137360.234375,137500.59375,137288.890625,137448.5625,137518.578125,108772.4375,-0.631591796875,0.215576171875,-0.480224609375,-0.060975611209869385,2.4390244483947754,0.15243902802467346,20.0,10381.0,890832.159377541
136969.609375,136991.96875,137297.734375,137437.296875,137226.203125,137385.71875,137452.140625,108677.671875,-0.6318359375,0.216064453125,-0.479248046875,-0.060975611209869385,2.5,0.15243902802467346,20.0,10382.0,890832.159481416
136977.21875,136999.203125,137305.78125,137444.984375,137233.546875,137393.140625,137463.59375,108722.015625,-0.6318359375,0.21533203125,-0.480224609375,-0.18292683362960815,2.5,0.21341463923454285,20.0,10383.0,890832.16031075
137015.390625,137037.734375,137344.671875,137484.0625,137272.078125,137431.671875,137510.078125,108832.703125,-0.632080078125,0.21484375,-0.48046875,-0.09146341681480408,2.5,0.09146341681480408,20.0,10384.0,890832.160429666
137013.25,137035.328125,137342.0,137480.9375,137269.84375,137429.171875,137500.0625,108761.265625,-0.6318359375,0.214599609375,-0.4775390625,-0.15243902802467346,2.378048896789551,0.09146341681480408,20.0,10385.0,890832.162618333
136950.296875,136972.109375,137278.515625,137417.625,137207.078125,137366.40625,137433.359375,108666.2265625,-0.63134765625,0.214111328125,-0.476806640625,-0.09146341681480408,2.4390244483947754,0.030487805604934692,20.0,10386.0,890832.162725125
136941.453125,136963.265625,137269.75,137409.046875,137198.21875,137357.640625,137426.296875,108671.9453125,-0.630859375,0.2138671875,-0.48193359375,-0.09146341681480408,2.4695122241973877,0.18292683362960815,20.0,10387.0,890832.163926791
136981.421875,137003.3125,137310.875,137449.90625,137238.015625,137397.421875,137476.375,108801.8515625,-0.628173828125,0.213134765625,-0.478515625,-0.060975611209869385,2.5609755516052246,0.12195122241973877,20.0,10388.0,890832.198941958
136990.171875,137012.171875,137319.375,137458.40625,137247.21875,137406.8125,137478.78125,108752.0546875,-0.62939453125,0.21484375,-0.476806640625,-0.060975611209869385,2.621951103210449,0.24390244483947754,20.0,10389.0,890832.202507458
136934.75,136956.828125,137263.671875,137402.515625,137191.96875,137351.203125,137419.328125,108657.5546875,-0.630126953125,0.21533203125,-0.4765625,-0.030487805604934692,2.5,0.15243902802467346,20.0,10390.0,890832.202547
136907.390625,136929.734375,137236.40625,137375.15625,137164.703125,137323.9375,137391.34375,108626.703125,-0.62890625,0.216064453125,-0.48046875,-0.060975611209869385,2.5,0.12195122241973877,20.0,10391.0,890832.202584125
136946.1875,136968.359375,137275.921875,137414.59375,137203.328125,137362.90625,137440.703125,108760.28125,-0.628173828125,0.216064453125,-0.4794921875,-0.060975611209869385,2.4390244483947754,0.12195122241973877,20.0,10392.0,890832.20379
136960.5,136982.390625,137289.78125,137428.890625,137217.8125,137376.59375,137451.609375,108743.0234375,-0.629638671875,0.214111328125,-0.47998046875,-0.09146341681480408,2.5304877758026123,0.15243902802467346,20.0,10393.0,890832.2054635
136917.3125,136939.125,137245.796875,137385.359375,137174.4375,137333.140625,137401.8125,108642.265625,-0.629638671875,0.215576171875,-0.478515625,-0.030487805604934692,2.4390244483947754,0.12195122241973877,20.0,10394.0,890832.205561083
136883.0625,136905.15625,137211.375,137350.84375,137140.109375,137299.171875,137363.09375,108576.3671875,-0.6298828125,0.21337890625,-0.4775390625,-0.09146341681480408,2.408536672592163,0.09146341681480408,20.0,10395.0,890832.206708
136922.859375,136945.296875,137252.046875,137391.078125,137180.171875,137339.21875,137413.25,108707.171875,-0.630126953125,0.216064453125,-0.47509765625,-0.15243902802467346,2.3475608825683594,0.12195122241973877,20.0,10396.0,890832.208374
136944.046875,136966.21875,137273.0625,137412.4375,137201.09375,137360.328125,137434.96875,108732.03125,-0.6298828125,0.21484375,-0.474609375,-0.18292683362960815,2.317073106765747,0.09146341681480408,20.0,10397.0,890832.209929166
136906.046875,136928.390625,137234.796875,137373.90625,137162.734375,137322.234375,137390.265625,108639.3984375,-0.630859375,0.214599609375,-0.47705078125,-0.09146341681480408,2.5,0.15243902802467346,20.0,10398.0,890832.209968791
136851.328125,136873.671875,137180.171875,137319.1875,137108.375,137267.515625,137333.765625,108560.0078125,-0.632080078125,0.21435546875,-0.47998046875,-0.09146341681480408,2.5609755516052246,0.21341463923454285,20.0,10399.0,890832.250383791
136876.265625,136898.4375,137205.5625,137344.578125,137133.40625,137292.546875,137367.203125,108661.7578125,-0.6298828125,0.214599609375,-0.477783203125,-0.060975611209869385,2.378048896789551,0.27439025044441223,20.0,10400.0,890832.250469416
136903.890625,136926.15625,137233.1875,137372.296875,137161.125,137320.0,137398.046875,108719.2421875,-0.6298828125,0.21728515625,-0.478271484375,-0.15243902802467346,2.4695122241973877,0.09146341681480408,20.0,10401.0,890832.25133925
136881.09375,136903.71875,137210.03125,137349.328125,137138.59375,137297.640625,137366.3125,108626.3515625,-0.630859375,0.212646484375,-0.476318359375,-0.12195122241973877,2.5304877758026123,0.12195122241973877,20.0,10402.0,890832.251412208
136821.203125,136843.734375,137149.671875,137288.96875,137078.421875,137237.65625,137303.28125,108533.9921875,-0.632568359375,0.21337890625,-0.477783203125,-0.09146341681480408,2.408536672592163,0.12195122241973877,20.0,10403.0,890832.254713916
136839.703125,136861.96875,137168.453125,137307.84375,137096.75,137255.625,137328.140625,108606.5,-0.6337890625,0.215087890625,-0.47900390625,-0.12195122241973877,2.591463327407837,0.09146341681480408,20.0,10404.0,890832.254776208
136874.65625,136896.484375,137203.765625,137343.25,137131.4375,137290.765625,137369.53125,108698.5,-0.63037109375,0.216064453125,-0.478515625,-0.18292683362960815,2.4390244483947754,0.18292683362960815,20.0,10405.0,890832.256393708
136865.0,136887.265625,137193.484375,137333.046875,137122.3125,137281.375,137351.46875,108612.3984375,-0.630615234375,0.214599609375,-0.4794921875,-0.15243902802467346,2.4390244483947754,0.15243902802467346,20.0,10406.0,890832.259002
136806.171875,136828.703125,137134.484375,137273.78125,137063.84375,137222.546875,137287.546875,108511.015625,-0.63037109375,0.2158203125,-0.47705078125,-0.12195122241973877,2.4390244483947754,0.18292683362960815,20.0,10407.0,890832.291573625
136815.921875,136838.1875,137144.40625,137283.609375,137073.0625,137232.5625,137300.15625,108545.078125,-0.6298828125,0.21630859375,-0.477783203125,-0.060975611209869385,2.378048896789551,0.21341463923454285,20.0,10408.0,890832.291698458
136854.90625,136876.984375,137183.921875,137323.03125,137111.859375,137271.453125,137348.703125,108666.1328125,-0.631103515625,0.215087890625,-0.478759765625,-0.15243902802467346,2.4695122241973877,0.15243902802467346,20.0,10409.0,890832.29180575
136853.734375,136876.359375,137182.84375,137322.0625,137111.046875,137270.28125,137341.453125,108605.0703125,-0.632568359375,0.213623046875,-0.47509765625,-0.18292683362960815,2.4390244483947754,0.15243902802467346,20.0,10410.0,890832.291913625
136789.546875,136811.90625,137118.03125,137257.59375,137047.03125,137205.828125,137272.078125,108510.1171875,-0.630859375,0.212890625,-0.477294921875,-0.060975611209869385,2.5,0.12195122241973877,20.0,10411.0,890832.29201975
136774.4375,136796.4375,137103.0,137242.21875,137031.484375,137190.625,137257.6875,108502.875,-0.630615234375,0.215087890625,-0.477783203125,-0.060975611209869385,2.4390244483947754,0.12195122241973877,20.0,10412.0,890832.292126583
136814.9375,136836.484375,137143.859375,137283.34375,137071.53125,137231.03125,137308.46875,108634.3984375,-0.630615234375,0.216796875,-0.47802734375,-0.060975611209869385,2.4695122241973877,0.12195122241973877,20.0,10413.0,890832.292230541
136824.421875,136846.234375,137153.078125,137292.46875,137081.375,137240.609375,137312.9375,108593.0859375,-0.631103515625,0.215576171875,-0.47998046875,-0.09146341681480408,2.5,0.21341463923454285,20.0,10414.0,890832.292392708
136772.921875,136794.828125,137101.390625,137240.421875,137030.140625,137189.015625,137256.34375,108496.0859375,-0.632080078125,0.214111328125,-0.476318359375,-0.030487805604934692,2.3475608825683594,0.12195122241973877,20.0,10415.0,890832.295788166
136745.5625,136767.640625,137074.125,137212.984375,137002.515625,137161.75,137227.640625,108453.796875,-0.630859375,0.216064453125,-0.477783203125,-0.12195122241973877,2.378048896789551,0.15243902802467346,20.0,10416.0,890832.295895958
136783.828125,136806.0,137113.015625,137251.953125,137040.953125,137200.109375,137277.078125,108589.15625,-0.633056640625,0.21484375,-0.4765625,-0.18292683362960815,2.4695122241973877,0.15243902802467346,20.0,10417.0,890832.297915333
136801.609375,136823.96875,137130.453125,137269.578125,137058.84375,137217.8125,137292.28125,108583.2578125,-0.632568359375,0.216796875,-0.476318359375,-0.18292683362960815,2.408536672592163,0.060975611209869385,20.0,10418.0,890832.298034166
136760.671875,136782.9375,137089.0625,137228.453125,137017.796875,137176.765625,137245.25,108487.140625,-0.62939453125,0.215087890625,-0.47705078125,-0.18292683362960815,2.378048896789551,0.18292683362960815,20.0,10419.0,890832.300121625
136714.625,136736.890625,137043.109375,137182.3125,136971.9375,137130.71875,137197.25,108419.4609375,-0.632080078125,0.216552734375,-0.478759765625,-0.21341463923454285,2.4695122241973877,0.12195122241973877,20.0,10420.0,890832.300236666
136749.578125,136771.671875,137078.421875,137217.453125,137006.625,137165.40625,137240.6875,108539.0,-0.6298828125,0.215087890625,-0.48095703125,-0.15243902802467346,2.378048896789551,0.21341463923454285,20.0,10421.0,890832.301496375
136774.703125,136796.703125,137103.640625,137242.578125,137031.65625,137190.8125,137266.53125,108571.2734375,-0.630126953125,0.21435546875,-0.477783203125,-0.12195122241973877,2.408536672592163,0.15243902802467346,20.0,10422.0,890832.356453625
136742.78125,136764.78125,137071.265625,137210.390625,136999.921875,137158.703125,137227.28125,108471.671875,-0.631591796875,0.21533203125,-0.477783203125,-0.15243902802467346,2.5609755516052246,0.21341463923454285,20.0,10423.0,890832.356959916
136690.3125,136712.296875,137018.609375,137157.71875,136947.171875,137106.046875,137171.578125,108392.1953125,-0.63037109375,0.2138671875,-0.479248046875,-0.12195122241973877,2.5304877758026123,0.12195122241973877,20.0,10424.0,890832.357073833
136715.078125,136737.15625,137044.265625,137183.296875,136972.203125,137131.171875,137204.484375,108488.75,-0.630126953125,0.216064453125,-0.475830078125,-0.060975611209869385,2.4390244483947754,0.15243902802467346,20.0,10425.0,890832.357181958
136744.03125,136766.03125,137073.234375,137212.4375,137001.171875,137160.40625,137238.015625,108555.5390625,-0.63037109375,0.214599609375,-0.476806640625,-0.060975611209869385,2.5304877758026123,0.18292683362960815,20.0,10426.0,890832.357288041
136726.96875,136749.140625,137055.796875,137195.09375,136984.1875,137143.234375,137213.25,108462.6484375,-0.6328125,0.213623046875,-0.477294921875,-0.12195122241973877,2.408536672592163,0.18292683362960815,20.0,10427.0,890832.357394208
136667.859375,136689.859375,136995.890625,137135.640625,136924.8125,137083.78125,137149.671875,108371.1796875,-0.631103515625,0.213134765625,-0.4775390625,-0.15243902802467346,2.4695122241973877,0.12195122241973877,20.0,10428.0,890832.361846041
136684.3125,136706.3125,137012.4375,137152.0,136941.0,137100.328125,137170.328125,108431.0859375,-0.63134765625,0.214111328125,-0.47900390625,-0.15243902802467346,2.4390244483947754,0.18292683362960815,20.0,10429.0,890832.361967208
136720.078125,136742.34375,137049.0,137188.296875,136976.40625,137136.09375,137213.6875,108533.453125,-0.63134765625,0.21484375,-0.478759765625,-0.24390244483947754,2.5,0.060975611209869385,20.0,10430.0,890832.362078375
136712.125,136734.203125,137040.609375,137179.984375,136969.078125,137128.046875,137198.046875,108457.28125,-0.6318359375,0.216064453125,-0.478271484375,-0.09146341681480408,2.5,0.15243902802467346,20.0,10431.0,890832.36218525
136648.640625,136670.8125,136977.125,137116.59375,136905.6875,137064.828125,137131.078125,108361.078125,-0.63134765625,0.216064453125,-0.4775390625,-0.18292683362960815,2.4695122241973877,0.15243902802467346,20.0,10432.0,890832.362291
136647.75,136670.015625,136975.875,137115.796875,136904.53125,137064.203125,137132.6875,108384.59375,-0.630859375,0.21484375,-0.4775390625,-0.21341463923454285,2.4390244483947754,0.12195122241973877,20.0,10433.0,890832.362393916
136686.109375,136708.0,137014.9375,137154.78125,136942.96875,137102.03125,137180.53125,108507.5234375,-0.62939453125,0.21484375,-0.47802734375,-0.15243902802467346,2.5304877758026123,0.12195122241973877,20.0,10434.0,890832.362498083
136689.5,136711.40625,137017.984375,137157.640625,136946.28125,137105.421875,137177.390625,108448.6953125,-0.630859375,0.214599609375,-0.4775390625,-0.12195122241973877,2.317073106765747,0.21341463923454285,20.0,10435.0,890832.362602083
136629.78125,136652.125,136957.984375,137097.828125,136886.90625,137046.0625,137113.015625,108353.4765625,-0.631103515625,0.216552734375,-0.47705078125,-0.12195122241973877,2.5,0.15243902802467346,20.0,10436.0,890832.366388
136612.34375,136634.6875,136940.828125,137080.296875,136869.484375,137028.703125,137094.96875,108333.1796875,-0.6298828125,0.215576171875,-0.479736328125,-0.09146341681480408,2.5,0.15243902802467346,20.0,10437.0,890832.366495208
136651.953125,136674.5625,136981.328125,137120.796875,136909.4375,137068.40625,137146.28125,108468.546875,-0.630126953125,0.21728515625,-0.478515625,-0.060975611209869385,2.5609755516052246,0.15243902802467346,20.0,10438.0,890832.3957415
136664.28125,136686.8125,136993.3125,137132.6875,136921.421875,137080.484375,137153.96875,108437.34375,-0.631103515625,0.217529296875,-0.478271484375,-0.09146341681480408,2.5609755516052246,0.060975611209869385,20.0,10439.0,890832.397195666
136616.359375,136638.8125,136944.75,137084.234375,136873.5,137032.375,137100.0625,108336.046875,-0.631591796875,0.2158203125,-0.4794921875,-0.12195122241973877,2.4695122241973877,0.21341463923454285,20.0,10440.0,890832.397314166
136585.703125,136608.046875,136913.640625,137053.390625,136842.65625,137001.984375,137067.875,108287.2265625,-0.6298828125,0.2158203125,-0.47705078125,-0.12195122241973877,2.4695122241973877,0.21341463923454285,20.0,10441.0,890832.397423333
136623.703125,136645.875,136952.171875,137092.015625,136880.5625,137039.703125,137115.609375,108420.625,-0.63037109375,0.2158203125,-0.476806640625,-0.15243902802467346,2.5609755516052246,0.15243902802467346,20.0,10442.0,890832.399653791
136643.015625,136665.09375,136971.40625,137111.046875,136899.703125,137059.203125,137133.3125,108426.1640625,-0.631103515625,0.214599609375,-0.47705078125,-0.15243902802467346,2.5304877758026123,0.18292683362960815,20.0,10443.0,890832.400863375
136603.140625,136625.84375,136931.609375,137071.453125,136860.265625,137019.6875,137087.8125,108329.4296875,-0.6298828125,0.215576171875,-0.478759765625,-0.09146341681480408,2.5,0.27439025044441223,20.0,10444.0,890832.403008541
136555.921875,136578.453125,136884.3125,137024.0625,136813.15625,136972.03125,137037.828125,108258.9765625,-0.631591796875,0.21435546875,-0.47509765625,-0.060975611209869385,2.5,0.18292683362960815,20.0,10445.0,890832.403121041
136587.390625,136609.921875,136916.140625,137055.796875,136844.796875,137003.671875,137078.421875,108374.4921875,-0.632568359375,0.21337890625,-0.477294921875,-0.060975611209869385,2.4390244483947754,0.09146341681480408,20.0,10446.0,890832.404279416
136613.59375,136636.390625,136942.4375,137082.09375,136871.0,137029.875,137106.3125,108417.5859375,-0.630615234375,0.213623046875,-0.478759765625,-0.060975611209869385,2.4695122241973877,0.18292683362960815,20.0,10447.0,890832.436609333
136587.3125,136609.75,136915.609375,137055.53125,136844.359375,137003.234375,137071.796875,108322.8984375,-0.630126953125,0.21533203125,-0.480224609375,-0.15243902802467346,2.5,0.18292683362960815,20.0,10448.0,890832.436716458
136527.9375,136550.46875,136856.0625,136995.8125,136785.25,136944.21875,137010.734375,108238.0546875,-0.630126953125,0.21484375,-0.476318359375,-0.09146341681480408,2.4390244483947754,0.15243902802467346,20.0,10449.0,890832.436823458
136546.453125,136568.984375,136875.28125,137014.765625,136803.671875,136962.8125,137036.578125,108323.6171875,-0.63232421875,0.21435546875,-0.478271484375,-0.12195122241973877,2.4390244483947754,0.15243902802467346,20.0,10450.0,890832.436928208
136580.6875,136602.859375,136909.703125,137049.09375,136837.734375,136997.0625,137075.296875,108399.078125,-0.63330078125,0.212890625,-0.48095703125,-0.09146341681480408,2.5,0.15243902802467346,20.0,10451.0,890832.437033708
136566.75,136589.359375,136895.671875,137035.234375,136824.0625,136983.109375,137053.296875,108306.8046875,-0.6318359375,0.212646484375,-0.47900390625,-0.12195122241973877,2.378048896789551,0.15243902802467346,20.0,10452.0,890832.440580666
136508.453125,136530.890625,136836.84375,136976.3125,136765.765625,136924.546875,136989.640625,108210.875,-0.6318359375,0.214111328125,-0.478271484375,-0.18292683362960815,2.4695122241973877,0.030487805604934692,20.0,10453.0,890832.440686458
136522.125,136544.484375,136850.703125,136990.09375,136779.4375,136938.671875,137007.96875,108263.890625,-0.6298828125,0.215576171875,-0.47998046875,-0.18292683362960815,2.5304877758026123,0.09146341681480408,20.0,10454.0,890832.441715541
136558.96875,136581.3125,136887.984375,137027.375,136816.1875,136975.25,137052.9375,108373.328125,-0.632568359375,0.214599609375,-0.478271484375,-0.09146341681480408,2.5609755516052246,0.060975611209869385,20.0,10455.0,890832.443033375
136554.234375,136576.21875,136882.34375,137022.359375,136811.265625,136970.234375,137040.515625,108300.28125,-0.633544921875,0.2138671875,-0.481689453125,-0.12195122241973877,2.4695122241973877,0.18292683362960815,20.0,10456.0,890832.444230291
136493.15625,136515.328125,136821.109375,136961.5625,136750.46875,136909.53125,136976.234375,108204.4375,-0.631591796875,0.216064453125,-0.47998046875,-0.12195122241973877,2.5,0.15243902802467346,20.0,10457.0,890832.445656833
136488.328125,136510.6875,136816.546875,136956.734375,136745.921875,136904.796875,136972.5625,108214.453125,-0.631103515625,0.21630859375,-0.48095703125,-0.15243902802467346,2.4390244483947754,0.09146341681480408,20.0,10458.0,890832.477801666
136528.125,136550.296875,136856.78125,136996.53125,136785.25,136943.953125,137021.734375,108341.859375,-0.630126953125,0.215087890625,-0.47900390625,-0.12195122241973877,2.408536672592163,0.12195122241973877,20.0,10459.0,890832.477937375
136533.21875,136555.5625,136861.875,137001.171875,136790.34375,136949.140625,137021.296875,108293.578125,-0.628662109375,0.2138671875,-0.479736328125,-0.18292683362960815,2.5304877758026123,0.18292683362960815,20.0,10460.0,890832.478037875
136472.6875,136494.765625,136800.71875,136940.46875,136729.46875,136888.515625,136957.984375,108195.140625,-0.630126953125,0.21484375,-0.479248046875,-0.18292683362960815,2.4695122241973877,0.12195122241973877,20.0,10461.0,890832.478143458
136449.53125,136471.703125,136777.828125,136917.3125,136706.390625,136865.625,136933.765625,108169.75,-0.629150390625,0.215087890625,-0.47900390625,-0.12195122241973877,2.5,0.12195122241973877,20.0,10462.0,890832.480627875
136488.25,136510.421875,136817.359375,136956.921875,136745.5625,136904.609375,136982.046875,108303.6796875,-0.6279296875,0.215576171875,-0.479736328125,-0.15243902802467346,2.4695122241973877,0.12195122241973877,20.0,10463.0,890832.480741375
136502.375,136525.078125,136831.203125,136970.78125,136759.859375,136918.734375,136992.328125,108281.7734375,-0.630615234375,0.21435546875,-0.477783203125,-0.12195122241973877,2.5,0.24390244483947754,20.0,10464.0,890832.481943583
136457.671875,136480.5625,136786.328125,136925.984375,136715.078125,136873.953125,136941.53125,108181.640625,-0.62890625,0.214599609375,-0.478759765625,-0.09146341681480408,2.4695122241973877,0.15243902802467346,20.0,10465.0,890832.485639
136421.453125,136444.25,136749.9375,136889.5,136679.046875,136837.296875,136903.546875,108128.6171875,-0.631103515625,0.217041015625,-0.478515625,-0.09146341681480408,2.4695122241973877,0.12195122241973877,20.0,10466.0,890832.485727833
136458.390625,136480.828125,136787.3125,136926.875,136715.875,136874.03125,136950.390625,108256.0234375,-0.630859375,0.216064453125,-0.477294921875,-0.12195122241973877,2.4695122241973877,0.18292683362960815,20.0,10467.0,890832.486642458
136479.296875,136501.390625,136808.140625,136947.703125,136736.53125,136895.21875,136970.6875,108271.3125,-0.63037109375,0.215576171875,-0.479248046875,-0.09146341681480408,2.5,0.15243902802467346,20.0,10468.0,890832.51723175
136443.625,136465.53125,136771.84375,136911.234375,136700.859375,136859.28125,136926.15625,108172.34375,-0.630615234375,0.215576171875,-0.480224609375,-0.060975611209869385,2.5304877758026123,0.12195122241973877,20.0,10469.0,890832.517346083
136396.421875,136418.859375,136724.375,136864.015625,136653.640625,136812.25,136876.0,108092.234375,-0.6298828125,0.216064453125,-0.479248046875,-0.15243902802467346,2.4695122241973877,0.12195122241973877,20.0,10470.0,890832.519717791
136428.25,136450.515625,136756.5625,136896.390625,136685.203125,136844.265625,136917.3125,108204.703125,-0.631103515625,0.21484375,-0.47998046875,-0.09146341681480408,2.317073106765747,0.09146341681480408,20.0,10471.0,890832.519826958
136456.0625,136478.40625,136784.546875,136924.28125,136712.75,136871.71875,136948.25,108257.3671875,-0.632568359375,0.21337890625,-0.47705078125,-0.12195122241973877,2.4390244483947754,0.09146341681480408,20.0,10472.0,890832.523014875
136432.28125,136454.1875,136760.21875,136900.046875,136689.046875,136847.921875,136917.21875,108166.53125,-0.631591796875,0.215087890625,-0.478515625,0.0,2.4695122241973877,0.060975611209869385,20.0,10473.0,890832.523124166
136370.3125,136392.3125,136698.171875,136837.640625,136627.453125,136786.0625,136850.96875,108073.6328125,-0.630615234375,0.2138671875,-0.48046875,-0.15243902802467346,2.378048896789551,0.09146341681480408,20.0,10474.0,890832.524265166
136392.40625,136414.484375,136720.34375,136859.828125,136649.359375,136807.875,136879.125,108150.1640625,-0.629150390625,0.214599609375,-0.4775390625,-0.18292683362960815,2.408536672592163,0.060975611209869385,20.0,10475.0,890832.52544575
136425.578125,136447.921875,136754.328125,136893.96875,136682.609375,136841.3125,136919.015625,108238.140625,-0.6318359375,0.214599609375,-0.47802734375,-0.12195122241973877,2.4695122241973877,0.12195122241973877,20.0,10476.0,890832.560579791
136412.609375,136434.6875,136740.734375,136880.109375,136669.5625,136828.4375,136897.546875,108153.65625,-0.630859375,0.21435546875,-0.4765625,-0.09146341681480408,2.4390244483947754,0.15243902802467346,20.0,10477.0,890832.56069475
136349.125,136371.21875,136677.15625,136816.375,136605.90625,136764.875,136830.859375,108060.671875,-0.630615234375,0.215087890625,-0.478759765625,-0.12195122241973877,2.5609755516052246,0.12195122241973877,20.0,10478.0,890832.560800125
136356.1875,136378.28125,136684.40625,136823.796875,136612.609375,136771.9375,136841.5,108101.6171875,-0.63037109375,0.215087890625,-0.4794921875,-0.15243902802467346,2.5609755516052246,0.12195122241973877,20.0,10479.0,890832.560906
136393.921875,136416.1875,136722.84375,136862.234375,136650.703125,136809.484375,136888.15625,108215.1640625,-0.63134765625,0.213623046875,-0.481689453125,-0.12195122241973877,2.5609755516052246,0.12195122241973877,20.0,10480.0,890832.561009916
136393.296875,136415.296875,136721.859375,136861.15625,136650.25,136808.6875,136880.203125,108145.25,-0.63232421875,0.215087890625,-0.4794921875,-0.09146341681480408,2.5,0.09146341681480408,20.0,10481.0,890832.561112958
136329.8125,136351.984375,136658.125,136797.59375,136587.125,136745.203125,136813.0625,108052.0,-0.632080078125,0.214599609375,-0.478271484375,-0.18292683362960815,2.378048896789551,0.09146341681480408,20.0,10482.0,890832.561217
136314.890625,136336.796875,136643.1875,136782.21875,136571.75,136730.1875,136800.1875,108056.2890625,-0.63037109375,0.21484375,-0.479248046875,-0.15243902802467346,2.408536672592163,0.12195122241973877,20.0,10483.0,890832.561835
136353.515625,136375.5,136682.265625,136821.375,136610.203125,136769.078125,136848.640625,108184.9453125,-0.629638671875,0.21728515625,-0.48046875,-0.15243902802467346,2.378048896789551,0.15243902802467346,20.0,10484.0,890832.562998583
136363.96875,136386.234375,136692.1875,136831.84375,136620.828125,136779.53125,136852.75,108137.828125,-0.63037109375,0.21630859375,-0.48046875,-0.09146341681480408,2.408536672592163,0.18292683362960815,20.0,10485.0,890832.564266875
136314.078125,136336.515625,136641.84375,136781.671875,136571.03125,136729.828125,136795.890625,108033.671875,-0.6318359375,0.214111328125,-0.478515625,-0.12195122241973877,2.5,0.15243902802467346,20.0,10486.0,890832.565546791
136290.296875,136312.921875,136618.59375,136757.984375,136547.609375,136706.3125,136772.5625,108002.828125,-0.63330078125,0.214111328125,-0.478271484375,-0.12195122241973877,2.5609755516052246,0.12195122241973877,20.0,10487.0,890832.566729958
136330.625,136352.890625,136659.734375,136798.84375,136587.9375,136746.546875,136823.515625,108138.8125,-0.631103515625,0.214599609375,-0.481201171875,-0.18292683362960815,2.4695122241973877,0.18292683362960815,20.0,10488.0,890832.568121291
136347.96875,136370.140625,136676.71875,136816.015625,136604.921875,136763.96875,136837.734375,108129.15625,-0.630615234375,0.215087890625,-0.4775390625,-0.18292683362960815,2.5,0.12195122241973877,20.0,10489.0,890832.6011895
136302.640625,136325.4375,136631.203125,136770.6875,136559.859375,136718.734375,136786.78125,108032.5078125,-0.62939453125,0.215576171875,-0.475830078125,-0.09146341681480408,2.4390244483947754,0.09146341681480408,20.0,10490.0,890832.601310875
136262.765625,136285.5625,136591.0625,136730.359375,136519.890625,136678.59375,136743.765625,107963.3046875,-0.631103515625,0.216552734375,-0.477783203125,-0.09146341681480408,2.4390244483947754,0.09146341681480408,20.0,10491.0,890832.601420416
136299.5,136322.484375,136628.34375,136768.265625,136557.0,136715.609375,136790.53125,108089.1015625,-0.629638671875,0.2158203125,-0.477783203125,-0.060975611209869385,2.4695122241973877,0.18292683362960815,20.0,10492.0,890832.605600583
136321.59375,136344.296875,136650.421875,136790.078125,136578.90625,136737.515625,136813.15625,108114.40625,-0.62890625,0.216064453125,-0.47802734375,-0.21341463923454285,2.5,0.12195122241973877,20.0,10493.0,890832.605706041
136290.03125,136312.46875,136618.6875,136758.171875,136547.609375,136706.046875,136774.609375,108017.578125,-0.631103515625,0.215087890625,-0.477294921875,-0.09146341681480408,2.5,0.0,20.0,10494.0,890832.608084833
136238.4375,136260.96875,136566.65625,136706.3125,136495.9375,136654.09375,136719.0,107932.546875,-0.63232421875,0.2138671875,-0.479248046875,-0.15243902802467346,2.5,0.09146341681480408,20.0,10495.0,890832.608191166
136268.65625,136291.640625,136597.5,136736.890625,136525.796875,136684.765625,136757.453125,108036.3515625,-0.630859375,0.2138671875,-0.481689453125,-0.12195122241973877,2.4695122241973877,0.09146341681480408,20.0,10496.0,890832.609305625
136298.703125,136321.40625,136627.546875,136766.84375,136555.5625,136714.4375,136791.25,108099.7421875,-0.630126953125,0.21337890625,-0.479248046875,-0.09146341681480408,2.4695122241973877,0.060975611209869385,20.0,10497.0,890832.611011583
136277.15625,136299.6875,136605.453125,136744.390625,136534.109375,136692.546875,136761.390625,108009.3515625,-0.631591796875,0.21484375,-0.47998046875,-0.15243902802467346,2.5304877758026123,0.15243902802467346,20.0,10498.0,890832.612585583
136215.46875,136238.0,136543.671875,136682.53125,136472.421875,136630.765625,136695.9375,107916.3671875,-0.631103515625,0.21484375,-0.478759765625,-0.09146341681480408,2.5304877758026123,0.060975611209869385,20.0,10499.0,890832.614825
136231.734375,136254.265625,136560.484375,136699.515625,136488.953125,136647.203125,136718.734375,107984.40625,-0.63037109375,0.21435546875,-0.47705078125,-0.15243902802467346,2.408536672592163,0.21341463923454285,20.0,10500.0,890832.657639208
136267.671875,136290.125,136596.96875,136735.984375,136524.90625,136683.0625,136761.296875,108081.1484375,-0.63232421875,0.21533203125,-0.478759765625,-0.12195122241973877,2.5609755516052246,0.21341463923454285,20.0,10501.0,890832.658072458
136259.453125,136282.078125,136587.84375,136727.234375,136516.3125,136674.84375,136745.640625,108000.140625,-0.6298828125,0.21630859375,-0.480712890625,-0.12195122241973877,2.4695122241973877,0.15243902802467346,20.0,10502.0,890832.658194958
136198.03125,136221.015625,136526.15625,136665.546875,136455.25,136613.59375,136678.953125,107899.46875,-0.62890625,0.2158203125,-0.480224609375,-0.09146341681480408,2.4390244483947754,0.12195122241973877,20.0,10503.0,890832.660581166
136203.03125,136225.921875,136531.25,136670.71875,136460.171875,136618.59375,136686.90625,107929.0625,-0.630615234375,0.21533203125,-0.47705078125,-0.060975611209869385,2.408536672592163,0.12195122241973877,20.0,10504.0,890832.660692791
136239.96875,136262.578125,136568.796875,136708.453125,136497.0,136655.34375,136733.046875,108051.5546875,-0.6318359375,0.21435546875,-0.476806640625,-0.12195122241973877,2.4695122241973877,0.15243902802467346,20.0,10505.0,890832.661897041
136241.578125,136264.109375,136570.40625,136709.890625,136498.703125,136657.21875,136728.578125,107994.2421875,-0.632568359375,0.215087890625,-0.477294921875,-0.09146341681480408,2.4695122241973877,0.15243902802467346,20.0,10506.0,890832.665711583
136181.21875,136203.578125,136509.4375,136648.8125,136438.09375,136596.78125,136663.578125,107895.890625,-0.631591796875,0.21630859375,-0.47900390625,-0.09146341681480408,2.5,0.12195122241973877,20.0,10507.0,890832.695738166
136168.53125,136191.328125,136496.828125,136636.21875,136425.65625,136584.0,136650.875,107881.5859375,-0.630615234375,0.21630859375,-0.4794921875,-0.09146341681480408,2.5304877758026123,0.12195122241973877,20.0,10508.0,890832.695880916
136208.484375,136231.375,136537.953125,136676.984375,136465.796875,136624.234375,136701.84375,108018.9140625,-0.63037109375,0.21484375,-0.480224609375,-0.12195122241973877,2.4695122241973877,0.09146341681480408,20.0,10509.0,890832.695982666
136219.046875,136241.921875,136547.96875,136687.09375,136476.09375,136634.96875,136707.734375,107986.28125,-0.631103515625,0.21337890625,-0.47998046875,-0.09146341681480408,2.5,0.12195122241973877,20.0,10510.0,890832.696087083
136166.734375,136189.453125,136495.046875,136634.0625,136423.6875,136582.296875,136649.890625,107887.84375,-0.63037109375,0.216064453125,-0.477294921875,-0.18292683362960815,2.408536672592163,0.0,20.0,10511.0,890832.696192541
136138.484375,136160.921875,136466.609375,136606.0,136395.171875,136553.875,136619.9375,107843.859375,-0.6318359375,0.215087890625,-0.478271484375,-0.15243902802467346,2.4695122241973877,0.060975611209869385,20.0,10512.0,890832.696297291
136178.546875,136201.0625,136506.9375,136646.578125,136435.140625,136593.921875,136670.71875,107977.7890625,-0.63134765625,0.214599609375,-0.478759765625,-0.18292683362960815,2.408536672592163,0.09146341681480408,20.0,10513.0,890832.698190791
136194.71875,136217.4375,136523.375,136662.859375,136451.5,136610.28125,136685.203125,107979.84375,-0.63134765625,0.21435546875,-0.47900390625,-0.12195122241973877,2.5304877758026123,0.12195122241973877,20.0,10514.0,890832.698281875
136152.703125,136175.046875,136481.1875,136620.296875,136409.65625,136568.0,136635.59375,107883.2890625,-0.631103515625,0.21240234375,-0.479248046875,-0.09146341681480408,2.5304877758026123,0.12195122241973877,20.0,10515.0,890832.700734333
136106.296875,136128.46875,136434.0625,136573.546875,136363.171875,136521.421875,136586.953125,107816.4140625,-0.632568359375,0.214599609375,-0.4775390625,-0.12195122241973877,2.5609755516052246,0.15243902802467346,20.0,10516.0,890832.700809041
136135.625,136158.609375,136464.640625,136603.84375,136392.9375,136551.09375,136627.359375,107933.0,-0.6318359375,0.2158203125,-0.480712890625,-0.09146341681480408,2.5609755516052246,0.09146341681480408,20.0,10517.0,890832.7008735
136161.015625,136184.078125,136490.296875,136629.15625,136418.421875,136576.84375,136654.625,107967.953125,-0.631103515625,0.21337890625,-0.480712890625,-0.12195122241973877,2.5,0.18292683362960815,20.0,10518.0,890832.731627416
136134.375,136156.90625,136463.03125,136601.96875,136391.15625,136550.203125,136620.484375,107863.8828125,-0.633056640625,0.214599609375,-0.48193359375,-0.12195122241973877,2.4390244483947754,0.09146341681480408,20.0,10519.0,890832.731765208
136082.421875,136105.3125,136410.734375,136550.109375,136339.375,136498.34375,136564.234375,107774.65625,-0.630615234375,0.215087890625,-0.481689453125,-0.12195122241973877,2.4390244483947754,0.060975611209869385,20.0,10520.0,890832.731864958
136110.5,136133.203125,136438.984375,136578.453125,136367.640625,136526.328125,136598.84375,107870.59375,-0.6298828125,0.215576171875,-0.480224609375,-0.09146341681480408,2.408536672592163,0.18292683362960815,20.0,10521.0,890832.731972958
136141.703125,136164.40625,136470.359375,136609.921875,136398.65625,136557.53125,136634.6875,107945.15625,-0.628662109375,0.215087890625,-0.477783203125,-0.09146341681480408,2.378048896789551,0.18292683362960815,20.0,10522.0,890832.734451291
136124.53125,136147.34375,136452.65625,136592.40625,136381.5,136540.1875,136610.109375,107860.7578125,-0.63232421875,0.21533203125,-0.47998046875,-0.09146341681480408,2.408536672592163,0.09146341681480408,20.0,10523.0,890832.734574375
136060.703125,136083.046875,136388.734375,136528.203125,136317.828125,136476.265625,136543.671875,107775.4609375,-0.630615234375,0.213134765625,-0.480224609375,-0.12195122241973877,2.4390244483947754,0.18292683362960815,20.0,10524.0,890832.7368005
136066.421875,136088.859375,136394.640625,136534.015625,136323.375,136481.625,136554.046875,107828.03125,-0.629638671875,0.21484375,-0.47998046875,-0.060975611209869385,2.4695122241973877,0.060975611209869385,20.0,10525.0,890832.740598
136100.3125,136122.484375,136428.703125,136568.171875,136356.734375,136515.328125,136595.09375,107930.2265625,-0.63232421875,0.21484375,-0.481689453125,-0.060975611209869385,2.5,0.030487805604934692,20.0,10526.0,890832.740709958
136095.484375,136118.015625,136423.78125,136563.171875,136352.4375,136511.140625,136581.859375,107849.3125,-0.63134765625,0.2138671875,-0.478271484375,0.0,2.4695122241973877,0.060975611209869385,20.0,10527.0,890832.743026541
136037.984375,136060.96875,136366.109375,136505.859375,136295.578125,136453.734375,136518.546875,107747.4765625,-0.6318359375,0.21484375,-0.4755859375,-0.060975611209869385,2.5304877758026123,0.09146341681480408,20.0,10528.0,890832.743133083
136039.15625,136062.40625,136367.8125,136507.109375,136296.828125,136454.8125,136523.46875,107769.921875,-0.632080078125,0.216064453125,-0.476318359375,-0.060975611209869385,2.4390244483947754,0.030487805604934692,20.0,10529.0,890832.745471083
136077.953125,136100.75,136407.328125,136546.1875,136335.09375,136493.515625,136572.375,107897.5,-0.6318359375,0.21630859375,-0.4794921875,-0.15243902802467346,2.4390244483947754,0.12195122241973877,20.0,10530.0,890832.745577291
136082.6875,136105.40625,136411.265625,136550.46875,136339.65625,136498.265625,136570.328125,107842.609375,-0.629150390625,0.21728515625,-0.480712890625,-0.15243902802467346,2.378048896789551,0.12195122241973877,20.0,10531.0,890832.776254875
136027.796875,136050.6875,136356.1875,136495.484375,136285.109375,136443.28125,136510.328125,107741.9375,-0.63037109375,0.21533203125,-0.479736328125,-0.18292683362960815,2.408536672592163,0.18292683362960815,20.0,10532.0,890832.776368083
136011.796875,136035.046875,136340.1875,136479.75,136269.28125,136427.265625,136494.140625,107724.765625,-0.630859375,0.216796875,-0.4794921875,-0.15243902802467346,2.408536672592163,0.15243902802467346,20.0,10533.0,890832.776443166
136050.859375,136073.671875,136379.96875,136519.1875,136308.265625,136465.984375,136543.765625,107859.5078125,-0.63037109375,0.21630859375,-0.477294921875,-0.060975611209869385,2.4390244483947754,0.12195122241973877,20.0,10534.0,890832.779305541
136064.28125,136086.984375,136393.203125,136532.234375,136321.5,136479.84375,136552.890625,107836.078125,-0.6298828125,0.21435546875,-0.479736328125,-0.12195122241973877,2.4390244483947754,0.060975611209869385,20.0,10535.0,890832.780824
136011.4375,136033.703125,136339.921875,136479.125,136268.65625,136426.640625,136494.328125,107743.0078125,-0.63134765625,0.215576171875,-0.4765625,-0.09146341681480408,2.4695122241973877,0.12195122241973877,20.0,10536.0,890832.780946041
135975.140625,135997.3125,136303.265625,136442.203125,136232.1875,136390.171875,136456.140625,107685.6953125,-0.630615234375,0.215576171875,-0.478271484375,-0.09146341681480408,2.5304877758026123,0.09146341681480408,20.0,10537.0,890832.781057291
136012.328125,136034.765625,136340.984375,136480.109375,136269.734375,136427.8125,136504.34375,107816.140625,-0.6318359375,0.21484375,-0.481689453125,-0.12195122241973877,2.4390244483947754,0.21341463923454285,20.0,10538.0,890832.7831315
136032.0,136054.359375,136360.484375,136499.515625,136288.953125,136447.203125,136522.40625,107827.2265625,-0.630859375,0.21728515625,-0.482666015625,-0.15243902802467346,2.5304877758026123,0.21341463923454285,20.0,10539.0,890832.78560625
135993.921875,136016.53125,136322.03125,136461.515625,136250.875,136409.203125,136477.15625,107732.6328125,-0.63232421875,0.215576171875,-0.481689453125,-0.18292683362960815,2.5304877758026123,0.24390244483947754,20.0,10540.0,890832.785762083
135945.640625,135968.4375,136273.484375,136412.96875,136202.671875,136361.203125,136426.015625,107656.28125,-0.63134765625,0.218017578125,-0.48095703125,-0.12195122241973877,2.408536672592163,0.27439025044441223,20.0,10541.0,890832.786732333
135976.5625,135999.28125,136305.046875,136444.53125,136233.703125,136392.21875,136466.4375,107768.84375,-0.6318359375,0.21484375,-0.4794921875,-0.12195122241973877,2.408536672592163,0.24390244483947754,20.0,10542.0,890832.788132166
136003.921875,136026.640625,136332.5,136472.0625,136261.0625,136419.21875,136495.9375,107816.0546875,-0.630615234375,0.215087890625,-0.476806640625,-0.09146341681480408,2.5304877758026123,0.12195122241973877,20.0,10543.0,890832.81983275
135982.296875,136004.90625,136310.421875,136449.703125,136239.15625,136397.40625,136464.828125,107717.8828125,-0.630126953125,0.213623046875,-0.473876953125,-0.09146341681480408,2.4695122241973877,0.12195122241973877,20.0,10544.0,890832.820661541
135926.40625,135948.859375,136254.09375,136393.921875,136183.28125,136341.703125,136406.53125,107634.0234375,-0.6298828125,0.214111328125,-0.47705078125,-0.12195122241973877,2.408536672592163,0.12195122241973877,20.0,10545.0,890832.820770458
135947.15625,135969.78125,136275.1875,136415.015625,136204.28125,136362.453125,136434.875,107716.8984375,-0.630615234375,0.214599609375,-0.47802734375,-0.060975611209869385,2.5,0.15243902802467346,20.0,10546.0,890832.824686041
135980.0625,136002.671875,136308.453125,136448.375,136237.09375,136395.34375,136473.671875,107799.8671875,-0.6298828125,0.214599609375,-0.4794921875,-0.12195122241973877,2.4390244483947754,0.12195122241973877,20.0,10547.0,890832.8247935
135967.359375,135990.34375,136295.484375,136435.3125,136224.5,136382.75,136452.296875,107714.0390625,-0.63037109375,0.214111328125,-0.47900390625,-0.09146341681480408,2.5,0.15243902802467346,20.0,10548.0,890832.824901791
135906.109375,135928.640625,136233.53125,136373.171875,136162.71875,136321.328125,136386.140625,107614.0859375,-0.6318359375,0.21533203125,-0.478759765625,-0.15243902802467346,2.378048896789551,0.15243902802467346,20.0,10549.0,890832.825007166
135918.09375,135940.625,136246.21875,136385.515625,136174.609375,136333.03125,136402.421875,107661.734375,-0.6318359375,0.21533203125,-0.474365234375,-0.09146341681480408,2.4695122241973877,0.18292683362960815,20.0,10550.0,890832.826974041
135956.09375,135978.71875,136284.9375,136424.5,136213.140625,136371.21875,136449.625,107775.1015625,-0.6318359375,0.21630859375,-0.476806640625,-0.060975611209869385,2.4390244483947754,0.12195122241973877,20.0,10551.0,890832.827084416
135951.984375,135974.6875,136280.375,136420.125,136209.296875,136367.359375,136437.8125,107700.8984375,-0.6328125,0.21533203125,-0.478271484375,-0.12195122241973877,2.4390244483947754,0.12195122241973877,20.0,10552.0,890832.830557541
135891.0,135913.625,136218.953125,136358.609375,136148.046875,136306.21875,136373.453125,107608.8046875,-0.630615234375,0.215087890625,-0.4765625,-0.12195122241973877,2.378048896789551,0.15243902802467346,20.0,10553.0,890832.8307685
135882.78125,135905.40625,136211.078125,136350.203125,136139.921875,136297.8125,136366.46875,107614.796875,-0.63232421875,0.21533203125,-0.478271484375,-0.15243902802467346,2.317073106765747,0.18292683362960815,20.0,10554.0,890832.862303875
135923.109375,135946.078125,136252.296875,136391.328125,136180.5,136338.40625,136416.984375,107744.2578125,-0.630615234375,0.216796875,-0.480224609375,-0.12195122241973877,2.2865853309631348,0.09146341681480408,20.0,10555.0,890832.862443875
135930.25,135953.234375,136258.921875,136398.390625,136187.484375,136345.546875,136418.234375,107695.7109375,-0.630126953125,0.2158203125,-0.47802734375,-0.12195122241973877,2.5304877758026123,0.12195122241973877,20.0,10556.0,890832.865812375
135877.78125,135900.65625,136206.25,136345.546875,136135.0,136292.984375,136360.578125,107596.46875,-0.62841796875,0.21484375,-0.47802734375,-0.24390244483947754,2.591463327407837,0.09146341681480408,20.0,10557.0,890832.865930916
135856.3125,135878.765625,136184.53125,136323.734375,136113.359375,136271.25,136337.234375,107567.0546875,-0.62890625,0.214599609375,-0.47607421875,-0.09146341681480408,2.5304877758026123,0.18292683362960815,20.0,10558.0,890832.866040083
135895.65625,135918.09375,136224.046875,136363.4375,136152.609375,136310.59375,136387.3125,107703.671875,-0.6298828125,0.21337890625,-0.478271484375,-0.060975611209869385,2.5,0.12195122241973877,20.0,10559.0,890832.868081041
135911.84375,135934.015625,136239.34375,136379.171875,136168.25,136326.421875,136399.828125,107687.3046875,-0.630615234375,0.215087890625,-0.47705078125,-0.060975611209869385,2.4695122241973877,0.12195122241973877,20.0,10560.0,890832.868189833
135865.96875,135888.40625,136193.46875,136333.390625,136122.921875,136280.734375,136349.3125,107590.8359375,-0.630859375,0.21435546875,-0.480712890625,-0.060975611209869385,2.4695122241973877,0.09146341681480408,20.0,10561.0,890832.869251666
135825.296875,135847.90625,136153.234375,136292.984375,136082.421875,136240.046875,136307.015625,107531.2890625,-0.6318359375,0.215576171875,-0.478271484375,-0.12195122241973877,2.408536672592163,0.12195122241973877,20.0,10562.0,890832.87056725
135862.125,135884.65625,136190.609375,136330.0,136119.078125,136276.625,136352.4375,107657.890625,-0.6328125,0.21484375,-0.480712890625,-0.060975611209869385,2.3475608825683594,0.15243902802467346,20.0,10563.0,890832.872002583
135885.46875,135908.0,136214.125,136353.78125,136142.59375,136300.578125,136375.859375,107678.546875,-0.63134765625,0.216552734375,-0.47802734375,-0.09146341681480408,2.4390244483947754,0.060975611209869385,20.0,10564.0,890832.875475291
135852.109375,135874.734375,136180.328125,136320.25,136109.515625,136267.5,136336.34375,107582.8828125,-0.630615234375,0.215576171875,-0.47802734375,-0.030487805604934692,2.408536672592163,0.060975611209869385,20.0,10565.0,890832.904657208
135799.625,135822.4375,136127.40625,136267.046875,136056.671875,136214.65625,136280.375,107505.453125,-0.629150390625,0.21484375,-0.481201171875,-0.09146341681480408,2.4390244483947754,0.21341463923454285,20.0,10566.0,890832.905922416
135828.6875,135851.3125,136156.90625,136296.5625,136085.734375,136243.53125,136317.828125,107609.4375,-0.631103515625,0.214111328125,-0.478515625,-0.18292683362960815,2.4390244483947754,0.18292683362960815,20.0,10567.0,890832.906046875
135859.171875,135882.0625,136187.921875,136327.578125,136116.140625,136274.296875,136351.453125,107667.640625,-0.629150390625,0.215576171875,-0.476806640625,-0.18292683362960815,2.3475608825683594,0.18292683362960815,20.0,10568.0,890832.90615475
135839.515625,135862.3125,136167.71875,136307.46875,136096.546875,136254.796875,136323.640625,107572.6015625,-0.63134765625,0.216064453125,-0.478515625,-0.12195122241973877,2.408536672592163,0.12195122241973877,20.0,10569.0,890832.908521208
135779.609375,135802.671875,136107.640625,136247.109375,136036.828125,136194.8125,136260.53125,107482.65625,-0.630859375,0.21435546875,-0.47509765625,-0.09146341681480408,2.4695122241973877,0.060975611209869385,20.0,10570.0,890832.909684541
135798.5625,135821.359375,136126.765625,136266.15625,136055.34375,136213.40625,136285.65625,107556.859375,-0.632568359375,0.21630859375,-0.477783203125,-0.09146341681480408,2.4695122241973877,0.18292683362960815,20.0,10571.0,890832.911747958
135833.703125,135856.40625,136162.453125,136301.828125,136090.921875,136248.71875,136327.21875,107648.6796875,-0.6328125,0.215087890625,-0.478271484375,-0.060975611209869385,2.4390244483947754,0.09146341681480408,20.0,10572.0,890832.911856375
135824.84375,135847.46875,136152.875,136292.53125,136081.796875,136239.6875,136310.234375,107562.046875,-0.63037109375,0.2158203125,-0.478515625,-0.030487805604934692,2.4390244483947754,0.15243902802467346,20.0,10573.0,890832.912946208
135764.5,135787.203125,136092.4375,136232.1875,136021.453125,136179.609375,136247.921875,107467.453125,-0.6318359375,0.216796875,-0.479736328125,-0.030487805604934692,2.408536672592163,0.12195122241973877,20.0,10574.0,890832.955275166
135769.328125,135791.859375,136097.53125,136236.828125,136026.375,136184.34375,136254.09375,107503.21875,-0.63134765625,0.215576171875,-0.477294921875,-0.12195122241973877,2.5304877758026123,0.24390244483947754,20.0,10575.0,890832.955410833
135808.125,135830.828125,136137.140625,136276.171875,136065.34375,136223.0625,136301.828125,107621.953125,-0.63232421875,0.215087890625,-0.4775390625,-0.12195122241973877,2.5,0.12195122241973877,20.0,10576.0,890832.955512416
135809.015625,135831.640625,136136.96875,136276.265625,136065.890625,136223.875,136295.21875,107557.578125,-0.629638671875,0.213134765625,-0.4775390625,-0.15243902802467346,2.5,0.12195122241973877,20.0,10577.0,890832.955620041
135747.234375,135769.234375,136074.109375,136213.765625,136003.484375,136161.546875,136227.796875,107460.8359375,-0.629150390625,0.215576171875,-0.478271484375,-0.21341463923454285,2.5,0.15243902802467346,20.0,10578.0,890832.955726333
135735.890625,135758.140625,136062.9375,136202.5,135991.859375,136150.375,136217.96875,107454.046875,-0.62939453125,0.2177734375,-0.47998046875,-0.15243902802467346,2.5609755516052246,0.18292683362960815,20.0,10579.0,890832.958149041
135775.3125,135797.9375,136103.609375,136243.09375,136032.09375,136190.4375,136268.578125,107588.6953125,-0.629150390625,0.21630859375,-0.48046875,-0.12195122241973877,2.5609755516052246,0.21341463923454285,20.0,10580.0,890832.958268083
135787.203125,135809.921875,136115.59375,136254.53125,136044.25,136202.40625,136274.828125,107550.6015625,-0.630126953125,0.218017578125,-0.478759765625,-0.12195122241973877,2.4695122241973877,0.12195122241973877,20.0,10581.0,890832.959258041
135733.296875,135756.265625,136061.140625,136200.890625,135990.34375,136148.59375,136214.84375,107451.453125,-0.631103515625,0.21533203125,-0.479736328125,-0.15243902802467346,2.408536672592163,0.18292683362960815,20.0,10582.0,890832.960524833
135706.65625,135729.265625,136034.328125,136173.71875,135963.78125,136121.5,136186.40625,107405.5,-0.628662109375,0.2138671875,-0.47900390625,-0.030487805604934692,2.4695122241973877,0.21341463923454285,20.0,10583.0,890832.962930833
135746.34375,135768.609375,136074.65625,136213.765625,136002.859375,136160.84375,136237.375,107544.7890625,-0.630126953125,0.2138671875,-0.479248046875,-0.060975611209869385,2.5609755516052246,0.18292683362960815,20.0,10584.0,890832.964436583
135762.625,135785.15625,136090.921875,136230.390625,136019.578125,136177.375,136252.03125,107540.765625,-0.631103515625,0.216064453125,-0.478515625,-0.09146341681480408,2.5609755516052246,0.15243902802467346,20.0,10585.0,890832.965591916
135718.359375,135740.796875,136046.03125,136185.6875,135974.953125,136133.203125,136201.78125,107444.2109375,-0.631103515625,0.214599609375,-0.47900390625,-0.18292683362960815,2.4390244483947754,0.24390244483947754,20.0,10586.0,890832.966840625
135675.71875,135698.15625,136003.125,136143.21875,135932.3125,136090.46875,136156.8125,107375.8125,-0.630859375,0.216796875,-0.4814453125,-0.15243902802467346,2.4390244483947754,0.24390244483947754,20.0,10587.0,890832.967963833
135710.578125,135733.375,136039.15625,136178.71875,135967.546875,136125.796875,136201.15625,107499.375,-0.632080078125,0.217041015625,-0.4833984375,-0.12195122241973877,2.5,0.060975611209869385,20.0,10588.0,890833.00087075
135737.5,135760.03125,136065.703125,136205.09375,135993.640625,136152.34375,136228.34375,107529.859375,-0.6318359375,0.215087890625,-0.478759765625,-0.09146341681480408,2.408536672592163,0.15243902802467346,20.0,10589.0,890833.000994583
135706.46875,135728.734375,136033.96875,136173.53125,135962.796875,136120.875,136189.890625,107435.1796875,-0.633544921875,0.21435546875,-0.47802734375,-0.060975611209869385,2.378048896789551,0.15243902802467346,20.0,10590.0,890833.001093833
135647.90625,135670.34375,135975.40625,136114.96875,135904.6875,136062.484375,136128.296875,107357.3046875,-0.6318359375,0.2158203125,-0.47998046875,-0.09146341681480408,2.5,0.18292683362960815,20.0,10591.0,890833.001200833
135672.671875,135695.296875,136000.796875,136140.1875,135929.453125,136087.4375,136161.546875,107452.703125,-0.632568359375,0.21630859375,-0.476806640625,-0.21341463923454285,2.5304877758026123,0.18292683362960815,20.0,10592.0,890833.001306375
135703.25,135725.875,136031.46875,136171.390625,135960.03125,136117.921875,136196.234375,107519.3984375,-0.6318359375,0.217041015625,-0.479736328125,-0.12195122241973877,2.408536672592163,0.09146341681480408,20.0,10593.0,890833.001410875
135687.34375,135709.515625,136015.109375,136154.40625,135943.578125,136101.734375,136170.9375,107421.234375,-0.632080078125,0.21630859375,-0.478271484375,-0.18292683362960815,2.3475608825683594,0.09146341681480408,20.0,10594.0,890833.0017855
135629.9375,135652.296875,135957.4375,136096.546875,135886.359375,136044.515625,136110.234375,107331.5546875,-0.63134765625,0.216796875,-0.4775390625,-0.18292683362960815,2.408536672592163,0.15243902802467346,20.0,10595.0,890833.003038083
135647.546875,135669.640625,135975.046875,136114.53125,135904.0625,136062.046875,136133.03125,107393.6015625,-0.630859375,0.21630859375,-0.47998046875,-0.09146341681480408,2.4390244483947754,0.15243902802467346,20.0,10596.0,890833.00323275
135683.21875,135705.125,136011.34375,136150.90625,135939.640625,136098.078125,136175.859375,107495.4375,-0.630615234375,0.2138671875,-0.479248046875,-0.15243902802467346,2.591463327407837,0.18292683362960815,20.0,10597.0,890833.005244083
135675.984375,135698.15625,136003.75,136143.3125,135932.578125,136090.828125,136160.125,107417.7421875,-0.631591796875,0.213134765625,-0.477783203125,-0.12195122241973877,2.5609755516052246,0.09146341681480408,20.0,10598.0,890833.013937458
135611.25,135632.984375,135938.296875,136077.78125,135867.21875,136025.5625,136092.078125,107326.8203125,-0.631103515625,0.214599609375,-0.475830078125,-0.15243902802467346,2.5,0.15243902802467346,20.0,10599.0,890833.042317958
135606.515625,135628.78125,135934.1875,136073.578125,135863.015625,136021.359375,136091.375,107347.3828125,-0.627685546875,0.216064453125,-0.4775390625,-0.18292683362960815,2.5304877758026123,0.15243902802467346,20.0,10600.0,890833.042440416
135646.75,135668.921875,135974.78125,136114.34375,135903.34375,136061.5,136140.8125,107470.40625,-0.630615234375,0.21484375,-0.47802734375,-0.21341463923454285,2.4695122241973877,0.15243902802467346,20.0,10601.0,890833.042539375
135651.3125,135673.84375,135979.078125,136118.90625,135908.0,136066.421875,136138.578125,107405.3203125,-0.630859375,0.21533203125,-0.479248046875,-0.030487805604934692,2.5304877758026123,0.24390244483947754,20.0,10602.0,890833.047774125
135596.671875,135619.03125,135924.0,136063.921875,135853.359375,136011.34375,136079.75,107309.3828125,-0.630859375,0.21533203125,-0.476318359375,-0.12195122241973877,2.4695122241973877,0.21341463923454285,20.0,10603.0,890833.047893833
135577.71875,135599.890625,135905.140625,136044.875,135834.046875,135992.3125,136060.4375,107297.5859375,-0.63232421875,0.21484375,-0.479736328125,-0.12195122241973877,2.4390244483947754,0.09146341681480408,20.0,10604.0,890833.047993416
135616.890625,135639.234375,135945.09375,136084.84375,135873.390625,136031.734375,136110.328125,107431.421875,-0.632568359375,0.214111328125,-0.48095703125,-0.18292683362960815,2.4390244483947754,0.18292683362960815,20.0,10605.0,890833.04979125
135629.765625,135651.75,135957.609375,136097.171875,135886.265625,136044.25,136118.015625,107399.328125,-0.630615234375,0.21630859375,-0.479248046875,-0.18292683362960815,2.4695122241973877,0.18292683362960815,20.0,10606.0,890833.051574041
135583.453125,135605.53125,135910.5,136050.15625,135839.859375,135997.671875,136064.1875,107296.8671875,-0.6298828125,0.2158203125,-0.478515625,-0.15243902802467346,2.5,0.09146341681480408,20.0,10607.0,890833.051683666
135556.53125,135578.796875,135883.234375,136023.234375,135813.140625,135970.84375,136035.671875,107252.34375,-0.6318359375,0.21630859375,-0.482421875,-0.09146341681480408,2.5,0.12195122241973877,20.0,10608.0,890833.053145375
135597.9375,135619.921875,135925.25,136064.71875,135854.53125,136012.25,136088.0625,107389.7578125,-0.62939453125,0.217529296875,-0.47900390625,-0.12195122241973877,2.5,0.15243902802467346,20.0,10609.0,890833.056362666
135617.0625,135639.140625,135944.46875,136083.953125,135873.484375,136031.28125,136105.859375,107394.765625,-0.630859375,0.2158203125,-0.48193359375,-0.12195122241973877,2.3475608825683594,0.12195122241973877,20.0,10610.0,890833.056472083
135575.21875,135597.484375,135902.1875,136041.921875,135831.734375,135989.625,136057.21875,107299.8203125,-0.62890625,0.2158203125,-0.480712890625,-0.060975611209869385,2.408536672592163,0.15243902802467346,20.0,10611.0,890833.090058666
135525.25,135547.59375,135852.5625,135992.3125,135781.9375,135939.828125,136005.359375,107229.3671875,-0.630615234375,0.216796875,-0.480712890625,-0.09146341681480408,2.4390244483947754,0.12195122241973877,20.0,10612.0,890833.090189666
135557.703125,135579.953125,135885.734375,136025.296875,135814.390625,135972.359375,136047.5625,107344.34375,-0.63232421875,0.21630859375,-0.480712890625,-0.09146341681480408,2.378048896789551,0.12195122241973877,20.0,10613.0,890833.090290125
135583.984375,135606.421875,135912.28125,136051.578125,135840.671875,135998.734375,136075.8125,107386.5390625,-0.631103515625,0.216064453125,-0.478271484375,-0.18292683362960815,2.4695122241973877,0.15243902802467346,20.0,10614.0,890833.092400958
135557.421875,135579.953125,135884.84375,136024.484375,135814.109375,135972.09375,136040.859375,107288.015625,-0.630859375,0.214599609375,-0.477294921875,-0.09146341681480408,2.5,0.18292683362960815,20.0,10615.0,890833.09251175
135502.4375,135524.796875,135829.5,135969.140625,135759.046875,135917.203125,135981.578125,107203.703125,-0.6318359375,0.2138671875,-0.478271484375,-0.060975611209869385,2.5,0.18292683362960815,20.0,10616.0,890833.092614625
135526.859375,135549.296875,135854.34375,135994.0,135783.625,135941.515625,136014.296875,107291.59375,-0.631591796875,0.213623046875,-0.47900390625,-0.030487805604934692,2.5609755516052246,0.12195122241973877,20.0,10617.0,890833.093526375
135558.6875,135580.859375,135886.359375,136026.09375,135815.09375,135973.171875,136051.5,107369.1953125,-0.63232421875,0.214111328125,-0.480712890625,-0.09146341681480408,2.4695122241973877,0.24390244483947754,20.0,10618.0,890833.095528083
135546.15625,135568.34375,135873.578125,136013.140625,135802.84375,135960.75,136031.015625,107276.84375,-0.633056640625,0.214599609375,-0.47705078125,-0.15243902802467346,2.3475608825683594,0.27439025044441223,20.0,10619.0,890833.095639166
135486.0,135507.984375,135812.859375,135952.515625,135742.59375,135900.3125,135966.28125,107186.359375,-0.63232421875,0.21533203125,-0.478759765625,-0.12195122241973877,2.378048896789551,0.12195122241973877,20.0,10620.0,890833.098006333
135497.078125,135519.515625,135824.40625,135964.234375,135754.125,135911.65625,135982.203125,107238.3984375,-0.632568359375,0.213623046875,-0.47705078125,-0.09146341681480408,2.5,0.15243902802467346,20.0,10621.0,890833.102647375
135537.046875,135559.484375,135865.171875,136005.0,135794.0,135951.71875,136029.765625,107346.578125,-0.6328125,0.214599609375,-0.47802734375,-0.060975611209869385,2.408536672592163,0.09146341681480408,20.0,10622.0,890833.1316485
135534.09375,135556.71875,135861.859375,136001.515625,135791.140625,135948.578125,136018.765625,107274.15625,-0.6328125,0.216064453125,-0.477783203125,-0.15243902802467346,2.378048896789551,0.18292683362960815,20.0,10623.0,890833.131885125
135470.890625,135493.859375,135798.375,135938.03125,135728.28125,135885.90625,135952.515625,107176.6171875,-0.631103515625,0.21533203125,-0.47998046875,-0.15243902802467346,2.378048896789551,0.18292683362960815,20.0,10624.0,890833.136437666
135466.328125,135488.9375,135793.640625,135933.296875,135723.375,135881.078125,135950.015625,107193.421875,-0.63232421875,0.214599609375,-0.47705078125,-0.18292683362960815,2.4695122241973877,0.09146341681480408,20.0,10625.0,890833.136553166
135504.859375,135527.203125,135832.4375,135972.28125,135761.359375,135919.34375,135997.9375,107319.7578125,-0.631591796875,0.21435546875,-0.478759765625,-0.09146341681480408,2.4695122241973877,0.060975611209869385,20.0,10626.0,890833.136661458
135511.5625,135534.1875,135839.0625,135978.984375,135768.34375,135926.046875,135998.5625,107266.2890625,-0.63134765625,0.21533203125,-0.478271484375,0.0,2.408536672592163,0.09146341681480408,20.0,10627.0,890833.138163625
135457.296875,135479.90625,135784.4375,135924.625,135714.515625,135871.875,135940.265625,107171.6953125,-0.63134765625,0.214599609375,-0.47802734375,-0.12195122241973877,2.5,0.15243902802467346,20.0,10628.0,890833.139927916
135432.4375,135454.96875,135759.75,135899.59375,135689.75,135847.109375,135914.96875,107150.5078125,-0.631591796875,0.21630859375,-0.47998046875,-0.12195122241973877,2.408536672592163,0.15243902802467346,20.0,10629.0,890833.140920708
135473.296875,135495.296875,135801.234375,135940.53125,135730.078125,135887.515625,135965.296875,107282.7421875,-0.630859375,0.21630859375,-0.479248046875,-0.09146341681480408,2.591463327407837,0.060975611209869385,20.0,10630.0,890833.141030916
135488.765625,135511.203125,135816.359375,135956.0,135745.625,135902.71875,135977.109375,107259.3125,-0.630859375,0.21533203125,-0.476806640625,-0.060975611209869385,2.5304877758026123,0.030487805604934692,20.0,10631.0,890833.141137541
135444.0625,135466.6875,135771.015625,135910.9375,135701.109375,135858.28125,135925.703125,107161.234375,-0.6298828125,0.2158203125,-0.479736328125,-0.12195122241973877,2.4695122241973877,0.09146341681480408,20.0,10632.0,890833.203217291
135406.875,135429.671875,135733.921875,135873.84375,135664.0,135821.53125,135886.796875,107107.328125,-0.6298828125,0.216552734375,-0.47900390625,-0.060975611209869385,2.4695122241973877,0.18292683362960815,20.0,10633.0,890833.203296083
135443.875,135466.328125,135771.734375,135911.125,135700.75,135858.28125,135934.453125,107236.609375,-0.632080078125,0.215087890625,-0.480224609375,-0.12195122241973877,2.5609755516052246,0.12195122241973877,20.0,10634.0,890833.203349291
135466.59375,135488.3125,135794.09375,135933.5625,135723.015625,135880.640625,135955.5625,107249.8359375,-0.6318359375,0.214111328125,-0.478271484375,-0.060975611209869385,2.4695122241973877,0.15243902802467346,20.0,10635.0,890833.203389916
135429.484375,135451.65625,135756.71875,135896.1875,135686.171875,135843.890625,135911.390625,107155.0703125,-0.6328125,0.212890625,-0.477294921875,-0.060975611209869385,2.4695122241973877,0.15243902802467346,20.0,10636.0,890833.203433958
135378.703125,135401.140625,135705.578125,135845.046875,135635.65625,135793.015625,135858.015625,107078.359375,-0.631591796875,0.212158203125,-0.476318359375,-0.09146341681480408,2.5609755516052246,0.12195122241973877,20.0,10637.0,890833.203474166
135407.9375,135430.65625,135735.078125,135874.640625,135664.71875,135822.4375,135896.90625,107186.8046875,-0.6298828125,0.2119140625,-0.4794921875,-0.030487805604934692,2.591463327407837,0.12195122241973877,20.0,10638.0,890833.203527166
135435.296875,135457.734375,135762.796875,135902.265625,135691.8125,135849.515625,135926.6875,107238.21875,-0.632080078125,0.213623046875,-0.478759765625,-0.12195122241973877,2.378048896789551,0.21341463923454285,20.0,10639.0,890833.203567708
135412.40625,135435.125,135739.546875,135879.46875,135669.09375,135826.90625,135896.1875,107142.4609375,-0.63134765625,0.21435546875,-0.479736328125,-0.09146341681480408,2.5,0.24390244483947754,20.0,10640.0,890833.203606875
135356.796875,135379.421875,135683.765625,135823.765625,135613.484375,135771.5625,135837.453125,107053.6796875,-0.630126953125,0.216552734375,-0.478271484375,-0.060975611209869385,2.591463327407837,0.15243902802467346,20.0,10641.0,890833.203646041
135380.046875,135402.578125,135707.359375,135847.015625,135636.640625,135794.625,135865.890625,107132.4453125,-0.631591796875,0.21630859375,-0.47802734375,-0.060975611209869385,2.5304877758026123,0.18292683362960815,20.0,10642.0,890833.203689875
135412.40625,135435.125,135740.09375,135879.65625,135669.359375,135826.90625,135904.234375,107218.7265625,-0.630615234375,0.216064453125,-0.4765625,-0.15243902802467346,2.5,0.15243902802467346,20.0,10643.0,890833.203730708
135399.71875,135422.15625,135726.859375,135866.515625,135656.671875,135814.46875,135884.296875,107135.484375,-0.629638671875,0.2158203125,-0.476806640625,-0.15243902802467346,2.408536672592163,0.12195122241973877,20.0,10644.0,890833.20377075
135335.34375,135357.78125,135662.03125,135801.875,135592.03125,135749.75,135815.8125,107043.578125,-0.63232421875,0.21533203125,-0.476806640625,-0.09146341681480408,2.408536672592163,0.12195122241973877,20.0,10645.0,890833.203812083
135342.40625,135364.75,135669.359375,135809.375,135599.1875,135756.265625,135826.453125,107081.9296875,-0.630615234375,0.21533203125,-0.4775390625,-0.09146341681480408,2.4390244483947754,0.09146341681480408,20.0,10646.0,890833.204173083
135378.078125,135400.4375,135705.84375,135845.5,135634.859375,135792.125,135871.34375,107196.640625,-0.629638671875,0.214599609375,-0.475341796875,-0.060975611209869385,2.4390244483947754,0.15243902802467346,20.0,10647.0,890833.206489
135378.078125,135400.703125,135705.75,135845.3125,135635.296875,135792.5625,135863.640625,107126.28125,-0.632568359375,0.214111328125,-0.477783203125,0.0,2.4695122241973877,0.12195122241973877,20.0,10648.0,890833.206541041
135318.984375,135341.875,135646.296875,135785.59375,135575.9375,135733.46875,135799.1875,107029.453125,-0.632080078125,0.21484375,-0.478271484375,0.0,2.3475608825683594,0.15243902802467346,20.0,10649.0,890833.212226
135314.59375,135337.21875,135641.828125,135780.953125,135571.46875,135728.640625,135796.5,107033.5625,-0.63232421875,0.21875,-0.478759765625,-0.12195122241973877,2.4390244483947754,0.09146341681480408,20.0,10650.0,890833.25889025
135355.8125,135378.34375,135683.9375,135823.140625,135612.859375,135770.3125,135848.359375,107165.53125,-0.632568359375,0.2177734375,-0.481201171875,-0.15243902802467346,2.408536672592163,0.09146341681480408,20.0,10651.0,890833.259000041
135363.859375,135386.75,135691.890625,135830.921875,135621.0,135778.4375,135850.59375,107119.21875,-0.63134765625,0.21337890625,-0.4794921875,-0.12195122241973877,2.4695122241973877,0.18292683362960815,20.0,10652.0,890833.259074708
135312.984375,135335.703125,135640.578125,135779.96875,135569.859375,135727.65625,135795.34375,107027.125,-0.63134765625,0.21484375,-0.47900390625,-0.060975611209869385,2.5,0.18292683362960815,20.0,10653.0,890833.261445291
135289.03125,135311.46875,135615.71875,135755.640625,135545.984375,135703.34375,135769.234375,106992.078125,-0.63232421875,0.216064453125,-0.478271484375,-0.030487805604934692,2.5,0.24390244483947754,20.0,10654.0,890833.264587708
135328.375,135350.625,135655.78125,135795.609375,135585.5,135742.59375,135819.484375,107127.0859375,-0.630859375,0.215576171875,-0.4765625,0.0,2.4390244483947754,0.12195122241973877,20.0,10655.0,890833.264664666
135343.75,135366.1875,135671.25,135810.984375,135600.609375,135758.328125,135832.171875,107115.1015625,-0.631591796875,0.21630859375,-0.479736328125,-0.15243902802467346,2.378048896789551,0.18292683362960815,20.0,10656.0,890833.266877291
135302.625,135325.328125,135629.671875,135769.234375,135559.3125,135716.9375,135784.078125,107016.84375,-0.63134765625,0.2158203125,-0.479248046875,-0.12195122241973877,2.5609755516052246,0.18292683362960815,20.0,10657.0,890833.26699725
135264.796875,135287.328125,135591.84375,135730.875,135521.671875,135679.375,135744.46875,106958.5546875,-0.63134765625,0.21435546875,-0.479248046875,-0.15243902802467346,2.5609755516052246,0.15243902802467346,20.0,10658.0,890833.298260375
135300.03125,135322.640625,135627.796875,135767.09375,135557.078125,135714.703125,135789.703125,107082.6484375,-0.631591796875,0.21533203125,-0.47900390625,-0.15243902802467346,2.408536672592163,0.12195122241973877,20.0,10659.0,890833.298391083
135323.453125,135345.890625,135651.03125,135790.421875,135580.140625,135737.765625,135812.59375,107105.71875,-0.6318359375,0.2158203125,-0.4765625,-0.12195122241973877,2.3475608825683594,0.12195122241973877,20.0,10660.0,890833.298499791
135291.796875,135314.59375,135619.125,135758.59375,135548.484375,135706.296875,135774.15625,107016.0390625,-0.630615234375,0.21826171875,-0.477294921875,-0.060975611209869385,2.4695122241973877,0.09146341681480408,20.0,10661.0,890833.298599375
135235.921875,135258.984375,135563.421875,135702.625,135493.0625,135650.40625,135716.3125,106944.2421875,-0.630859375,0.217529296875,-0.47705078125,-0.09146341681480408,2.5,0.12195122241973877,20.0,10662.0,890833.298704
135260.59375,135283.578125,135588.546875,135727.75,135517.828125,135675.0,135749.296875,107039.8203125,-0.630615234375,0.21630859375,-0.47900390625,-0.12195122241973877,2.4390244483947754,0.060975611209869385,20.0,10663.0,890833.298814916
135287.6875,135310.390625,135615.640625,135754.921875,135544.734375,135702.0,135779.875,107097.3125,-0.6298828125,0.21435546875,-0.47705078125,-0.12195122241973877,2.408536672592163,0.12195122241973877,20.0,10664.0,890833.298919166
135270.96875,135293.5,135598.46875,135737.765625,135527.921875,135685.375,135754.03125,107001.46875,-0.62939453125,0.216064453125,-0.478759765625,-0.12195122241973877,2.378048896789551,0.18292683362960815,20.0,10665.0,890833.299030666
135218.671875,135241.375,135545.71875,135685.375,135475.53125,135632.984375,135698.515625,106914.4765625,-0.628662109375,0.216552734375,-0.47900390625,-0.09146341681480408,2.5,0.18292683362960815,20.0,10666.0,890833.29913425
135237.703125,135260.328125,135565.390625,135705.125,135494.578125,135652.109375,135723.640625,106988.3203125,-0.629638671875,0.215087890625,-0.47998046875,-0.12195122241973877,2.5304877758026123,0.24390244483947754,20.0,10667.0,890833.299236583
135270.34375,135292.875,135598.46875,135738.03125,135527.484375,135684.921875,135762.890625,107080.3203125,-0.630126953125,0.214111328125,-0.479248046875,-0.09146341681480408,2.5,0.24390244483947754,20.0,10668.0,890833.300139333
135261.84375,135284.65625,135589.265625,135729.0,135518.984375,135676.703125,135747.515625,107000.2109375,-0.630615234375,0.21533203125,-0.48046875,-0.09146341681480408,2.4695122241973877,0.15243902802467346,20.0,10669.0,890833.301321291
135201.046875,135223.859375,135527.921875,135668.03125,135457.921875,135615.8125,135682.78125,106910.2734375,-0.630615234375,0.21484375,-0.479248046875,-0.060975611209869385,2.408536672592163,0.060975611209869385,20.0,10670.0,890833.303549375
135202.578125,135225.28125,135530.25,135669.8125,135459.890625,135617.421875,135687.0625,106939.2421875,-0.63134765625,0.2158203125,-0.478759765625,-0.09146341681480408,2.4695122241973877,0.060975611209869385,20.0,10671.0,890833.30374025
135239.765625,135262.46875,135567.890625,135707.359375,135497.265625,135654.25,135732.84375,107055.46875,-0.631103515625,0.2158203125,-0.479248046875,-0.12195122241973877,2.5609755516052246,0.09146341681480408,20.0,10672.0,890833.305311666
135242.8125,135265.421875,135570.390625,135709.6875,135499.765625,135656.9375,135729.0,106990.9140625,-0.630615234375,0.21533203125,-0.47998046875,-0.18292683362960815,2.4695122241973877,0.09146341681480408,20.0,10673.0,890833.308863333
135188.890625,135211.875,135516.125,135655.59375,135445.671875,135603.203125,135668.46875,106892.75,-0.63134765625,0.21630859375,-0.479248046875,-0.12195122241973877,2.378048896789551,0.060975611209869385,20.0,10674.0,890833.340958458
135182.359375,135205.171875,135509.59375,135649.25,135439.59375,135596.953125,135662.296875,106884.5234375,-0.630615234375,0.21484375,-0.4794921875,-0.15243902802467346,2.5304877758026123,0.18292683362960815,20.0,10675.0,890833.341096916
135223.40625,135245.9375,135551.078125,135690.640625,135480.453125,135637.625,135713.984375,107017.6484375,-0.63134765625,0.212890625,-0.4794921875,-0.09146341681480408,2.621951103210449,0.18292683362960815,20.0,10676.0,890833.3451425
135231.453125,135254.078125,135559.03125,135698.25,135488.3125,135646.125,135716.75,106984.2109375,-0.63330078125,0.213623046875,-0.47998046875,-0.12195122241973877,2.4695122241973877,0.18292683362960815,20.0,10677.0,890833.34524825
135176.203125,135198.8125,135503.609375,135643.171875,135433.15625,135590.6875,135657.390625,106890.3359375,-0.632080078125,0.2138671875,-0.479736328125,-0.12195122241973877,2.5304877758026123,0.15243902802467346,20.0,10678.0,890833.345354041
135150.53125,135172.890625,135477.5,135617.25,135407.40625,135564.5,135630.390625,106847.328125,-0.632080078125,0.2138671875,-0.479248046875,-0.12195122241973877,2.5,0.12195122241973877,20.0,10679.0,890833.346853583
135190.140625,135212.5,135517.546875,135656.84375,135446.828125,135604.375,135680.359375,106981.078125,-0.630615234375,0.212646484375,-0.477783203125,-0.09146341681480408,2.4390244483947754,0.060975611209869385,20.0,10680.0,890833.346980458
135207.671875,135230.203125,135534.984375,135674.546875,135464.0,135621.890625,135695.296875,106977.328125,-0.630126953125,0.21435546875,-0.477294921875,-0.030487805604934692,2.5,0.09146341681480408,20.0,10681.0,890833.350496416
135166.453125,135189.15625,135493.234375,135633.25,135422.78125,135580.671875,135647.46875,106880.40625,-0.630615234375,0.21484375,-0.475830078125,-0.030487805604934692,2.621951103210449,0.060975611209869385,20.0,10682.0,890833.382195
135126.21875,135148.84375,135453.1875,135592.75,135382.640625,135540.4375,135605.53125,106814.78125,-0.631591796875,0.21435546875,-0.476318359375,-0.09146341681480408,2.621951103210449,0.09146341681480408,20.0,10683.0,890833.383020708
135162.15625,135184.953125,135489.75,135629.40625,135419.296875,135576.65625,135650.6875,106935.484375,-0.632080078125,0.2138671875,-0.477783203125,-0.18292683362960815,2.5,0.15243902802467346,20.0,10684.0,890833.385084
135185.859375,135208.734375,135513.265625,135652.640625,135442.625,135600.078125,135675.0,106968.4765625,-0.632080078125,0.215576171875,-0.476318359375,-0.09146341681480408,2.5304877758026123,0.12195122241973877,20.0,10685.0,890833.386239666
135155.71875,135178.796875,135483.21875,135622.609375,135412.5,135569.953125,135637.71875,106882.109375,-0.63134765625,0.216552734375,-0.478759765625,0.0,2.5609755516052246,0.09146341681480408,20.0,10686.0,890833.386353
135100.203125,135122.90625,135427.34375,135566.640625,135356.890625,135514.421875,135578.171875,106795.3828125,-0.633056640625,0.21630859375,-0.476806640625,0.0,2.5609755516052246,0.12195122241973877,20.0,10687.0,890833.390140708
135128.90625,135151.078125,135456.046875,135595.78125,135385.140625,135543.03125,135615.453125,106888.1875,-0.631591796875,0.2158203125,-0.4765625,0.0,2.5,0.12195122241973877,20.0,10688.0,890833.390263125
135159.203125,135181.46875,135486.265625,135625.734375,135415.453125,135573.078125,135650.140625,106957.65625,-0.63134765625,0.216552734375,-0.47705078125,-0.060975611209869385,2.408536672592163,0.060975611209869385,20.0,10689.0,890833.392078791
135140.53125,135162.78125,135467.03125,135606.78125,135396.765625,135554.203125,135623.140625,106871.3828125,-0.6328125,0.214599609375,-0.47607421875,-0.030487805604934692,2.5,0.12195122241973877,20.0,10690.0,890833.394316083
135081.78125,135104.046875,135408.125,135547.953125,135337.75,135495.375,135559.21875,106776.609375,-0.630859375,0.21533203125,-0.48095703125,-0.09146341681480408,2.4695122241973877,0.15243902802467346,20.0,10691.0,890833.423459458
135099.21875,135121.75,135426.53125,135565.921875,135355.734375,135513.265625,135583.359375,106837.40625,-0.629638671875,0.21533203125,-0.48095703125,-0.15243902802467346,2.4390244483947754,0.18292683362960815,20.0,10692.0,890833.423572375
135134.4375,135157.15625,135462.125,135601.59375,135391.3125,135548.9375,135626.1875,106937.71875,-0.63134765625,0.21533203125,-0.4814453125,-0.15243902802467346,2.4390244483947754,0.15243902802467346,20.0,10693.0,890833.423678125
135130.0625,135152.6875,135456.84375,135596.5,135387.015625,135544.546875,135613.75,106861.9921875,-0.630615234375,0.21484375,-0.479736328125,-0.09146341681480408,2.5,0.15243902802467346,20.0,10694.0,890833.423785958
135068.375,135090.90625,135394.984375,135534.8125,135324.96875,135482.78125,135549.5625,106771.9609375,-0.631103515625,0.21435546875,-0.480224609375,-0.12195122241973877,2.4390244483947754,0.15243902802467346,20.0,10695.0,890833.423890791
135066.3125,135088.84375,135393.09375,135532.75,135322.921875,135480.265625,135549.109375,106790.2890625,-0.63232421875,0.216552734375,-0.4775390625,-0.09146341681480408,2.5,0.09146341681480408,20.0,10696.0,890833.423996416
135105.03125,135127.5625,135432.609375,135572.1875,135361.53125,135519.15625,135596.59375,106910.453125,-0.632568359375,0.214599609375,-0.476806640625,-0.15243902802467346,2.4695122241973877,0.15243902802467346,20.0,10697.0,890833.424101041
135107.71875,135130.328125,135435.296875,135574.5,135364.671875,135522.203125,135592.828125,106856.1796875,-0.630859375,0.2138671875,-0.478515625,-0.15243902802467346,2.4390244483947754,0.27439025044441223,20.0,10698.0,890833.424211666
135051.390625,135073.734375,135378.34375,135517.546875,135307.984375,135465.703125,135532.9375,106762.9296875,-0.629638671875,0.21484375,-0.4814453125,-0.12195122241973877,2.3475608825683594,0.21341463923454285,20.0,10699.0,890833.424321583
135034.484375,135056.84375,135361.359375,135500.75,135291.078125,135448.796875,135515.765625,106744.5078125,-0.630859375,0.21484375,-0.4775390625,-0.09146341681480408,2.408536672592163,0.18292683362960815,20.0,10700.0,890833.427934375
135072.03125,135094.84375,135400.078125,135539.453125,135329.359375,135486.96875,135564.140625,106876.2109375,-0.631103515625,0.214599609375,-0.4794921875,-0.060975611209869385,2.408536672592163,0.15243902802467346,20.0,10701.0,890833.428040166
135084.203125,135106.8125,135411.875,135550.71875,135341.15625,135498.953125,135572.09375,106849.4765625,-0.631103515625,0.213134765625,-0.480712890625,-0.12195122241973877,2.4695122241973877,0.09146341681480408,20.0,10702.0,890833.432391458
135039.671875,135062.296875,135366.71875,135505.9375,135296.546875,135453.890625,135521.390625,106754.7890625,-0.632080078125,0.211181640625,-0.4775390625,-0.09146341681480408,2.4695122241973877,0.09146341681480408,20.0,10703.0,890833.432582666
135007.671875,135030.375,135334.53125,135474.109375,135264.4375,135421.703125,135487.15625,106706.6953125,-0.63232421875,0.212890625,-0.47802734375,-0.09146341681480408,2.4390244483947754,0.12195122241973877,20.0,10704.0,890833.434612166
135046.015625,135068.8125,135373.703125,135513.171875,135303.15625,135460.328125,135536.328125,106837.1328125,-0.62939453125,0.213134765625,-0.477294921875,-0.09146341681480408,2.5,0.15243902802467346,20.0,10705.0,890833.46731175
135068.28125,135090.640625,135395.609375,135535.25,135325.328125,135482.328125,135556.53125,106844.109375,-0.632080078125,0.21484375,-0.48046875,-0.09146341681480408,2.591463327407837,0.12195122241973877,20.0,10706.0,890833.467431375
135031.71875,135054.15625,135358.59375,135498.421875,135288.671875,135445.40625,135512.90625,106748.7109375,-0.630615234375,0.213134765625,-0.4775390625,-0.15243902802467346,2.4695122241973877,0.060975611209869385,20.0,10707.0,890833.467536541
134984.953125,135007.75,135311.375,135451.390625,135241.828125,135398.734375,135463.375,106676.3828125,-0.629150390625,0.214111328125,-0.47802734375,-0.09146341681480408,2.4695122241973877,0.060975611209869385,20.0,10708.0,890833.467641041
135019.109375,135041.90625,135346.34375,135486.265625,135276.25,135433.421875,135506.828125,106787.875,-0.628662109375,0.215087890625,-0.4775390625,-0.09146341681480408,2.4390244483947754,0.060975611209869385,20.0,10709.0,890833.469257541
135044.140625,135066.9375,135371.640625,135511.390625,135301.015625,135458.359375,135534.09375,106833.2890625,-0.630859375,0.2138671875,-0.4765625,-0.15243902802467346,2.3475608825683594,0.15243902802467346,20.0,10710.0,890833.469371291
135021.171875,135043.875,135347.953125,135487.421875,135277.578125,135435.296875,135503.703125,106742.8984375,-0.6298828125,0.21337890625,-0.478759765625,-0.12195122241973877,2.378048896789551,0.09146341681480408,20.0,10711.0,890833.470477291
134964.578125,134986.828125,135291.0,135430.828125,135220.984375,135378.703125,135445.046875,106663.2421875,-0.629638671875,0.215576171875,-0.47998046875,-0.12195122241973877,2.4390244483947754,0.12195122241973877,20.0,10712.0,890833.471899583
134984.234375,135006.6875,135311.109375,135450.59375,135240.921875,135398.28125,135470.53125,106744.2421875,-0.62890625,0.214599609375,-0.48046875,-0.15243902802467346,2.4695122241973877,0.09146341681480408,20.0,10713.0,890833.475556166
135014.90625,135037.703125,135342.578125,135482.0625,135271.859375,135428.6875,135506.828125,106823.0078125,-0.631103515625,0.216064453125,-0.479248046875,-0.09146341681480408,2.4390244483947754,0.15243902802467346,20.0,10714.0,890833.475675916
135002.84375,135025.8125,135330.15625,135469.359375,135259.609375,135416.703125,135486.703125,106736.109375,-0.629150390625,0.2138671875,-0.478271484375,-0.030487805604934692,2.378048896789551,0.12195122241973877,20.0,10715.0,890833.487126083
134945.078125,134967.875,135272.125,135411.421875,135201.765625,135358.953125,135424.84375,106642.140625,-0.63037109375,0.21630859375,-0.4755859375,-0.15243902802467346,2.3475608825683594,0.15243902802467346,20.0,10716.0,890833.487237375
134954.828125,134977.359375,135282.234375,135421.265625,135211.78125,135368.875,135438.96875,106690.5078125,-0.63134765625,0.21533203125,-0.47802734375,-0.18292683362960815,2.317073106765747,0.18292683362960815,20.0,10717.0,890833.487336541
134991.125,135013.203125,135318.625,135457.5625,135247.640625,135404.8125,135482.859375,106799.5859375,-0.63037109375,0.214599609375,-0.479248046875,-0.12195122241973877,2.4695122241973877,0.18292683362960815,20.0,10718.0,890833.489644166
134989.6875,135012.046875,135316.828125,135456.125,135246.375,135403.65625,135474.015625,106728.2421875,-0.631103515625,0.215576171875,-0.480712890625,-0.18292683362960815,2.4390244483947754,0.15243902802467346,20.0,10719.0,890833.489759583
134933.09375,134955.453125,135259.96875,135399.53125,135189.609375,135347.046875,135414.109375,106629.7109375,-0.631591796875,0.2158203125,-0.480224609375,-0.12195122241973877,2.4390244483947754,0.09146341681480408,20.0,10720.0,890833.492935333
134933.09375,134955.90625,135259.890625,135399.53125,135189.515625,135347.328125,135414.015625,106638.4765625,-0.63232421875,0.21728515625,-0.478759765625,-0.030487805604934692,2.4695122241973877,0.18292683362960815,20.0,10721.0,890833.557486458
134974.40625,134997.03125,135301.640625,135441.203125,135230.828125,135388.453125,135465.078125,106769.0078125,-0.63134765625,0.216064453125,-0.47705078125,-0.21341463923454285,2.4695122241973877,0.12195122241973877,20.0,10722.0,890833.558427708
134981.375,135004.0,135308.15625,135447.640625,135237.984375,135395.328125,135466.234375,106727.1640625,-0.630859375,0.216552734375,-0.478271484375,-0.21341463923454285,2.3475608825683594,0.21341463923454285,20.0,10723.0,890833.558549958
134919.421875,134941.953125,135246.03125,135385.5,135175.578125,135333.203125,135399.53125,106635.1640625,-0.631103515625,0.218017578125,-0.48046875,-0.18292683362960815,2.408536672592163,0.12195122241973877,20.0,10724.0,890833.55865875
134900.828125,134923.4375,135227.078125,135366.71875,135157.15625,135314.421875,135379.421875,106596.453125,-0.6328125,0.21630859375,-0.479248046875,-0.15243902802467346,2.408536672592163,0.18292683362960815,20.0,10725.0,890833.561888958
134943.03125,134965.90625,135270.34375,135409.375,135199.796875,135357.15625,135433.59375,106738.0703125,-0.631103515625,0.215087890625,-0.479248046875,-0.15243902802467346,2.5304877758026123,0.15243902802467346,20.0,10726.0,890833.561997125
134958.765625,134981.5625,135286.171875,135425.015625,135215.359375,135372.796875,135446.03125,106723.6796875,-0.631591796875,0.215087890625,-0.47607421875,-0.12195122241973877,2.5304877758026123,0.18292683362960815,20.0,10727.0,890833.565771791
134911.109375,134933.546875,135238.328125,135377.1875,135167.53125,135324.796875,135393.09375,106628.8203125,-0.63134765625,0.2138671875,-0.47900390625,-0.09146341681480408,2.5,0.24390244483947754,20.0,10728.0,890833.565895083
134871.859375,134894.46875,135198.546875,135337.84375,135128.28125,135285.71875,135351.25,106570.4375,-0.629638671875,0.216796875,-0.47998046875,-0.09146341681480408,2.5304877758026123,0.21341463923454285,20.0,10729.0,890833.566742291
134909.765625,134932.65625,135237.078125,135376.375,135166.359375,135323.890625,135399.265625,106697.6640625,-0.630126953125,0.21533203125,-0.478271484375,-0.12195122241973877,2.5304877758026123,0.21341463923454285,20.0,10730.0,890833.568083125
134931.765625,134954.828125,135259.703125,135399.0,135188.796875,135346.15625,135421.625,106717.953125,-0.631103515625,0.2158203125,-0.475341796875,-0.12195122241973877,2.591463327407837,0.09146341681480408,20.0,10731.0,890833.569220833
134898.765625,134921.484375,135226.0,135365.5625,135155.546875,135312.8125,135382.015625,106620.1484375,-0.63232421875,0.216552734375,-0.4755859375,-0.09146341681480408,2.5,0.09146341681480408,20.0,10732.0,890833.570642333
134846.90625,134869.890625,135174.046875,135313.265625,135103.59375,135260.6875,135327.390625,106547.28125,-0.63232421875,0.214599609375,-0.4775390625,-0.18292683362960815,2.408536672592163,0.12195122241973877,20.0,10733.0,890833.571773208
134874.265625,134897.515625,135201.953125,135340.96875,135131.140625,135288.140625,135362.25,106650.546875,-0.631103515625,0.2138671875,-0.478759765625,-0.18292683362960815,2.408536672592163,0.15243902802467346,20.0,10734.0,890833.57312375
134901.625,134924.515625,135229.3125,135368.515625,135158.40625,135315.3125,135392.5625,106706.421875,-0.631591796875,0.213134765625,-0.47705078125,-0.18292683362960815,2.5,0.12195122241973877,20.0,10735.0,890833.574233625
134883.21875,134906.015625,135209.90625,135349.375,135139.453125,135296.71875,135365.921875,106609.234375,-0.6318359375,0.213134765625,-0.478515625,-0.12195122241973877,2.621951103210449,0.060975611209869385,20.0,10736.0,890833.611594291
134826.265625,134849.328125,135152.953125,135292.609375,135082.671875,135240.03125,135305.921875,106522.421875,-0.6328125,0.21240234375,-0.480224609375,-0.09146341681480408,2.5304877758026123,0.060975611209869385,20.0,10737.0,890833.611861875
134844.3125,134867.203125,135171.28125,135311.296875,135101.1875,135258.28125,135330.25,106596.6328125,-0.63232421875,0.216064453125,-0.482177734375,-0.12195122241973877,2.4695122241973877,0.21341463923454285,20.0,10738.0,890833.612297833
134877.9375,134900.90625,135205.25,135345.453125,135134.4375,135291.625,135370.484375,106687.9140625,-0.6318359375,0.216064453125,-0.482666015625,-0.09146341681480408,2.408536672592163,0.15243902802467346,20.0,10739.0,890833.612415375
134869.625,134892.234375,135196.578125,135336.234375,135126.046875,135283.390625,135352.859375,106604.234375,-0.631591796875,0.215087890625,-0.48095703125,-0.12195122241973877,2.4390244483947754,0.18292683362960815,20.0,10740.0,890833.6128935
134808.015625,134830.46875,135134.359375,135274.09375,135064.53125,135221.796875,135287.15625,106509.4609375,-0.632080078125,0.21435546875,-0.478759765625,-0.18292683362960815,2.4390244483947754,0.12195122241973877,20.0,10741.0,890833.613012458
134810.515625,134833.6875,135137.578125,135277.40625,135067.65625,135224.921875,135295.109375,106548.0859375,-0.630859375,0.215576171875,-0.475341796875,-0.060975611209869385,2.4695122241973877,0.09146341681480408,20.0,10742.0,890833.613116208
134847.890625,134871.046875,135175.484375,135315.3125,135105.125,135261.84375,135341.0625,106665.4765625,-0.631591796875,0.2158203125,-0.47705078125,-0.09146341681480408,2.4390244483947754,0.15243902802467346,20.0,10743.0,890833.613223791
134849.328125,134872.21875,135176.375,135315.765625,135106.375,135263.1875,135334.359375,106597.796875,-0.6298828125,0.213134765625,-0.479736328125,-0.21341463923454285,2.408536672592163,0.030487805604934692,20.0,10744.0,890833.613330291
134794.703125,134817.3125,135121.03125,135260.59375,135051.390625,135208.203125,135273.109375,106491.7578125,-0.628173828125,0.215087890625,-0.48095703125,-0.09146341681480408,2.4695122241973877,0.12195122241973877,20.0,10745.0,890833.613434208
134791.484375,134813.921875,135117.90625,135257.375,135048.171875,135204.890625,135270.796875,106490.953125,-0.6318359375,0.2158203125,-0.477294921875,-0.030487805604934692,2.5,0.18292683362960815,20.0,10746.0,890833.613538583
134833.5,134856.203125,135160.640625,135300.203125,135090.28125,135247.015625,135324.078125,106628.90625,-0.631591796875,0.21533203125,-0.482177734375,-0.030487805604934692,2.5,0.21341463923454285,20.0,10747.0,890833.613643166
134842.53125,134864.875,135169.21875,135308.875,135098.953125,135255.859375,135328.375,106593.1484375,-0.62890625,0.216552734375,-0.483154296875,-0.09146341681480408,2.5609755516052246,0.15243902802467346,20.0,10748.0,890833.614370291
134784.234375,134806.859375,135110.484375,135250.3125,135041.015625,135197.75,135265.0625,106503.203125,-0.63037109375,0.2158203125,-0.479248046875,-0.060975611209869385,2.4695122241973877,0.15243902802467346,20.0,10749.0,890833.614480083
134755.71875,134777.984375,135081.875,135221.609375,135012.5,135169.140625,135235.03125,106460.015625,-0.630859375,0.21435546875,-0.4794921875,-0.030487805604934692,2.5,0.09146341681480408,20.0,10750.0,890833.615552291
134795.953125,134818.296875,135123.171875,135262.75,135052.546875,135209.640625,135286.4375,106596.6328125,-0.632080078125,0.214599609375,-0.478515625,-0.12195122241973877,2.5,0.18292683362960815,20.0,10751.0,890833.616832458
134815.265625,134837.875,135142.40625,135281.78125,135071.953125,135229.390625,135303.0625,106589.296875,-0.630859375,0.214111328125,-0.474853515625,-0.030487805604934692,2.408536672592163,0.12195122241973877,20.0,10752.0,890833.640823625
134775.125,134798.0,135101.984375,135241.28125,135031.890625,135189.25,135256.21875,106490.1484375,-0.631103515625,0.21484375,-0.47705078125,-0.060975611209869385,2.4390244483947754,0.18292683362960815,20.0,10753.0,890833.642152416
134732.46875,134755.09375,135058.890625,135198.640625,134989.25,135146.25,135211.15625,106428.1015625,-0.63134765625,0.21533203125,-0.480712890625,-0.060975611209869385,2.4695122241973877,0.12195122241973877,20.0,10754.0,890833.64226625
134768.6875,134790.9375,135095.546875,135235.296875,135025.375,135182.28125,135257.46875,106551.390625,-0.632080078125,0.215576171875,-0.48095703125,-0.09146341681480408,2.195122003555298,0.09146341681480408,20.0,10755.0,890833.642379375
134792.46875,134815.078125,135119.421875,135259.4375,135049.515625,135206.421875,135282.40625,106582.6875,-0.63037109375,0.215576171875,-0.482177734375,-0.060975611209869385,2.5,0.21341463923454285,20.0,10756.0,890833.642485333
134760.984375,134783.796875,135087.953125,135227.703125,135018.03125,135175.21875,135242.71875,106487.1953125,-0.630615234375,0.21533203125,-0.478515625,-0.15243902802467346,2.5304877758026123,0.21341463923454285,20.0,10757.0,890833.672424416
134709.40625,134731.75,135036.0,135175.390625,134966.0,135123.359375,135187.375,106401.1015625,-0.6298828125,0.216552734375,-0.479248046875,-0.15243902802467346,2.4390244483947754,0.18292683362960815,20.0,10758.0,890833.672537166
134739.796875,134762.0625,135066.578125,135205.96875,134996.40625,135153.578125,135226.171875,106500.609375,-0.63232421875,0.21630859375,-0.479248046875,-0.18292683362960815,2.4695122241973877,0.060975611209869385,20.0,10759.0,890833.672615208
134772.25,134794.34375,135099.390625,135238.875,135028.9375,135186.03125,135262.65625,106569.6328125,-0.631591796875,0.216064453125,-0.477294921875,-0.15243902802467346,2.408536672592163,0.09146341681480408,20.0,10760.0,890833.675565708
134753.390625,134775.828125,135079.8125,135219.65625,135009.984375,135167.171875,135236.1875,106482.3671875,-0.6318359375,0.216552734375,-0.479736328125,-0.09146341681480408,2.408536672592163,0.09146341681480408,20.0,10761.0,890833.675692333
134691.25,134713.78125,135017.40625,135157.328125,134947.765625,135104.765625,135169.765625,106390.28125,-0.6318359375,0.21484375,-0.479248046875,-0.12195122241973877,2.4695122241973877,0.030487805604934692,20.0,10762.0,890833.678301958
134707.796875,134730.328125,135034.3125,135174.140625,134964.390625,135121.296875,135192.375,106454.3828125,-0.631591796875,0.21533203125,-0.4755859375,-0.060975611209869385,2.4695122241973877,0.09146341681480408,20.0,10763.0,890833.678371333
134743.5625,134766.171875,135070.78125,135210.53125,135000.0625,135157.59375,135235.65625,106554.25,-0.63232421875,0.215576171875,-0.477294921875,-0.15243902802467346,2.5,0.18292683362960815,20.0,10764.0,890833.678435166
134738.375,134760.984375,135065.328125,135204.890625,134995.0625,135152.59375,135222.15625,106476.0234375,-0.632080078125,0.2158203125,-0.4775390625,-0.15243902802467346,2.4695122241973877,0.12195122241973877,20.0,10765.0,890833.678499708
134677.21875,134699.75,135003.90625,135143.390625,134934.078125,135091.53125,135156.4375,106381.609375,-0.633056640625,0.212646484375,-0.47705078125,-0.12195122241973877,2.4695122241973877,0.15243902802467346,20.0,10766.0,890833.680524708
134681.234375,134703.59375,135008.203125,135147.859375,134938.015625,135095.28125,135163.140625,106404.8515625,-0.630859375,0.2158203125,-0.477294921875,-0.09146341681480408,2.4390244483947754,0.12195122241973877,20.0,10767.0,890833.713529583
134720.046875,134742.390625,135047.1875,135187.109375,134976.828125,135133.640625,135211.78125,106531.0078125,-0.630615234375,0.21142578125,-0.475341796875,-0.09146341681480408,2.5304877758026123,0.15243902802467346,20.0,10768.0,890833.713668958
134724.328125,134747.140625,135051.5625,135191.125,134981.375,135137.9375,135209.375,106471.4609375,-0.632080078125,0.214599609375,-0.47607421875,-0.09146341681480408,2.408536672592163,0.18292683362960815,20.0,10769.0,890833.714381791
134667.203125,134689.90625,134993.890625,135133.46875,134923.796875,135080.625,135147.59375,106378.296875,-0.63232421875,0.215576171875,-0.478759765625,-0.15243902802467346,2.4390244483947754,0.18292683362960815,20.0,10770.0,890833.714492208
134648.96875,134671.859375,134975.75,135115.671875,134906.015625,135062.828125,135130.59375,106365.9609375,-0.631591796875,0.216064453125,-0.483154296875,-0.12195122241973877,2.4390244483947754,0.15243902802467346,20.0,10771.0,890833.721063041
134686.34375,134709.5,135013.828125,135153.75,134943.46875,135100.46875,135179.140625,106499.359375,-0.631103515625,0.21484375,-0.480224609375,-0.030487805604934692,2.5,0.09146341681480408,20.0,10772.0,890833.721243
134699.125,134722.09375,135026.0,135165.640625,134955.8125,135112.984375,135186.5625,106465.46875,-0.62890625,0.215576171875,-0.48095703125,-0.030487805604934692,2.317073106765747,0.12195122241973877,20.0,10773.0,890833.72136125
134654.15625,134677.125,134980.75,135120.140625,134910.65625,135067.75,135135.703125,106366.5,-0.6279296875,0.214599609375,-0.478759765625,-0.060975611209869385,2.408536672592163,0.12195122241973877,20.0,10774.0,890833.724410083
134626.875,134649.5,134953.390625,135092.953125,134883.75,135040.65625,135105.390625,106318.0390625,-0.627197265625,0.21728515625,-0.4794921875,-0.030487805604934692,2.4390244483947754,0.12195122241973877,20.0,10775.0,890833.724532333
134667.109375,134689.46875,134994.34375,135133.90625,134924.15625,135080.796875,135156.4375,106454.296875,-0.629638671875,0.21484375,-0.47802734375,-0.060975611209869385,2.5,0.24390244483947754,20.0,10776.0,890833.75793475
134685.71875,134708.0625,135012.765625,135152.328125,134942.671875,135099.484375,135173.609375,106459.2109375,-0.629150390625,0.21533203125,-0.480712890625,-0.060975611209869385,2.4695122241973877,0.24390244483947754,20.0,10777.0,890833.758005625
134643.59375,134666.40625,134970.296875,135109.5,134900.203125,135057.640625,135124.609375,106365.0703125,-0.630126953125,0.21435546875,-0.478759765625,-0.030487805604934692,2.5,0.18292683362960815,20.0,10778.0,890833.758054291
134596.03125,134619.015625,134922.546875,135061.84375,134852.8125,135010.171875,135075.53125,106297.296875,-0.630126953125,0.21435546875,-0.48046875,-0.030487805604934692,2.4695122241973877,0.09146341681480408,20.0,10779.0,890833.758100875
134627.15625,134649.953125,134954.375,135094.03125,134883.75,135041.015625,135116.828125,106413.796875,-0.6298828125,0.2138671875,-0.479736328125,-0.060975611209869385,2.5609755516052246,0.060975611209869385,20.0,10780.0,890833.758147
134654.78125,134677.671875,134982.0,135121.75,134911.375,135068.640625,135145.890625,106453.578125,-0.631103515625,0.2138671875,-0.480224609375,-0.060975611209869385,2.5,0.060975611209869385,20.0,10781.0,890833.758192083
134628.046875,134650.84375,134954.5625,135094.21875,134884.546875,135042.0,135109.953125,106356.3046875,-0.63134765625,0.213134765625,-0.477783203125,-0.060975611209869385,2.4390244483947754,0.060975611209869385,20.0,10782.0,890833.761678625
134574.125,134596.75,134900.375,135040.125,134830.90625,134987.8125,135052.734375,106273.875,-0.632568359375,0.21240234375,-0.47607421875,-0.060975611209869385,2.378048896789551,0.060975611209869385,20.0,10783.0,890833.761754833
134597.828125,134620.4375,134924.515625,135064.34375,134854.421875,135011.6875,135085.09375,106365.6015625,-0.63134765625,0.21337890625,-0.47802734375,-0.09146341681480408,2.5,0.18292683362960815,20.0,10784.0,890833.761820666
134629.828125,134652.359375,134956.96875,135096.453125,134886.515625,135043.703125,135121.84375,106441.6015625,-0.631591796875,0.212890625,-0.479248046875,-0.09146341681480408,2.4390244483947754,0.15243902802467346,20.0,10785.0,890833.762918958
134617.5,134640.203125,134944.28125,135083.75,134874.53125,135031.453125,135099.9375,106349.421875,-0.631591796875,0.213623046875,-0.478515625,-0.060975611209869385,2.5,0.09146341681480408,20.0,10786.0,890833.7646475
134557.40625,134580.125,134884.109375,135023.671875,134814.375,134971.28125,135037.171875,106256.53125,-0.63232421875,0.21435546875,-0.4765625,-0.09146341681480408,2.4390244483947754,0.12195122241973877,20.0,10787.0,890833.766035208
134568.765625,134591.75,134895.546875,135035.296875,134825.90625,134982.625,135053.625,106308.3828125,-0.6318359375,0.214599609375,-0.478759765625,-0.12195122241973877,2.4695122241973877,0.09146341681480408,20.0,10788.0,890833.767909083
134604.984375,134628.046875,134932.390625,135072.125,134861.9375,135019.203125,135097.609375,106416.03125,-0.630615234375,0.21337890625,-0.47998046875,-0.09146341681480408,2.378048896789551,0.21341463923454285,20.0,10789.0,890833.775424708
134601.578125,134624.828125,134928.71875,135067.84375,134858.53125,135015.625,135085.890625,106343.4296875,-0.631591796875,0.21484375,-0.481201171875,-0.09146341681480408,2.408536672592163,0.24390244483947754,20.0,10790.0,890833.8058085
134543.015625,134565.640625,134869.4375,135008.828125,134799.609375,134956.34375,135022.328125,106245.4375,-0.630615234375,0.21435546875,-0.48095703125,-0.030487805604934692,2.4695122241973877,0.24390244483947754,20.0,10791.0,890833.805917291
134543.28125,134566.265625,134869.703125,135009.359375,134800.0625,134956.796875,135024.921875,106260.90625,-0.6318359375,0.214111328125,-0.479248046875,-0.060975611209869385,2.4695122241973877,0.24390244483947754,20.0,10792.0,890833.8059955
134582.984375,134605.875,134910.296875,135050.046875,134839.9375,134996.9375,135075.078125,106391.890625,-0.63232421875,0.21435546875,-0.476806640625,-0.060975611209869385,2.4695122241973877,0.15243902802467346,20.0,10793.0,890833.807708583
134589.328125,134612.390625,134916.375,135055.765625,134846.203125,135003.015625,135074.90625,106342.8046875,-0.6318359375,0.215576171875,-0.478759765625,-0.12195122241973877,2.408536672592163,0.12195122241973877,20.0,10794.0,890833.807796916
134532.375,134555.171875,134858.796875,134998.1875,134788.890625,134945.96875,135011.421875,106242.4921875,-0.631591796875,0.21728515625,-0.476806640625,-0.18292683362960815,2.378048896789551,0.24390244483947754,20.0,10795.0,890833.810028083
134515.125,134538.09375,134841.1875,134981.375,134772.078125,134928.8125,134994.171875,106215.578125,-0.630615234375,0.21630859375,-0.478515625,-0.15243902802467346,2.5,0.18292683362960815,20.0,10796.0,890833.811273
134556.515625,134579.5,134883.484375,135023.578125,134813.46875,134970.390625,135047.09375,106356.21875,-0.630859375,0.216064453125,-0.476806640625,-0.18292683362960815,2.5304877758026123,0.12195122241973877,20.0,10797.0,890833.81395225
134569.921875,134592.8125,134896.71875,135036.359375,134826.34375,134983.796875,135056.921875,106335.203125,-0.63134765625,0.21533203125,-0.4775390625,-0.09146341681480408,2.5304877758026123,0.21341463923454285,20.0,10798.0,890833.814045125
134522.0,134544.890625,134848.34375,134988.171875,134778.25,134935.875,135003.015625,106240.96875,-0.63232421875,0.214111328125,-0.478271484375,-0.12195122241973877,2.5,0.18292683362960815,20.0,10799.0,890833.8154645
134488.125,134510.734375,134813.921875,134953.9375,134744.265625,134901.546875,134967.078125,106183.9296875,-0.630126953125,0.215087890625,-0.480712890625,-0.12195122241973877,2.5304877758026123,0.060975611209869385,20.0,10800.0,890833.815588
134526.03125,134548.828125,134852.453125,134992.734375,134782.71875,134939.8125,135015.796875,106316.34375,-0.629638671875,0.215576171875,-0.479248046875,-0.12195122241973877,2.5609755516052246,0.060975611209869385,20.0,10801.0,890833.856523291
134548.46875,134571.453125,134875.171875,135015.171875,134805.25,134962.15625,135037.078125,106330.6484375,-0.631103515625,0.21484375,-0.48095703125,-0.030487805604934692,2.5,0.21341463923454285,20.0,10802.0,890833.856666708
134511.09375,134533.984375,134837.4375,134977.71875,134767.703125,134924.515625,134992.28125,106235.875,-0.6318359375,0.216064453125,-0.482177734375,-0.09146341681480408,2.4390244483947754,0.060975611209869385,20.0,10803.0,890833.857403041
134462.28125,134484.90625,134788.34375,134928.0,134718.703125,134875.703125,134940.703125,106159.4296875,-0.63232421875,0.2158203125,-0.482666015625,-0.030487805604934692,2.4695122241973877,0.09146341681480408,20.0,10804.0,890833.857512375
134492.59375,134515.65625,134819.640625,134959.390625,134749.28125,134906.640625,134981.015625,106271.28125,-0.63232421875,0.215576171875,-0.4794921875,-0.030487805604934692,2.408536672592163,0.060975611209869385,20.0,10805.0,890833.863148583
134519.953125,134542.75,134847.0,134987.1875,134776.546875,134934.0,135011.15625,106321.703125,-0.633544921875,0.2138671875,-0.47998046875,-0.09146341681480408,2.4390244483947754,0.060975611209869385,20.0,10806.0,890833.863291791
134498.046875,134520.578125,134824.46875,134964.03125,134754.28125,134911.546875,134979.953125,106225.59375,-0.631591796875,0.213134765625,-0.48046875,-0.030487805604934692,2.4695122241973877,0.060975611209869385,20.0,10807.0,890833.864598958
134440.46875,134463.265625,134766.625,134906.375,134696.890625,134853.796875,134918.4375,106137.5234375,-0.6318359375,0.213623046875,-0.48095703125,-0.09146341681480408,2.5609755516052246,0.12195122241973877,20.0,10808.0,890833.895310583
134463.453125,134485.96875,134789.953125,134929.796875,134720.046875,134876.953125,134948.921875,106217.90625,-0.633056640625,0.212158203125,-0.4765625,-0.18292683362960815,2.621951103210449,0.15243902802467346,20.0,10809.0,890833.895541208
134497.953125,134520.390625,134824.734375,134964.390625,134754.46875,134911.640625,134989.421875,106304.09375,-0.630859375,0.212646484375,-0.4736328125,-0.15243902802467346,2.591463327407837,0.09146341681480408,20.0,10810.0,890833.895674791
134487.3125,134510.03125,134813.5625,134953.21875,134743.5625,134900.640625,134970.03125,106219.6953125,-0.6318359375,0.21337890625,-0.4765625,-0.18292683362960815,2.5304877758026123,0.12195122241973877,20.0,10811.0,890833.895974916
134425.8125,134448.328125,134752.046875,134891.703125,134682.21875,134839.046875,134904.578125,106129.03125,-0.631103515625,0.213623046875,-0.477294921875,-0.15243902802467346,2.408536672592163,0.12195122241973877,20.0,10812.0,890833.896175083
134432.421875,134454.953125,134758.9375,134898.59375,134688.84375,134845.84375,134915.84375,106173.46875,-0.63037109375,0.21435546875,-0.475830078125,-0.12195122241973877,2.2560975551605225,0.09146341681480408,20.0,10813.0,890833.89802375
134469.609375,134492.234375,134796.3125,134936.140625,134725.671875,134882.9375,134961.625,106286.9296875,-0.630615234375,0.216552734375,-0.47509765625,-0.060975611209869385,2.378048896789551,0.12195122241973877,20.0,10814.0,890833.899498375
134469.796875,134492.6875,134796.046875,134935.515625,134726.03125,134882.859375,134953.578125,106218.4375,-0.63232421875,0.216796875,-0.47509765625,-0.060975611209869385,2.4390244483947754,0.12195122241973877,20.0,10815.0,890833.899678416
134410.515625,134433.671875,134736.5,134876.140625,134666.671875,134823.578125,134889.828125,106120.09375,-0.632080078125,0.21630859375,-0.4775390625,-0.060975611209869385,2.408536672592163,0.18292683362960815,20.0,10816.0,890833.899847125
134404.4375,134427.5,134730.421875,134870.25,134660.671875,134817.59375,134885.53125,106125.0078125,-0.631591796875,0.216796875,-0.477783203125,-0.09146341681480408,2.408536672592163,0.18292683362960815,20.0,10817.0,890833.901827083
134443.953125,134467.015625,134770.828125,134910.296875,134700.46875,134857.28125,134935.78125,106257.421875,-0.629638671875,0.21435546875,-0.477783203125,0.0,2.4695122241973877,0.12195122241973877,20.0,10818.0,890833.901950375
134452.71875,134475.421875,134779.328125,134918.796875,134709.140625,134866.046875,134939.0,106210.2109375,-0.63134765625,0.21337890625,-0.478271484375,-0.030487805604934692,2.3475608825683594,0.12195122241973877,20.0,10819.0,890833.903835666
134400.59375,134423.484375,134726.84375,134866.578125,134657.28125,134814.09375,134882.40625,106112.9375,-0.632568359375,0.213623046875,-0.4765625,-0.12195122241973877,2.378048896789551,0.18292683362960815,20.0,10820.0,890833.905655583
134377.703125,134400.6875,134703.234375,134843.6875,134634.296875,134791.296875,134857.28125,106079.859375,-0.634521484375,0.21484375,-0.47412109375,-0.12195122241973877,2.4390244483947754,0.15243902802467346,20.0,10821.0,890833.906930958
134419.453125,134442.53125,134745.875,134886.15625,134676.0625,134833.046875,134909.859375,106217.1875,-0.632080078125,0.216064453125,-0.478515625,-0.060975611209869385,2.4695122241973877,0.09146341681480408,20.0,10822.0,890833.907046875
134434.5625,134457.1875,134760.71875,134900.46875,134690.625,134847.71875,134921.5625,106204.671875,-0.630859375,0.214599609375,-0.481689453125,-0.09146341681480408,2.4390244483947754,0.060975611209869385,20.0,10823.0,890833.940519583
134389.5,134412.75,134715.65625,134855.5,134645.828125,134802.75,134869.984375,106108.734375,-0.631591796875,0.215087890625,-0.47998046875,-0.060975611209869385,2.5,0.15243902802467346,20.0,10824.0,890833.940629166
134350.53125,134373.140625,134676.328125,134815.984375,134606.59375,134763.671875,134828.5,106050.0,-0.632080078125,0.215576171875,-0.478271484375,-0.12195122241973877,2.4390244483947754,0.09146341681480408,20.0,10825.0,890833.944769708
134385.75,134408.546875,134712.171875,134852.1875,134642.265625,134799.171875,134875.078125,106176.2421875,-0.630859375,0.2138671875,-0.481689453125,-0.09146341681480408,2.4390244483947754,0.09146341681480408,20.0,10826.0,890833.944868083
134408.28125,134431.34375,134735.15625,134874.890625,134665.140625,134821.515625,134898.5,106200.828125,-0.629150390625,0.214111328125,-0.48095703125,-0.030487805604934692,2.4390244483947754,0.060975611209869385,20.0,10827.0,890833.94494325
134378.6875,134401.578125,134704.671875,134844.671875,134635.109375,134791.84375,134860.59375,106098.7265625,-0.630859375,0.214111328125,-0.480712890625,-0.09146341681480408,2.4390244483947754,0.15243902802467346,20.0,10828.0,890833.945015333
134331.03125,134353.921875,134657.015625,134797.109375,134587.453125,134744.453125,134809.546875,106019.328125,-0.629638671875,0.2158203125,-0.4814453125,-0.15243902802467346,2.4390244483947754,0.18292683362960815,20.0,10829.0,890833.945225333
134362.6875,134385.65625,134689.203125,134828.859375,134618.828125,134776.109375,134849.234375,106127.2421875,-0.629150390625,0.21435546875,-0.481689453125,-0.15243902802467346,2.317073106765747,0.09146341681480408,20.0,10830.0,890833.947463916
134392.640625,134415.171875,134719.0625,134858.625,134648.515625,134805.703125,134883.03125,106189.921875,-0.630126953125,0.21484375,-0.48095703125,-0.18292683362960815,2.4390244483947754,0.15243902802467346,20.0,10831.0,890833.947574041
134371.359375,134393.890625,134697.515625,134837.25,134627.5,134784.328125,134854.421875,106098.546875,-0.6279296875,0.21484375,-0.480224609375,-0.09146341681480408,2.378048896789551,0.12195122241973877,20.0,10832.0,890833.949016666
134313.515625,134335.59375,134639.125,134778.6875,134569.84375,134726.21875,134792.28125,106004.7578125,-0.63037109375,0.21484375,-0.47998046875,-0.09146341681480408,2.4390244483947754,0.18292683362960815,20.0,10833.0,890833.949104666
134333.8125,134355.796875,134659.78125,134799.53125,134589.859375,134746.59375,134818.03125,106077.265625,-0.630615234375,0.214111328125,-0.478271484375,-0.12195122241973877,2.4695122241973877,0.18292683362960815,20.0,10834.0,890833.950640916
134368.140625,134390.671875,134694.828125,134834.3125,134624.28125,134780.921875,134859.15625,106172.9296875,-0.63232421875,0.21435546875,-0.477783203125,-0.060975611209869385,2.5,0.18292683362960815,20.0,10835.0,890833.959795833
134358.390625,134381.1875,134684.8125,134824.203125,134614.625,134771.359375,134841.90625,106094.5234375,-0.63134765625,0.215087890625,-0.478759765625,-0.030487805604934692,2.5304877758026123,0.09146341681480408,20.0,10836.0,890833.990085083
134293.390625,134316.1875,134619.28125,134759.109375,134549.71875,134706.625,134773.59375,106005.0234375,-0.630126953125,0.21630859375,-0.478759765625,-0.09146341681480408,2.591463327407837,0.12195122241973877,20.0,10837.0,890833.990190458
134294.28125,134317.09375,134620.4375,134760.546875,134551.0625,134707.890625,134778.25,106032.4765625,-0.631103515625,0.216796875,-0.476318359375,-0.09146341681480408,2.5609755516052246,0.21341463923454285,20.0,10838.0,890833.990264666
134332.546875,134355.4375,134659.421875,134799.4375,134589.328125,134745.96875,134825.71875,106153.0859375,-0.632080078125,0.2138671875,-0.47900390625,-0.12195122241973877,2.4390244483947754,0.12195122241973877,20.0,10839.0,890833.992030166
134336.046875,134358.75,134662.375,134802.390625,134592.453125,134749.1875,134821.515625,106087.1015625,-0.630859375,0.214599609375,-0.47900390625,-0.09146341681480408,2.408536672592163,0.09146341681480408,20.0,10840.0,890833.992108541
134280.703125,134303.40625,134606.3125,134746.234375,134536.84375,134693.765625,134760.1875,105986.96875,-0.630859375,0.217041015625,-0.476318359375,-0.15243902802467346,2.4390244483947754,0.21341463923454285,20.0,10841.0,890833.99218725
134272.203125,134294.640625,134598.09375,134738.28125,134528.4375,134685.0,134752.40625,105983.1171875,-0.630126953125,0.215087890625,-0.478759765625,-0.18292683362960815,2.5304877758026123,0.24390244483947754,20.0,10842.0,890833.994262333
134314.671875,134337.375,134641.359375,134781.28125,134571.0,134727.90625,134805.96875,106120.625,-0.630859375,0.21484375,-0.47900390625,-0.12195122241973877,2.5304877758026123,0.15243902802467346,20.0,10843.0,890833.994340708
134325.484375,134347.9375,134651.46875,134790.765625,134581.640625,134738.28125,134811.15625,106083.703125,-0.631103515625,0.214111328125,-0.477783203125,-0.15243902802467346,2.5609755516052246,0.09146341681480408,20.0,10844.0,890833.994417625
134275.953125,134298.671875,134601.765625,134741.046875,134532.28125,134689.015625,134756.34375,105987.4140625,-0.632080078125,0.214111328125,-0.476806640625,-0.12195122241973877,2.5304877758026123,0.09146341681480408,20.0,10845.0,890833.994493458
134245.828125,134268.453125,134571.625,134711.1875,134502.421875,134658.984375,134726.484375,105951.109375,-0.63134765625,0.21484375,-0.47802734375,-0.12195122241973877,2.5304877758026123,0.09146341681480408,20.0,10846.0,890834.025513291
134281.328125,134304.84375,134608.109375,134747.671875,134538.375,134694.65625,134772.4375,106084.328125,-0.631591796875,0.21484375,-0.47705078125,-0.12195122241973877,2.4390244483947754,0.15243902802467346,20.0,10847.0,890834.025611041
134301.171875,134324.15625,134627.5,134767.25,134557.765625,134714.5,134789.78125,106080.75,-0.63037109375,0.21337890625,-0.479248046875,-0.060975611209869385,2.5,0.12195122241973877,20.0,10848.0,890834.028958583
134262.734375,134285.53125,134588.796875,134728.171875,134518.96875,134675.78125,134742.9375,105981.6015625,-0.6298828125,0.21435546875,-0.47900390625,-0.060975611209869385,2.5,0.12195122241973877,20.0,10849.0,890834.031368708
134219.984375,134242.78125,134545.609375,134685.265625,134476.234375,134632.875,134697.25,105917.140625,-0.63037109375,0.214111328125,-0.48046875,-0.12195122241973877,2.5,0.060975611209869385,20.0,10850.0,890834.0314595
134255.390625,134278.1875,134581.828125,134721.46875,134511.90625,134668.640625,134743.640625,106037.8359375,-0.6298828125,0.213134765625,-0.47900390625,-0.09146341681480408,2.4695122241973877,0.15243902802467346,20.0,10851.0,890834.031533875
134279.71875,134302.421875,134606.3125,134745.703125,134536.21875,134692.859375,134769.21875,106071.7265625,-0.630859375,0.21337890625,-0.47998046875,-0.12195122241973877,2.5304877758026123,0.15243902802467346,20.0,10852.0,890834.033773458
134251.109375,134273.984375,134576.90625,134716.734375,134507.703125,134664.609375,134731.84375,105974.984375,-0.62939453125,0.214111328125,-0.47900390625,-0.09146341681480408,2.5,0.18292683362960815,20.0,10853.0,890834.033865708
134196.828125,134219.453125,134522.28125,134662.015625,134453.25,134610.078125,134674.625,105896.3984375,-0.630126953125,0.212890625,-0.47900390625,-0.030487805604934692,2.5304877758026123,0.12195122241973877,20.0,10854.0,890834.035475333
134223.203125,134245.828125,134549.453125,134689.109375,134479.8125,134636.265625,134710.203125,105989.734375,-0.6298828125,0.21533203125,-0.47705078125,-0.060975611209869385,2.3475608825683594,0.15243902802467346,20.0,10855.0,890834.035576833
134253.421875,134276.234375,134580.125,134719.6875,134510.296875,134666.75,134744.8125,106061.3515625,-0.628173828125,0.216064453125,-0.48046875,-0.09146341681480408,2.4695122241973877,0.15243902802467346,20.0,10856.0,890834.06831775
134239.84375,134262.28125,134565.8125,134705.5625,134496.171875,134653.171875,134722.546875,105968.546875,-0.630126953125,0.2158203125,-0.48046875,-0.12195122241973877,2.5,0.15243902802467346,20.0,10857.0,890834.068456
134182.34375,134204.609375,134508.234375,134647.625,134438.59375,134595.5,134659.96875,105874.3984375,-0.63037109375,0.215576171875,-0.479736328125,-0.09146341681480408,2.3475608825683594,0.15243902802467346,20.0,10858.0,890834.068560166
134199.421875,134222.140625,134525.84375,134665.328125,134456.03125,134612.75,134682.578125,105936.2734375,-0.62890625,0.214599609375,-0.479248046875,-0.15243902802467346,2.408536672592163,0.21341463923454285,20.0,10859.0,890834.070294458
134236.0,134258.4375,134562.6875,134702.25,134492.234375,134648.78125,134726.75,106040.6953125,-0.6298828125,0.215576171875,-0.478271484375,-0.09146341681480408,2.4695122241973877,0.15243902802467346,20.0,10860.0,890834.070415708
134228.84375,134251.640625,134555.171875,134694.921875,134485.171875,134642.265625,134712.09375,105967.296875,-0.62939453125,0.213134765625,-0.47900390625,-0.12195122241973877,2.5609755516052246,0.18292683362960815,20.0,10861.0,890834.075253875
134168.21875,134191.109375,134493.9375,134633.859375,134424.828125,134581.546875,134645.828125,105865.4609375,-0.630126953125,0.21337890625,-0.47607421875,-0.15243902802467346,2.5609755516052246,0.12195122241973877,20.0,10862.0,890834.075367916
134171.796875,134194.859375,134497.515625,134637.796875,134428.390625,134585.484375,134652.8125,105888.9765625,-0.630859375,0.214599609375,-0.477294921875,-0.15243902802467346,2.591463327407837,0.060975611209869385,20.0,10863.0,890834.075473625
134212.5625,134235.453125,134539.0,134679.28125,134469.25,134626.171875,134703.59375,106015.9296875,-0.630615234375,0.21630859375,-0.479248046875,-0.09146341681480408,2.5,0.060975611209869385,20.0,10864.0,890834.077635208
134217.390625,134239.921875,134543.28125,134683.46875,134473.8125,134630.375,134701.796875,105964.96875,-0.630615234375,0.216064453125,-0.477783203125,-0.09146341681480408,2.408536672592163,0.21341463923454285,20.0,10865.0,890834.078804208
134154.71875,134177.4375,134480.171875,134620.171875,134410.78125,134567.421875,134633.671875,105871.1796875,-0.63037109375,0.214599609375,-0.476318359375,-0.09146341681480408,2.5304877758026123,0.12195122241973877,20.0,10866.0,890834.081933291
134136.21875,134159.1875,134462.015625,134602.03125,134392.546875,134549.28125,134616.515625,105851.2421875,-0.631103515625,0.21435546875,-0.475830078125,-0.060975611209869385,2.4695122241973877,0.060975611209869385,20.0,10867.0,890834.082147291
134175.5625,134198.171875,134502.0625,134641.8125,134431.796875,134588.609375,134667.109375,105987.59375,-0.6337890625,0.214111328125,-0.477294921875,-0.12195122241973877,2.591463327407837,0.09146341681480408,20.0,10868.0,890834.117288083
134189.953125,134213.109375,134516.640625,134656.203125,134446.375,134603.546875,134676.6875,105958.53125,-0.633056640625,0.216552734375,-0.47900390625,-0.09146341681480408,2.5609755516052246,0.15243902802467346,20.0,10869.0,890834.117412
134145.96875,134169.125,134472.125,134611.859375,134402.296875,134558.9375,134625.8125,105860.09375,-0.631591796875,0.215087890625,-0.480224609375,-0.12195122241973877,2.5304877758026123,0.15243902802467346,20.0,10870.0,890834.117518041
134112.34375,134135.328125,134438.40625,134578.15625,134368.765625,134525.21875,134591.5625,105815.5703125,-0.631103515625,0.216064453125,-0.478759765625,-0.09146341681480408,2.4390244483947754,0.21341463923454285,20.0,10871.0,890834.155900416
134149.09375,134172.25,134475.609375,134615.703125,134405.59375,134562.15625,134639.125,105947.0,-0.632568359375,0.2138671875,-0.47802734375,-0.09146341681480408,2.5304877758026123,0.24390244483947754,20.0,10872.0,890834.156002333
134170.1875,134193.078125,134496.609375,134636.8125,134426.515625,134583.609375,134659.15625,105953.171875,-0.632080078125,0.21435546875,-0.47802734375,-0.09146341681480408,2.591463327407837,0.15243902802467346,20.0,10873.0,890834.15606075
134136.03125,134159.1875,134462.1875,134601.84375,134392.640625,134549.546875,134615.96875,105848.296875,-0.632080078125,0.212890625,-0.476806640625,-0.060975611209869385,2.5609755516052246,0.18292683362960815,20.0,10874.0,890834.156713166
134097.6875,134120.921875,134423.5625,134563.046875,134354.375,134510.921875,134574.125,105773.015625,-0.632080078125,0.21240234375,-0.478271484375,-0.09146341681480408,2.5609755516052246,0.12195122241973877,20.0,10875.0,890834.158904791
134133.53125,134156.421875,134459.953125,134599.875,134390.21875,134546.6875,134619.640625,105894.4296875,-0.630615234375,0.214111328125,-0.477783203125,-0.09146341681480408,2.4695122241973877,0.15243902802467346,20.0,10876.0,890834.161773083
134161.078125,134183.953125,134487.578125,134627.6875,134417.84375,134574.578125,134649.6875,105942.53125,-0.632080078125,0.214599609375,-0.47900390625,-0.060975611209869385,2.4390244483947754,0.09146341681480408,20.0,10877.0,890834.161847291
134131.5625,134154.453125,134457.28125,134597.5625,134388.515625,134545.15625,134613.828125,105858.3984375,-0.631591796875,0.21533203125,-0.478515625,-0.12195122241973877,2.4695122241973877,0.18292683362960815,20.0,10878.0,890834.163011791
134070.859375,134093.84375,134396.5625,134536.671875,134327.640625,134484.546875,134548.828125,105763.0,-0.6318359375,0.21484375,-0.479248046875,-0.09146341681480408,2.5,0.09146341681480408,20.0,10879.0,890834.170258958
134096.515625,134118.953125,134422.859375,134562.6875,134352.671875,134509.578125,134581.640625,105849.7265625,-0.632568359375,0.2158203125,-0.478515625,-0.030487805604934692,2.408536672592163,0.15243902802467346,20.0,10880.0,890834.170337083
134129.875,134152.578125,134456.109375,134596.21875,134386.109375,134542.921875,134620.625,105932.609375,-0.63134765625,0.21533203125,-0.479736328125,-0.060975611209869385,2.4390244483947754,0.27439025044441223,20.0,10881.0,890834.172020458
134115.03125,134137.828125,134440.921875,134581.28125,134371.625,134528.359375,134598.09375,105845.5234375,-0.630126953125,0.214599609375,-0.4765625,-0.15243902802467346,2.4695122241973877,0.21341463923454285,20.0,10882.0,890834.173766291
134055.484375,134078.375,134381.453125,134521.46875,134312.171875,134468.984375,134533.1875,105742.5234375,-0.631103515625,0.216064453125,-0.478271484375,-0.15243902802467346,2.5,0.21341463923454285,20.0,10883.0,890834.175299125
134073.546875,134096.703125,134399.875,134539.796875,134330.3125,134487.046875,134555.359375,105794.5625,-0.62841796875,0.215576171875,-0.4775390625,-0.15243902802467346,2.4695122241973877,0.21341463923454285,20.0,10884.0,890834.175366166
134111.625,134134.703125,134438.40625,134578.515625,134368.3125,134524.78125,134601.671875,105907.5703125,-0.63134765625,0.21337890625,-0.4755859375,-0.030487805604934692,2.5,0.15243902802467346,20.0,10885.0,890834.237592916
134106.078125,134129.0625,134432.25,134572.078125,134362.59375,134518.96875,134589.0625,105841.3203125,-0.63232421875,0.213623046875,-0.474853515625,-0.060975611209869385,2.5609755516052246,0.18292683362960815,20.0,10886.0,890834.237739625
134041.890625,134065.140625,134367.6875,134507.34375,134298.578125,134454.6875,134520.390625,105742.6171875,-0.630859375,0.21337890625,-0.48095703125,-0.09146341681480408,2.682926893234253,0.18292683362960815,20.0,10887.0,890834.237845833
134039.03125,134062.1875,134364.828125,134504.484375,134295.625,134451.90625,134519.140625,105748.7890625,-0.632080078125,0.216064453125,-0.481201171875,-0.18292683362960815,2.621951103210449,0.21341463923454285,20.0,10888.0,890834.23795475
134079.890625,134103.046875,134406.5,134546.421875,134336.484375,134492.953125,134570.375,105881.2890625,-0.63330078125,0.21533203125,-0.47802734375,-0.15243902802467346,2.5,0.12195122241973877,20.0,10889.0,890834.238061791
134086.6875,134109.65625,134412.9375,134552.9375,134343.28125,134499.75,134571.0,105838.015625,-0.630859375,0.213623046875,-0.478515625,-0.09146341681480408,2.5,0.060975611209869385,20.0,10890.0,890834.238167375
134027.859375,134050.65625,134353.296875,134493.21875,134284.28125,134440.46875,134507.796875,105742.8828125,-0.631103515625,0.21240234375,-0.480224609375,-0.12195122241973877,2.4390244483947754,0.09146341681480408,20.0,10891.0,890834.238271291
134003.265625,134026.421875,134328.703125,134468.8125,134259.6875,134416.15625,134484.71875,105715.9765625,-0.62939453125,0.212890625,-0.478271484375,-0.15243902802467346,2.5609755516052246,0.09146341681480408,20.0,10892.0,890834.238377125
134042.609375,134065.671875,134368.765625,134508.78125,134299.46875,134455.671875,134534.25,105852.3203125,-0.630615234375,0.215087890625,-0.4794921875,-0.15243902802467346,2.5,0.09146341681480408,20.0,10893.0,890834.238481333
134059.328125,134082.03125,134385.484375,134525.21875,134316.015625,134472.390625,134547.125,105834.078125,-0.63134765625,0.2158203125,-0.479248046875,-0.09146341681480408,2.5609755516052246,0.15243902802467346,20.0,10894.0,890834.238580791
134019.359375,134041.890625,134344.796875,134484.640625,134275.328125,134432.0625,134500.546875,105727.234375,-0.630859375,0.215576171875,-0.478515625,-0.030487805604934692,2.4695122241973877,0.21341463923454285,20.0,10895.0,890834.238656541
133989.671875,134012.390625,134315.03125,134454.5,134245.828125,134402.296875,134466.578125,105670.2890625,-0.633544921875,0.215576171875,-0.47900390625,-0.030487805604934692,2.4695122241973877,0.24390244483947754,20.0,10896.0,890834.238733583
134027.671875,134050.65625,134353.65625,134492.953125,134284.0,134440.109375,134514.9375,105803.59375,-0.631591796875,0.21630859375,-0.476806640625,-0.09146341681480408,2.5,0.21341463923454285,20.0,10897.0,890834.238810208
134049.484375,134072.734375,134375.734375,134515.484375,134306.09375,134462.375,134537.203125,105823.3515625,-0.630615234375,0.216064453125,-0.4765625,-0.15243902802467346,2.408536672592163,0.18292683362960815,20.0,10898.0,890834.238886458
134014.4375,134037.875,134340.15625,134480.515625,134271.40625,134427.59375,134495.546875,105731.2578125,-0.63037109375,0.21484375,-0.47900390625,-0.09146341681480408,2.4390244483947754,0.15243902802467346,20.0,10899.0,890834.238963625
133963.484375,133986.546875,134288.65625,134428.9375,134219.984375,134376.1875,134440.921875,105650.8828125,-0.631591796875,0.214599609375,-0.482177734375,-0.15243902802467346,2.408536672592163,0.15243902802467346,20.0,10900.0,890834.240102458
133994.328125,134017.390625,134320.484375,134460.3125,134250.921875,134407.125,134481.140625,105759.875,-0.630615234375,0.215576171875,-0.482177734375,-0.12195122241973877,2.4390244483947754,0.15243902802467346,20.0,10901.0,890834.240195666
134025.265625,134048.328125,134351.6875,134491.609375,134282.03125,134438.234375,134515.21875,105816.8203125,-0.631103515625,0.2138671875,-0.482177734375,-0.15243902802467346,2.4695122241973877,0.21341463923454285,20.0,10902.0,890834.241749375
134003.265625,134026.0625,134329.0625,134469.078125,134259.78125,134416.5,134484.359375,105727.0625,-0.631103515625,0.213134765625,-0.479736328125,-0.15243902802467346,2.5,0.18292683362960815,20.0,10903.0,890834.243466666
133942.375,133965.53125,134267.90625,134408.109375,134199.0625,134355.4375,134420.078125,105638.6328125,-0.6298828125,0.2158203125,-0.480712890625,-0.18292683362960815,2.5,0.09146341681480408,20.0,10904.0,890834.243549625
133961.96875,133985.296875,134287.84375,134428.3125,134218.5625,134374.578125,134446.90625,105713.2890625,-0.6298828125,0.216064453125,-0.478271484375,-0.18292683362960815,2.4695122241973877,0.21341463923454285,20.0,10905.0,890834.244663791
133995.671875,134019.09375,134322.1875,134462.546875,134252.53125,134408.734375,134487.3125,105805.6484375,-0.631103515625,0.214599609375,-0.48046875,-0.18292683362960815,2.4695122241973877,0.21341463923454285,20.0,10906.0,890834.247020666
133987.359375,134010.515625,134312.96875,134453.25,134244.125,134400.234375,134470.78125,105720.0,-0.63134765625,0.2138671875,-0.480224609375,-0.18292683362960815,2.317073106765747,0.18292683362960815,20.0,10907.0,890834.2471005
133925.3125,133948.734375,134250.75,134390.84375,134182.0,134338.453125,134404.96875,105633.8984375,-0.63134765625,0.21337890625,-0.48046875,-0.21341463923454285,2.4390244483947754,0.21341463923454285,20.0,10908.0,890834.277966333
133928.796875,133952.03125,134254.6875,134394.6875,134185.21875,134341.859375,134412.75,105670.640625,-0.631591796875,0.212158203125,-0.478515625,-0.060975611209869385,2.4695122241973877,0.09146341681480408,20.0,10909.0,890834.278088208
133969.734375,133993.078125,134295.890625,134436.265625,134226.34375,134382.71875,134462.1875,105788.125,-0.630859375,0.212646484375,-0.477783203125,-0.09146341681480408,2.4695122241973877,0.060975611209869385,20.0,10910.0,890834.282699666
133972.953125,133996.109375,134298.671875,134439.125,134229.734375,134385.65625,134457.453125,105716.0625,-0.6328125,0.213623046875,-0.480712890625,-0.09146341681480408,2.5,0.12195122241973877,20.0,10911.0,890834.282808791
133919.40625,133942.828125,134245.109375,134385.296875,134176.265625,134332.109375,134399.96875,105620.3046875,-0.628662109375,0.21337890625,-0.480712890625,-0.15243902802467346,2.5304877758026123,0.15243902802467346,20.0,10912.0,890834.282916166
133911.265625,133934.15625,134237.15625,134376.90625,134167.953125,134323.96875,134391.734375,105621.734375,-0.62841796875,0.214111328125,-0.4814453125,-0.15243902802467346,2.5304877758026123,0.18292683362960815,20.0,10913.0,890834.283059333
133951.234375,133973.9375,134277.65625,134417.578125,134208.015625,134364.109375,134441.984375,105757.28125,-0.6318359375,0.21484375,-0.476806640625,-0.18292683362960815,2.4695122241973877,0.24390244483947754,20.0,10914.0,890834.283180916
133961.0625,133983.78125,134287.046875,134427.0625,134218.015625,134374.03125,134446.1875,105717.7578125,-0.631103515625,0.215087890625,-0.477294921875,-0.060975611209869385,2.5,0.27439025044441223,20.0,10915.0,890834.284579708
133908.765625,133931.921875,134234.5625,134374.484375,134165.984375,134322.0,134388.078125,105615.9296875,-0.630615234375,0.215087890625,-0.47802734375,-0.09146341681480408,2.5609755516052246,0.21341463923454285,20.0,10916.0,890834.284700416
133889.359375,133912.4375,134214.71875,134354.8125,134146.046875,134302.328125,134366.890625,105578.1953125,-0.6318359375,0.216064453125,-0.478515625,-0.09146341681480408,2.591463327407837,0.24390244483947754,20.0,10917.0,890834.286619875
133930.21875,133953.296875,134256.734375,134396.65625,134187.265625,134343.546875,134419.28125,105720.625,-0.63232421875,0.216064453125,-0.47900390625,-0.030487805604934692,2.5304877758026123,0.12195122241973877,20.0,10918.0,890834.287642666
133947.921875,133970.8125,134273.984375,134414.0,134204.703125,134361.078125,134434.03125,105714.453125,-0.634033203125,0.216796875,-0.478515625,-0.060975611209869385,2.5304877758026123,0.09146341681480408,20.0,10919.0,890834.2897745
133902.78125,133926.203125,134228.578125,134368.765625,134160.0,134316.546875,134382.890625,105614.5859375,-0.6318359375,0.21533203125,-0.481201171875,-0.12195122241973877,2.408536672592163,0.09146341681480408,20.0,10920.0,890834.32360525
133865.046875,133888.203125,134190.484375,134330.859375,134122.0,134278.734375,134342.296875,105547.890625,-0.63037109375,0.2138671875,-0.47705078125,-0.15243902802467346,2.378048896789551,0.18292683362960815,20.0,10921.0,890834.323751958
133903.40625,133926.375,134229.5625,134369.5625,134159.8125,134316.453125,134390.40625,105675.5625,-0.63134765625,0.21533203125,-0.478759765625,-0.18292683362960815,2.378048896789551,0.12195122241973877,20.0,10922.0,890834.323857166
133927.8125,133950.515625,134253.703125,134393.796875,134184.578125,134340.515625,134415.515625,105706.4921875,-0.630859375,0.21533203125,-0.479736328125,-0.18292683362960815,2.4390244483947754,0.15243902802467346,20.0,10923.0,890834.325170375
133894.8125,133917.890625,134220.34375,134360.265625,134151.328125,134307.96875,134375.640625,105615.296875,-0.631103515625,0.2138671875,-0.47900390625,-0.12195122241973877,2.5609755516052246,0.09146341681480408,20.0,10924.0,890834.325256333
133840.8125,133863.875,134166.25,134306.171875,134097.40625,134254.046875,134317.890625,105529.109375,-0.6298828125,0.215576171875,-0.48291015625,-0.09146341681480408,2.5,0.12195122241973877,20.0,10925.0,890834.325325333
133870.765625,133893.203125,134196.5625,134336.84375,134127.546875,134283.640625,134356.25,105630.5859375,-0.63037109375,0.21630859375,-0.481689453125,-0.12195122241973877,2.5,0.09146341681480408,20.0,10926.0,890834.32784325
133900.1875,133922.53125,134226.34375,134365.984375,134156.6875,134312.796875,134389.78125,105697.734375,-0.630859375,0.21484375,-0.479736328125,-0.12195122241973877,2.4390244483947754,0.15243902802467346,20.0,10927.0,890834.327903041
133882.125,133904.921875,134207.734375,134347.484375,134138.71875,134294.5625,134363.21875,105607.7890625,-0.631103515625,0.217041015625,-0.4794921875,-0.09146341681480408,2.4390244483947754,0.24390244483947754,20.0,10928.0,890834.332131708
133823.015625,133845.90625,134148.28125,134288.203125,134079.4375,134235.546875,134300.28125,105515.96875,-0.630859375,0.217041015625,-0.4794921875,-0.060975611209869385,2.5,0.21341463923454285,20.0,10929.0,890834.332191458
133841.703125,133863.96875,134167.15625,134306.796875,134097.953125,134253.875,134324.6875,105582.0390625,-0.63037109375,0.21630859375,-0.47802734375,-0.09146341681480408,2.408536672592163,0.12195122241973877,20.0,10930.0,890834.334699708
133877.46875,133899.828125,134203.546875,134343.375,134133.796875,134290.265625,134367.59375,105682.1796875,-0.631103515625,0.214599609375,-0.47802734375,-0.030487805604934692,2.378048896789551,0.15243902802467346,20.0,10931.0,890834.36600525
133871.75,133894.28125,134197.28125,134337.375,134128.265625,134284.546875,134354.546875,105604.9296875,-0.632080078125,0.21533203125,-0.479736328125,-0.12195122241973877,2.3475608825683594,0.18292683362960815,20.0,10932.0,890834.366084708
133811.125,133833.84375,134136.484375,134276.3125,134067.8125,134223.75,134290.0,105505.2421875,-0.6318359375,0.215576171875,-0.477294921875,-0.060975611209869385,2.378048896789551,0.21341463923454285,20.0,10933.0,890834.366141708
133814.984375,133837.859375,134140.78125,134280.515625,134071.9375,134227.953125,134295.8125,105533.40625,-0.62939453125,0.21337890625,-0.479248046875,-0.060975611209869385,2.378048896789551,0.09146341681480408,20.0,10934.0,890834.366198
133853.953125,133877.03125,134179.84375,134320.03125,134110.90625,134266.84375,134344.265625,105658.5703125,-0.629150390625,0.213623046875,-0.479248046875,-0.09146341681480408,2.3475608825683594,0.18292683362960815,20.0,10935.0,890834.366878875
133858.25,133881.234375,134184.140625,134324.0625,134115.109375,134271.046875,134342.03125,105597.1484375,-0.629638671875,0.21484375,-0.477783203125,-0.09146341681480408,2.5,0.18292683362960815,20.0,10936.0,890834.366943208
133801.03125,133823.734375,134126.921875,134266.75,134057.53125,134213.828125,134281.765625,105503.2734375,-0.631103515625,0.2158203125,-0.479248046875,-0.12195122241973877,2.4695122241973877,0.3048780560493469,20.0,10937.0,890834.369968541
133783.6875,133806.390625,134109.125,134249.21875,134040.1875,134196.296875,134264.515625,105495.8515625,-0.63037109375,0.213623046875,-0.476318359375,-0.060975611209869385,2.5304877758026123,0.18292683362960815,20.0,10938.0,890834.37006425
133822.21875,133844.921875,134148.109375,134288.203125,134078.640625,134235.015625,134312.796875,105628.890625,-0.631591796875,0.213623046875,-0.4765625,-0.12195122241973877,2.5304877758026123,0.18292683362960815,20.0,10939.0,890834.403366541
133835.265625,133858.15625,134161.34375,134301.171875,134092.234375,134248.421875,134321.203125,105597.6015625,-0.62939453125,0.214599609375,-0.47802734375,-0.12195122241973877,2.4695122241973877,0.12195122241973877,20.0,10940.0,890834.403539416
133785.5625,133808.8125,134111.359375,134251.375,134042.703125,134199.0625,134265.3125,105501.3984375,-0.628662109375,0.21533203125,-0.4794921875,-0.15243902802467346,2.5304877758026123,0.060975611209869385,20.0,10941.0,890834.403707041
133753.734375,133777.0625,134079.078125,134219.71875,134010.6875,134167.0625,134233.046875,105460.359375,-0.6318359375,0.214599609375,-0.482666015625,-0.030487805604934692,2.5304877758026123,0.12195122241973877,20.0,10942.0,890834.403928375
133791.375,133814.796875,134117.53125,134258.34375,134048.6875,134204.796875,134282.03125,105594.203125,-0.630126953125,0.21533203125,-0.477783203125,-0.09146341681480408,2.5304877758026123,0.15243902802467346,20.0,10943.0,890834.404089083
133811.3125,133834.28125,134137.28125,134277.484375,134068.09375,134224.546875,134299.03125,105594.9140625,-0.63134765625,0.212646484375,-0.476806640625,-0.12195122241973877,2.5,0.18292683362960815,20.0,10944.0,890834.404289291
133776.796875,133799.59375,134102.234375,134242.15625,134033.484375,134189.765625,134256.640625,105492.1875,-0.630615234375,0.212890625,-0.47900390625,-0.15243902802467346,2.408536672592163,0.030487805604934692,20.0,10945.0,890834.405003625
133736.390625,133759.453125,134061.921875,134202.015625,133993.078125,134149.71875,134213.375,105422.5390625,-0.632080078125,0.2158203125,-0.478759765625,-0.12195122241973877,2.408536672592163,0.12195122241973877,20.0,10946.0,890834.406390083
133770.984375,133794.0625,134097.140625,134237.25,134027.59375,134184.140625,134257.8125,105542.34375,-0.632568359375,0.214599609375,-0.475341796875,-0.09146341681480408,2.2560975551605225,0.15243902802467346,20.0,10947.0,890834.40884
133797.0,133820.15625,134123.4375,134263.359375,134053.96875,134210.328125,134285.796875,105583.46875,-0.63037109375,0.213134765625,-0.476318359375,-0.09146341681480408,2.2560975551605225,0.15243902802467346,20.0,10948.0,890834.408962333
133770.09375,133792.984375,134095.625,134235.015625,134026.953125,134183.15625,134250.5625,105490.21875,-0.630615234375,0.212646484375,-0.479248046875,-0.09146341681480408,2.378048896789551,0.09146341681480408,20.0,10949.0,890834.412980791
133716.71875,133739.703125,134042.515625,134181.8125,133974.03125,134130.046875,134193.609375,105399.921875,-0.630126953125,0.21484375,-0.48095703125,-0.09146341681480408,2.4390244483947754,0.12195122241973877,20.0,10950.0,890834.458586416
133745.234375,133768.390625,134071.578125,134211.140625,134002.1875,134158.484375,134229.5625,105491.828125,-0.631591796875,0.215087890625,-0.479736328125,-0.060975611209869385,2.4695122241973877,0.21341463923454285,20.0,10951.0,890834.458741166
133778.140625,133801.03125,134104.296875,134244.21875,134035.09375,134191.015625,134267.28125,105569.703125,-0.632568359375,0.216064453125,-0.477294921875,-0.09146341681480408,2.408536672592163,0.21341463923454285,20.0,10952.0,890834.458849333
133760.96875,133783.78125,134087.046875,134226.78125,134018.28125,134174.125,134242.609375,105486.734375,-0.630615234375,0.215087890625,-0.47900390625,-0.060975611209869385,2.4695122241973877,0.15243902802467346,20.0,10953.0,890834.458949875
133697.234375,133720.5625,134023.203125,134162.953125,133954.265625,134110.375,134175.5625,105392.9453125,-0.63134765625,0.214111328125,-0.477294921875,0.0,2.5,0.18292683362960815,20.0,10954.0,890834.459053125
133710.015625,133733.703125,134036.4375,134176.53125,133967.0625,134123.34375,134193.890625,105448.46875,-0.6318359375,0.214111328125,-0.47802734375,-0.030487805604934692,2.4695122241973877,0.15243902802467346,20.0,10955.0,890834.462782458
133749.359375,133772.78125,134075.953125,134215.609375,134006.21875,134162.40625,134240.828125,105556.9140625,-0.632568359375,0.21435546875,-0.481689453125,-0.030487805604934692,2.4695122241973877,0.12195122241973877,20.0,10956.0,890834.462903
133747.5625,133770.546875,134073.546875,134213.109375,134004.4375,134160.4375,134230.625,105480.4765625,-0.631103515625,0.21484375,-0.48046875,-0.060975611209869385,2.4695122241973877,0.12195122241973877,20.0,10957.0,890834.463010833
133686.5,133709.65625,134012.03125,134151.859375,133943.1875,134099.109375,134165.453125,105386.59375,-0.631103515625,0.216064453125,-0.481689453125,-0.12195122241973877,2.4695122241973877,0.12195122241973877,20.0,10958.0,890834.463116208
133683.375,133706.703125,134009.078125,134148.828125,133940.0625,134096.078125,134164.375,105400.8125,-0.63037109375,0.214111328125,-0.480224609375,-0.12195122241973877,2.4695122241973877,0.15243902802467346,20.0,10959.0,890834.467258291
133723.15625,133746.40625,134049.765625,134189.5,133980.203125,134135.765625,134214.796875,105531.9765625,-0.630615234375,0.213623046875,-0.4775390625,-0.12195122241973877,2.5609755516052246,0.060975611209869385,20.0,10960.0,890834.467369333
133729.6875,133752.921875,134055.84375,134195.3125,133986.8125,134142.65625,134214.71875,105479.3984375,-0.629150390625,0.214599609375,-0.478515625,-0.09146341681480408,2.5609755516052246,0.09146341681480408,20.0,10961.0,890834.467474375
133677.109375,133700.171875,134002.375,134142.5625,133933.890625,134090.0,134155.703125,105382.21875,-0.629638671875,0.215576171875,-0.47900390625,-0.12195122241973877,2.591463327407837,0.030487805604934692,20.0,10962.0,890834.467579291
133659.3125,133682.390625,133984.046875,134124.6875,133915.46875,134071.671875,134138.1875,105360.9375,-0.630615234375,0.216796875,-0.479248046875,-0.12195122241973877,2.5609755516052246,0.09146341681480408,20.0,10963.0,890834.496137
133699.109375,133722.265625,134025.078125,134165.625,133955.703125,134112.078125,134189.6875,105499.6953125,-0.631591796875,0.21484375,-0.4775390625,-0.09146341681480408,2.4695122241973877,0.060975611209869385,20.0,10964.0,890834.49625125
133714.296875,133737.28125,134040.546875,134180.5625,133971.34375,134127.1875,134200.859375,105476.8125,-0.633056640625,0.214111328125,-0.47802734375,-0.09146341681480408,2.5304877758026123,0.15243902802467346,20.0,10965.0,890834.49635025
133670.859375,133694.1875,133996.828125,134136.578125,133927.625,134083.734375,134150.34375,105377.75,-0.6328125,0.215087890625,-0.481201171875,-0.18292683362960815,2.378048896789551,0.12195122241973877,20.0,10966.0,890834.499324708
133639.65625,133662.890625,133965.09375,134104.921875,133896.25,134052.265625,134118.421875,105330.0,-0.63134765625,0.213623046875,-0.4794921875,-0.15243902802467346,2.4390244483947754,0.15243902802467346,20.0,10967.0,890834.499447
133674.875,133698.03125,134000.859375,134141.046875,133931.46875,134087.484375,134163.65625,105461.4296875,-0.632080078125,0.214111328125,-0.478271484375,-0.12195122241973877,2.4695122241973877,0.18292683362960815,20.0,10968.0,890834.50205075
133693.828125,133717.4375,134020.171875,134160.265625,133950.875,134107.15625,134182.0,105473.765625,-0.628662109375,0.212890625,-0.480224609375,-0.12195122241973877,2.5609755516052246,0.09146341681480408,20.0,10969.0,890834.502395
133657.984375,133681.84375,133983.859375,134124.234375,133915.109375,134071.3125,134138.265625,105377.390625,-0.631103515625,0.2158203125,-0.481689453125,-0.12195122241973877,2.5,0.12195122241973877,20.0,10970.0,890834.503113083
133611.9375,133635.453125,133937.28125,134077.46875,133868.890625,134024.90625,134088.390625,105296.921875,-0.632568359375,0.2158203125,-0.477294921875,-0.030487805604934692,2.4695122241973877,0.060975611209869385,20.0,10971.0,890834.504166083
133646.359375,133669.78125,133972.328125,134112.515625,133903.125,134059.421875,134132.90625,105412.34375,-0.630126953125,0.216064453125,-0.47705078125,-0.030487805604934692,2.591463327407837,0.15243902802467346,20.0,10972.0,890834.505389208
133674.078125,133697.40625,134000.140625,134140.6875,133930.84375,134087.125,134163.9375,105464.3828125,-0.630126953125,0.21533203125,-0.477783203125,-0.060975611209869385,2.4390244483947754,0.18292683362960815,20.0,10973.0,890834.506799916
133651.09375,133674.515625,133976.625,134117.265625,133907.78125,134064.0625,134132.375,105369.609375,-0.62939453125,0.2138671875,-0.477294921875,0.0,2.4695122241973877,0.18292683362960815,20.0,10974.0,890834.511795041
133594.234375,133617.65625,133919.671875,134059.859375,133851.0,134007.015625,134072.296875,105285.75,-0.631103515625,0.215087890625,-0.47998046875,-0.09146341681480408,2.378048896789551,0.18292683362960815,20.0,10975.0,890834.541582708
133615.6875,133638.671875,133941.390625,134081.234375,133872.109375,134028.03125,134099.734375,105364.15625,-0.63134765625,0.214599609375,-0.47998046875,-0.09146341681480408,2.4695122241973877,0.15243902802467346,20.0,10976.0,890834.541728625
133649.125,133672.46875,133975.546875,134115.46875,133905.8125,134062.09375,134139.4375,105449.8984375,-0.63134765625,0.212158203125,-0.480712890625,-0.12195122241973877,2.4390244483947754,0.15243902802467346,20.0,10977.0,890834.541836125
133637.859375,133661.203125,133963.84375,134103.765625,133894.734375,134050.828125,134120.65625,105363.3515625,-0.62939453125,0.21484375,-0.477783203125,-0.15243902802467346,2.5304877758026123,0.15243902802467346,20.0,10978.0,890834.541934875
133576.53125,133599.5,133902.15625,134041.984375,133833.3125,133989.046875,134056.375,105276.0,-0.6328125,0.214599609375,-0.4775390625,-0.15243902802467346,2.4695122241973877,0.15243902802467346,20.0,10979.0,890834.544365125
133581.796875,133604.6875,133907.421875,134047.34375,133838.484375,133994.5,134064.6875,105320.078125,-0.632080078125,0.21630859375,-0.47998046875,-0.09146341681480408,2.5304877758026123,0.12195122241973877,20.0,10980.0,890834.5444875
133617.75,133640.984375,133944.34375,134084.09375,133874.4375,134030.53125,134109.75,105434.1640625,-0.63134765625,0.21435546875,-0.478271484375,-0.060975611209869385,2.591463327407837,0.030487805604934692,20.0,10981.0,890834.546975541
133618.734375,133641.890625,133944.53125,134084.453125,133875.421875,134031.34375,134103.140625,105363.6171875,-0.63134765625,0.214599609375,-0.478515625,-0.060975611209869385,2.4390244483947754,0.030487805604934692,20.0,10982.0,890834.5471955
133563.203125,133586.1875,133888.734375,134028.296875,133819.984375,133975.734375,134042.25,105264.203125,-0.630126953125,0.21630859375,-0.479736328125,-0.060975611209869385,2.408536672592163,0.12195122241973877,20.0,10983.0,890834.548071458
133556.40625,133579.296875,133882.203125,134021.859375,133812.921875,133969.03125,134037.0625,105272.6953125,-0.632080078125,0.21630859375,-0.47900390625,-0.060975611209869385,2.5609755516052246,0.09146341681480408,20.0,10984.0,890834.549229875
133593.421875,133616.40625,133920.296875,134059.765625,133850.203125,134006.671875,134084.890625,105404.8359375,-0.631591796875,0.21533203125,-0.4814453125,-0.12195122241973877,2.408536672592163,0.15243902802467346,20.0,10985.0,890834.556811208
133602.28125,133625.34375,133928.703125,134068.171875,133859.140625,134015.421875,134088.03125,105358.2578125,-0.63134765625,0.215087890625,-0.481689453125,-0.12195122241973877,2.6524391174316406,0.12195122241973877,20.0,10986.0,890834.58598025
133553.28125,133576.078125,133878.90625,134018.640625,133810.234375,133965.984375,134032.5,105255.796875,-0.631103515625,0.213623046875,-0.47998046875,-0.060975611209869385,2.5,0.15243902802467346,20.0,10987.0,890834.586062041
133534.0625,133557.125,133859.765625,133999.6875,133791.1875,133946.859375,134012.03125,105224.7734375,-0.630615234375,0.212890625,-0.478271484375,-0.12195122241973877,2.5,0.18292683362960815,20.0,10988.0,890834.589466
133576.171875,133598.875,133902.421875,134042.25,133832.953125,133988.78125,134064.875,105365.3203125,-0.630126953125,0.213623046875,-0.479736328125,-0.060975611209869385,2.5,0.15243902802467346,20.0,10989.0,890834.589525916
133592.171875,133614.796875,133917.890625,134057.984375,133848.6875,134004.4375,134078.09375,105355.484375,-0.62939453125,0.21484375,-0.478515625,-0.18292683362960815,2.378048896789551,0.18292683362960815,20.0,10990.0,890834.589574125
133544.78125,133567.234375,133870.046875,134009.96875,133801.03125,133956.953125,134024.09375,105260.7109375,-0.63134765625,0.21533203125,-0.475830078125,-0.15243902802467346,2.4695122241973877,0.18292683362960815,20.0,10991.0,890834.591612916
133506.609375,133529.140625,133831.703125,133971.96875,133762.9375,133918.515625,133983.0625,105195.0859375,-0.631591796875,0.214111328125,-0.477294921875,-0.15243902802467346,2.5,0.12195122241973877,20.0,10992.0,890834.59166375
133544.875,133567.59375,133870.671875,134010.875,133801.65625,133957.21875,134032.59375,105325.0859375,-0.630859375,0.214599609375,-0.478271484375,-0.18292683362960815,2.5304877758026123,0.060975611209869385,20.0,10993.0,890834.592850083
133567.671875,133590.5625,133893.828125,134033.84375,133824.625,133980.375,134055.921875,105350.5703125,-0.6318359375,0.215087890625,-0.478759765625,-0.12195122241973877,2.408536672592163,0.21341463923454285,20.0,10994.0,890834.594080083
133537.640625,133560.34375,133863.078125,134003.265625,133794.234375,133950.078125,134017.65625,105252.9375,-0.630859375,0.215087890625,-0.476318359375,-0.18292683362960815,2.4695122241973877,0.18292683362960815,20.0,10995.0,890834.595547625
133489.0,133511.625,133813.90625,133954.265625,133745.5,133901.171875,133965.984375,105175.6875,-0.630126953125,0.215576171875,-0.476318359375,-0.18292683362960815,2.5304877758026123,0.030487805604934692,20.0,10996.0,890834.596891875
133518.6875,133541.5625,133844.296875,133985.03125,133775.640625,133931.109375,134004.703125,105281.6328125,-0.6298828125,0.21630859375,-0.47802734375,-0.12195122241973877,2.4695122241973877,0.09146341681480408,20.0,10997.0,890834.656057208
133549.265625,133572.5,133875.5,134015.78125,133806.296875,133962.046875,134038.671875,105342.7890625,-0.62890625,0.2177734375,-0.47900390625,-0.09146341681480408,2.5,0.18292683362960815,20.0,10998.0,890834.656139958
133530.03125,133552.921875,133855.75,133995.578125,133786.640625,133942.375,134011.3125,105252.484375,-0.6318359375,0.21728515625,-0.476806640625,-0.15243902802467346,2.4695122241973877,0.15243902802467346,20.0,10999.0,890834.660567916
133473.0,133495.703125,133798.25,133938.265625,133729.421875,133885.15625,133950.96875,105160.84375,-0.62939453125,0.216552734375,-0.478271484375,-0.21341463923454285,2.4390244483947754,0.15243902802467346,20.0,11000.0,890834.660620666
133492.03125,133514.390625,133817.5625,133957.484375,133748.375,133903.84375,133975.46875,105233.0859375,-0.630615234375,0.216064453125,-0.480224609375,-0.060975611209869385,2.4390244483947754,0.15243902802467346,20.0,11001.0,890834.662958666
133526.453125,133549.078125,133852.796875,133992.359375,133783.234375,133938.453125,134017.03125,105328.6640625,-0.631591796875,0.215087890625,-0.48046875,-0.09146341681480408,2.408536672592163,0.24390244483947754,20.0,11002.0,890834.663014666
133520.109375,133543.0,133846.0,133985.65625,133776.890625,133932.453125,134002.828125,105249.71875,-0.63134765625,0.216552734375,-0.482421875,-0.09146341681480408,2.4695122241973877,0.18292683362960815,20.0,11003.0,890834.664175791
133457.703125,133480.6875,133783.5,133923.25,133714.484375,133870.234375,133936.5625,105154.3203125,-0.630126953125,0.215087890625,-0.48095703125,-0.09146341681480408,2.317073106765747,0.18292683362960815,20.0,11004.0,890834.665389375
133461.90625,133484.96875,133787.703125,133927.8125,133718.859375,133874.25,133943.546875,105185.4296875,-0.631591796875,0.21630859375,-0.48046875,-0.09146341681480408,2.4695122241973877,0.15243902802467346,20.0,11005.0,890834.699578875
133497.84375,133520.734375,133823.921875,133963.921875,133754.265625,133909.921875,133988.515625,105306.7578125,-0.633544921875,0.2158203125,-0.47802734375,-0.060975611209869385,2.3475608825683594,0.15243902802467346,20.0,11006.0,890834.699650416
133499.90625,133522.703125,133825.34375,133965.1875,133756.234375,133912.25,133983.234375,105243.3671875,-0.63134765625,0.214599609375,-0.477294921875,-0.09146341681480408,2.408536672592163,0.18292683362960815,20.0,11007.0,890834.699834833
133443.484375,133466.375,133769.203125,133909.03125,133700.359375,133856.1875,133922.0,105148.6875,-0.632080078125,0.214111328125,-0.4794921875,-0.060975611209869385,2.5,0.18292683362960815,20.0,11008.0,890834.699886208
133432.140625,133454.9375,133758.03125,133897.765625,133689.0,133844.578125,133911.984375,105141.9765625,-0.62939453125,0.215087890625,-0.478515625,-0.09146341681480408,2.5304877758026123,0.18292683362960815,20.0,11009.0,890834.699932
133472.09375,133495.171875,133798.703125,133938.71875,133729.328125,133884.796875,133963.21875,105279.84375,-0.62890625,0.21337890625,-0.47900390625,-0.09146341681480408,2.3475608825683594,0.12195122241973877,20.0,11010.0,890834.699972791
133483.984375,133506.875,133810.0625,133950.15625,133741.125,133896.609375,133969.203125,105242.203125,-0.62890625,0.21435546875,-0.48046875,-0.09146341681480408,2.4695122241973877,0.15243902802467346,20.0,11011.0,890834.700014
133435.359375,133458.15625,133760.625,133900.625,133692.125,133847.703125,133913.5,105142.4296875,-0.63037109375,0.214111328125,-0.481201171875,-0.060975611209869385,2.408536672592163,0.27439025044441223,20.0,11012.0,890834.700054125
133408.4375,133431.421875,133733.96875,133873.890625,133665.125,133821.0625,133886.859375,105105.234375,-0.62939453125,0.216064453125,-0.47802734375,-0.060975611209869385,2.4695122241973877,0.12195122241973877,20.0,11013.0,890834.700093541
133447.609375,133470.671875,133773.765625,133913.6875,133704.203125,133860.484375,133936.921875,105241.21875,-0.629150390625,0.216552734375,-0.476806640625,-0.12195122241973877,2.4695122241973877,0.15243902802467346,20.0,11014.0,890834.700134125
133466.109375,133489.0,133792.0,133932.015625,133722.703125,133878.71875,133952.75,105238.5390625,-0.630859375,0.217529296875,-0.4794921875,-0.09146341681480408,2.4390244483947754,0.15243902802467346,20.0,11015.0,890834.700173958
133428.296875,133451.09375,133753.640625,133893.390625,133684.703125,133840.546875,133908.140625,105143.4140625,-0.629638671875,0.216064453125,-0.478515625,-0.12195122241973877,2.378048896789551,0.09146341681480408,20.0,11016.0,890834.700213083
133382.609375,133405.3125,133707.515625,133847.34375,133638.9375,133794.6875,133859.5,105078.9453125,-0.630615234375,0.215576171875,-0.477294921875,-0.060975611209869385,2.4695122241973877,0.030487805604934692,20.0,11017.0,890834.700254583
133416.125,133438.84375,133741.578125,133881.5,133672.1875,133827.9375,133903.578125,105200.359375,-0.63134765625,0.216552734375,-0.477783203125,-0.060975611209869385,2.378048896789551,0.060975611209869385,20.0,11018.0,890834.700294166
133441.96875,133464.59375,133767.6875,133907.421875,133698.125,133854.3125,133930.765625,105235.234375,-0.6318359375,0.217529296875,-0.478759765625,-0.21341463923454285,2.5,0.12195122241973877,20.0,11019.0,890834.700332916
133416.765625,133439.640625,133742.28125,133882.203125,133673.359375,133829.453125,133898.03125,105134.9140625,-0.630615234375,0.21630859375,-0.47900390625,-0.15243902802467346,2.5609755516052246,0.12195122241973877,20.0,11020.0,890834.701817
133362.9375,133385.734375,133688.28125,133828.03125,133619.53125,133775.453125,133841.4375,105058.921875,-0.63134765625,0.215576171875,-0.482666015625,-0.15243902802467346,2.408536672592163,0.15243902802467346,20.0,11021.0,890834.701867375
133388.953125,133411.9375,133714.65625,133854.671875,133645.46875,133801.65625,133875.421875,105155.65625,-0.632080078125,0.217529296875,-0.4794921875,-0.15243902802467346,2.378048896789551,0.18292683362960815,20.0,11022.0,890834.7053815
133420.609375,133443.3125,133746.40625,133886.59375,133677.375,133833.21875,133911.359375,105226.9140625,-0.630615234375,0.21728515625,-0.47802734375,-0.09146341681480408,2.378048896789551,0.12195122241973877,20.0,11023.0,890834.705428375
133407.1875,133430.078125,133732.71875,133872.734375,133663.796875,133819.359375,133888.375,105132.1484375,-0.631103515625,0.217041015625,-0.474853515625,-0.060975611209869385,2.4695122241973877,0.12195122241973877,20.0,11024.0,890834.757339541
133349.96875,133372.765625,133675.59375,133815.421875,133606.296875,133762.140625,133826.953125,105039.6953125,-0.632568359375,0.215576171875,-0.475830078125,-0.18292683362960815,2.4390244483947754,0.18292683362960815,20.0,11025.0,890834.757405125
133368.203125,133391.453125,133694.1875,133834.28125,133625.171875,133780.828125,133851.0,105102.015625,-0.63037109375,0.215576171875,-0.475341796875,-0.12195122241973877,2.4390244483947754,0.18292683362960815,20.0,11026.0,890834.757448291
133404.59375,133427.84375,133730.75,133871.03125,133661.46875,133817.125,133894.640625,105208.5859375,-0.628662109375,0.216552734375,-0.476806640625,-0.15243902802467346,2.5609755516052246,0.15243902802467346,20.0,11027.0,890834.757497583
133400.125,133423.375,133725.75,133866.03125,133657.078125,133812.65625,133883.28125,105135.2734375,-0.63037109375,0.214111328125,-0.478515625,-0.12195122241973877,2.5304877758026123,0.21341463923454285,20.0,11028.0,890834.757541875
133336.921875,133359.8125,133662.359375,133802.546875,133593.609375,133749.359375,133816.859375,105037.375,-0.63037109375,0.21484375,-0.477294921875,-0.060975611209869385,2.317073106765747,0.15243902802467346,20.0,11029.0,890834.758487416
133335.390625,133358.28125,133660.84375,133801.03125,133591.8125,133747.75,133817.5625,105061.515625,-0.630615234375,0.21533203125,-0.478759765625,-0.09146341681480408,2.408536672592163,0.24390244483947754,20.0,11030.0,890834.760503208
133374.640625,133397.71875,133700.890625,133840.8125,133631.15625,133787.171875,133866.203125,105188.2890625,-0.631591796875,0.216064453125,-0.480224609375,-0.09146341681480408,2.408536672592163,0.21341463923454285,20.0,11031.0,890834.760562625
133380.546875,133403.796875,133706.609375,133846.53125,133637.421875,133793.34375,133864.953125,105128.5703125,-0.63232421875,0.21533203125,-0.4775390625,-0.060975611209869385,2.4695122241973877,0.15243902802467346,20.0,11032.0,890834.762937791
133328.25,133351.484375,133653.5,133793.609375,133584.9375,133740.59375,133807.828125,105028.4296875,-0.63232421875,0.21533203125,-0.478759765625,-0.12195122241973877,2.378048896789551,0.18292683362960815,20.0,11033.0,890834.765056875
133314.65625,133337.8125,133640.0,133780.203125,133571.15625,133726.828125,133793.609375,105014.125,-0.63330078125,0.2158203125,-0.478515625,-0.09146341681480408,2.5,0.18292683362960815,20.0,11034.0,890834.766742708
133356.9375,133379.921875,133683.015625,133823.109375,133613.359375,133769.109375,133846.71875,105153.421875,-0.631591796875,0.215087890625,-0.478759765625,-0.12195122241973877,2.621951103210449,0.21341463923454285,20.0,11035.0,890834.76683875
133372.234375,133394.859375,133697.671875,133837.6875,133628.828125,133784.3125,133857.359375,105125.3515625,-0.63037109375,0.214599609375,-0.475830078125,-0.09146341681480408,2.6524391174316406,0.15243902802467346,20.0,11036.0,890834.767949166
133324.578125,133347.640625,133649.484375,133789.859375,133581.09375,133736.828125,133804.25,105029.1484375,-0.63134765625,0.214599609375,-0.478515625,-0.12195122241973877,2.5,0.18292683362960815,20.0,11037.0,890834.770082791
133287.828125,133311.078125,133612.921875,133752.921875,133544.25,133700.453125,133765.796875,104985.609375,-0.62939453125,0.21533203125,-0.479248046875,-0.18292683362960815,2.5,0.15243902802467346,20.0,11038.0,890834.771514875
133324.046875,133346.9375,133649.578125,133789.5,133580.375,133736.390625,133812.828125,105117.0390625,-0.6298828125,0.216064453125,-0.48095703125,-0.060975611209869385,2.4695122241973877,0.18292683362960815,20.0,11039.0,890834.802458083
133346.390625,133369.015625,133671.75,133812.203125,133602.8125,133758.734375,133833.65625,105124.546875,-0.631591796875,0.216796875,-0.479248046875,-0.060975611209869385,2.4390244483947754,0.15243902802467346,20.0,11040.0,890834.802523333
133312.953125,133335.75,133638.046875,133778.59375,133569.375,133725.21875,133793.78125,105024.3203125,-0.6328125,0.218017578125,-0.47705078125,-0.060975611209869385,2.4390244483947754,0.15243902802467346,20.0,11041.0,890834.807616458
133265.296875,133288.28125,133590.65625,133730.9375,133521.8125,133677.640625,133745.0625,104963.7890625,-0.632568359375,0.21630859375,-0.478759765625,0.0,2.4695122241973877,0.12195122241973877,20.0,11042.0,890834.807669291
133294.53125,133317.78125,133620.78125,133760.796875,133551.140625,133706.96875,133783.234375,105077.609375,-0.63134765625,0.216796875,-0.47900390625,0.0,2.5,0.030487805604934692,20.0,11043.0,890834.807716916
133322.171875,133345.234375,133648.5,133788.25,133578.765625,133734.59375,133812.203125,105121.0625,-0.63037109375,0.21484375,-0.47705078125,-0.060975611209869385,2.4695122241973877,0.0,20.0,11044.0,890834.807761416
133301.515625,133324.84375,133627.125,133767.40625,133558.5625,133714.125,133782.875,105018.0625,-0.62939453125,0.214111328125,-0.47705078125,-0.09146341681480408,2.4390244483947754,0.15243902802467346,20.0,11045.0,890834.809398583
133250.1875,133273.703125,133575.453125,133715.640625,133507.234375,133662.8125,133726.90625,104929.7265625,-0.62841796875,0.214599609375,-0.47802734375,-0.060975611209869385,2.5,0.12195122241973877,20.0,11046.0,890834.80944575
133277.8125,133301.25,133603.265625,133743.546875,133534.6875,133690.34375,133761.421875,105020.03125,-0.6279296875,0.214599609375,-0.47802734375,-0.060975611209869385,2.5304877758026123,0.09146341681480408,20.0,11047.0,890834.811426708
133311.96875,133335.125,133637.6875,133778.046875,133568.921875,133724.59375,133801.390625,105104.609375,-0.62939453125,0.214111328125,-0.478759765625,-0.15243902802467346,2.4390244483947754,-0.030487805604934692,20.0,11048.0,890834.811485958
133296.6875,133319.84375,133622.21875,133762.5,133553.8125,133709.5625,133778.140625,105022.796875,-0.630859375,0.212890625,-0.47998046875,-0.15243902802467346,2.5304877758026123,0.12195122241973877,20.0,11049.0,890834.813814333
133235.265625,133258.78125,133560.53125,133701.078125,133492.390625,133648.140625,133713.328125,104928.7421875,-0.629638671875,0.215576171875,-0.479736328125,-0.12195122241973877,2.4695122241973877,0.060975611209869385,20.0,11050.0,890834.815423833
133245.640625,133268.796875,133571.4375,133711.53125,133502.140625,133658.328125,133728.25,104979.796875,-0.62939453125,0.21435546875,-0.479248046875,-0.12195122241973877,2.4695122241973877,0.12195122241973877,20.0,11051.0,890834.815478041
133283.359375,133306.078125,133609.34375,133749.0,133539.515625,133696.15625,133774.203125,105092.1796875,-0.630126953125,0.212890625,-0.478759765625,-0.030487805604934692,2.408536672592163,0.09146341681480408,20.0,11052.0,890834.847037583
133283.71875,133306.609375,133609.25,133748.8125,133540.40625,133696.25,133767.234375,105019.046875,-0.632080078125,0.21435546875,-0.476806640625,-0.030487805604934692,2.4390244483947754,0.09146341681480408,20.0,11053.0,890834.8471775
133225.0625,133248.21875,133551.046875,133690.515625,133482.203125,133637.765625,133704.46875,104923.9140625,-0.630615234375,0.214599609375,-0.478759765625,-0.060975611209869385,2.408536672592163,0.15243902802467346,20.0,11054.0,890834.847236708
133219.609375,133242.6875,133545.328125,133685.421875,133476.390625,133632.40625,133700.453125,104934.8203125,-0.62939453125,0.212158203125,-0.47705078125,-0.060975611209869385,2.4695122241973877,0.15243902802467346,20.0,11055.0,890834.848392791
133259.40625,133282.296875,133585.46875,133725.5625,133515.828125,133672.1875,133750.15625,105065.359375,-0.629638671875,0.212890625,-0.4765625,-0.030487805604934692,2.5304877758026123,0.09146341681480408,20.0,11056.0,890834.850824083
133268.609375,133291.765625,133594.3125,133734.59375,133525.5625,133681.21875,133753.109375,105016.6328125,-0.631103515625,0.215087890625,-0.47802734375,-0.09146341681480408,2.4695122241973877,0.15243902802467346,20.0,11057.0,890834.850890166
133216.9375,133240.0,133542.203125,133682.125,133473.703125,133629.640625,133695.078125,104916.046875,-0.630615234375,0.216552734375,-0.47998046875,-0.060975611209869385,2.317073106765747,0.21341463923454285,20.0,11058.0,890834.85184925
133199.234375,133222.296875,133524.3125,133664.421875,133456.09375,133612.109375,133676.84375,104888.5078125,-0.631103515625,0.21728515625,-0.477294921875,-0.09146341681480408,2.317073106765747,0.12195122241973877,20.0,11059.0,890834.856405541
133241.609375,133264.5,133567.234375,133707.59375,133498.390625,133654.3125,133730.578125,105029.59375,-0.63134765625,0.216552734375,-0.47705078125,-0.18292683362960815,2.4390244483947754,0.21341463923454285,20.0,11060.0,890834.885665458
133255.5625,133278.359375,133580.8125,133721.375,133512.328125,133667.8125,133741.3125,105016.0078125,-0.631103515625,0.21826171875,-0.477294921875,-0.12195122241973877,2.4390244483947754,0.21341463923454285,20.0,11061.0,890834.885726041
133209.0625,133232.3125,133534.15625,133674.96875,133465.9375,133621.40625,133689.1875,104916.4921875,-0.631103515625,0.21484375,-0.478515625,-0.09146341681480408,2.408536672592163,0.18292683362960815,20.0,11062.0,890834.885768416
133175.0,133198.515625,133500.265625,133640.71875,133432.140625,133587.96875,133652.4375,104856.234375,-0.629638671875,0.216552734375,-0.4775390625,-0.09146341681480408,2.5,0.060975611209869385,20.0,11063.0,890834.885809666
133215.765625,133238.921875,133541.65625,133681.671875,133472.8125,133628.5625,133703.390625,104989.5390625,-0.630126953125,0.21435546875,-0.47802734375,-0.09146341681480408,2.5,0.09146341681480408,20.0,11064.0,890834.88585
133238.484375,133262.078125,133564.71875,133704.921875,133495.96875,133651.625,133726.28125,105009.4765625,-0.629638671875,0.2158203125,-0.478759765625,-0.18292683362960815,2.5304877758026123,0.030487805604934692,20.0,11065.0,890834.885889833
133203.25,133226.59375,133529.046875,133669.15625,133460.5625,133616.21875,133684.265625,104913.546875,-0.630126953125,0.214111328125,-0.478759765625,-0.030487805604934692,2.5609755516052246,0.15243902802467346,20.0,11066.0,890834.886731208
133154.078125,133176.96875,133479.4375,133619.4375,133410.953125,133566.96875,133631.609375,104833.796875,-0.631103515625,0.2138671875,-0.47998046875,-0.060975611209869385,2.5609755516052246,0.12195122241973877,20.0,11067.0,890834.888813875
133186.890625,133209.953125,133512.6875,133653.234375,133444.03125,133600.046875,133673.171875,104945.5546875,-0.6298828125,0.21484375,-0.480224609375,-0.12195122241973877,2.5,0.060975611209869385,20.0,11068.0,890834.890817416
133217.109375,133240.359375,133543.09375,133683.453125,133474.25,133629.71875,133706.171875,105002.5078125,-0.63037109375,0.21435546875,-0.4833984375,-0.060975611209869385,2.5,0.09146341681480408,20.0,11069.0,890834.893438125
133196.453125,133219.796875,133521.984375,133662.1875,133453.59375,133608.71875,133678.71875,104910.5078125,-0.630126953125,0.215087890625,-0.48095703125,-0.15243902802467346,2.4390244483947754,0.12195122241973877,20.0,11070.0,890834.893501666
133136.28125,133160.078125,133462.0,133602.09375,133393.328125,133548.90625,133614.796875,104824.140625,-0.63037109375,0.213134765625,-0.477783203125,-0.12195122241973877,2.5304877758026123,0.15243902802467346,20.0,11071.0,890834.926856083
133156.40625,133179.828125,133482.03125,133622.296875,133413.265625,133569.015625,133639.921875,104898.8828125,-0.628662109375,0.21337890625,-0.478759765625,-0.12195122241973877,2.4695122241973877,0.12195122241973877,20.0,11072.0,890834.930726875
133192.078125,133215.140625,133518.0625,133658.328125,133448.765625,133604.6875,133681.84375,104990.078125,-0.62939453125,0.214599609375,-0.479248046875,-0.060975611209869385,2.4390244483947754,0.12195122241973877,20.0,11073.0,890834.930788791
133180.640625,133203.875,133506.25,133646.265625,133437.40625,133593.34375,133661.90625,104908.09375,-0.631591796875,0.2138671875,-0.478515625,-0.09146341681480408,2.5609755516052246,0.24390244483947754,20.0,11074.0,890834.930835958
133118.140625,133141.46875,133443.484375,133583.6875,133375.1875,133531.015625,133595.296875,104811.625,-0.630126953125,0.213623046875,-0.479248046875,-0.030487805604934692,2.621951103210449,0.15243902802467346,20.0,11075.0,890834.932949208
133126.90625,133150.140625,133452.4375,133592.625,133383.953125,133539.609375,133608.53125,104849.4375,-0.631591796875,0.214599609375,-0.478759765625,-0.12195122241973877,2.621951103210449,0.18292683362960815,20.0,11076.0,890834.933005
133166.421875,133189.75,133492.125,133632.234375,133423.46875,133578.9375,133657.078125,104970.3203125,-0.6318359375,0.215087890625,-0.47705078125,-0.09146341681480408,2.5304877758026123,0.15243902802467346,20.0,11077.0,890834.934120916
133166.515625,133189.75,133491.765625,133631.875,133423.46875,133579.125,133649.65625,104906.6640625,-0.630615234375,0.215087890625,-0.478271484375,-0.09146341681480408,2.317073106765747,0.15243902802467346,20.0,11078.0,890834.93540175
133105.625,133128.59375,133430.703125,133570.8125,133362.40625,133518.140625,133583.328125,104806.1640625,-0.62744140625,0.214599609375,-0.48046875,-0.12195122241973877,2.4695122241973877,0.09146341681480408,20.0,11079.0,890834.936627541
133099.8125,133123.0625,133425.25,133565.078125,133356.671875,133512.421875,133578.5,104801.609375,-0.630126953125,0.215576171875,-0.478271484375,-0.18292683362960815,2.4390244483947754,0.15243902802467346,20.0,11080.0,890834.937869541
133141.296875,133164.1875,133467.265625,133607.375,133398.25,133553.8125,133631.328125,104939.921875,-0.63037109375,0.2138671875,-0.479248046875,-0.060975611209869385,2.408536672592163,0.15243902802467346,20.0,11081.0,890834.939442791
133151.390625,133174.28125,133476.578125,133616.84375,133408.4375,133563.828125,133635.8125,104902.4609375,-0.6298828125,0.21630859375,-0.477294921875,-0.12195122241973877,2.5609755516052246,0.24390244483947754,20.0,11082.0,890834.939505083
133098.921875,133122.15625,133423.90625,133564.28125,133356.046875,133511.4375,133577.328125,104806.96875,-0.63037109375,0.215576171875,-0.4775390625,-0.09146341681480408,2.378048896789551,0.15243902802467346,20.0,11083.0,890834.975599583
133072.71875,133095.703125,133397.625,133538.171875,133329.59375,133485.0625,133550.6875,104772.1015625,-0.631103515625,0.2138671875,-0.47509765625,-0.15243902802467346,2.4390244483947754,0.18292683362960815,20.0,11084.0,890834.975745041
133113.21875,133136.46875,133439.5625,133580.109375,133370.625,133526.1875,133603.078125,104908.1796875,-0.631103515625,0.212890625,-0.478271484375,-0.060975611209869385,2.5,0.24390244483947754,20.0,11085.0,890834.981122375
133132.4375,133155.515625,133458.25,133598.796875,133389.125,133545.234375,133619.359375,104899.5078125,-0.631591796875,0.214111328125,-0.47607421875,-0.12195122241973877,2.5609755516052246,0.24390244483947754,20.0,11086.0,890834.981262375
133093.734375,133116.625,133419.0,133559.546875,133350.78125,133506.171875,133573.9375,104800.265625,-0.632080078125,0.2138671875,-0.478759765625,-0.15243902802467346,2.5304877758026123,0.21341463923454285,20.0,11087.0,890834.9813665
133050.90625,133073.875,133376.171875,133516.171875,133307.953125,133463.421875,133528.78125,104744.8359375,-0.631103515625,0.212646484375,-0.4765625,-0.21341463923454285,2.5609755516052246,0.09146341681480408,20.0,11088.0,890834.982022541
133085.6875,133108.75,133411.484375,133551.5,133342.8125,133498.296875,133574.03125,104868.75,-0.62939453125,0.216552734375,-0.476806640625,-0.18292683362960815,2.5304877758026123,0.12195122241973877,20.0,11089.0,890834.984819833
133112.140625,133135.578125,133437.953125,133577.953125,133369.1875,133524.671875,133600.75,104898.796875,-0.6318359375,0.2158203125,-0.477783203125,-0.12195122241973877,2.5304877758026123,0.12195122241973877,20.0,11090.0,890834.984932625
133084.34375,133107.234375,133409.34375,133549.796875,133340.9375,133496.328125,133564.546875,104797.40625,-0.631591796875,0.215087890625,-0.478271484375,-0.030487805604934692,2.4695122241973877,0.21341463923454285,20.0,11091.0,890834.985040291
133036.875,133059.84375,133362.046875,133502.234375,133293.46875,133448.9375,133513.3125,104716.671875,-0.6318359375,0.21630859375,-0.47998046875,-0.18292683362960815,2.4390244483947754,0.21341463923454285,20.0,11092.0,890834.988159291
133066.015625,133089.078125,133391.453125,133531.28125,133322.875,133478.265625,133550.328125,104819.84375,-0.6298828125,0.2177734375,-0.480224609375,-0.18292683362960815,2.4390244483947754,0.18292683362960815,20.0,11093.0,890834.98842375
133097.75,133120.828125,133423.28125,133563.390625,133354.796875,133510.1875,133586.453125,104887.703125,-0.630126953125,0.216064453125,-0.483154296875,-0.12195122241973877,2.408536672592163,0.15243902802467346,20.0,11094.0,890834.992304416
133081.65625,133104.90625,133406.65625,133547.109375,133338.609375,133493.921875,133562.578125,104800.265625,-0.631591796875,0.215087890625,-0.48095703125,-0.15243902802467346,2.4390244483947754,0.24390244483947754,20.0,11095.0,890835.060545666
133020.234375,133043.9375,133345.046875,133485.875,133277.46875,133432.9375,133497.5,104711.3046875,-0.631591796875,0.214599609375,-0.47802734375,-0.060975611209869385,2.378048896789551,0.12195122241973877,20.0,11096.0,890835.06061575
133036.6875,133060.46875,133362.21875,133502.59375,133293.90625,133449.21875,133520.109375,104776.125,-0.631591796875,0.214599609375,-0.479248046875,-0.12195122241973877,2.4390244483947754,0.15243902802467346,20.0,11097.0,890835.068401375
133071.921875,133095.34375,133397.796875,133537.8125,133328.875,133484.078125,133562.578125,104877.15625,-0.630126953125,0.214599609375,-0.48193359375,-0.12195122241973877,2.4390244483947754,0.12195122241973877,20.0,11098.0,890835.068472375
133066.015625,133089.703125,133391.8125,133531.5625,133323.15625,133478.71875,133549.4375,104796.0625,-0.63037109375,0.214599609375,-0.480712890625,-0.15243902802467346,2.4695122241973877,0.18292683362960815,20.0,11099.0,890835.068520166
133007.0,133030.515625,133332.265625,133472.375,133264.046875,133419.4375,133485.25,104697.625,-0.628662109375,0.215087890625,-0.478271484375,-0.09146341681480408,2.4695122241973877,0.18292683362960815,20.0,11100.0,890835.068566875
133013.078125,133036.234375,133338.34375,133478.0,133269.859375,133425.34375,133492.671875,104725.7890625,-0.62890625,0.215087890625,-0.4775390625,-0.12195122241973877,2.4695122241973877,0.15243902802467346,20.0,11101.0,890835.069453916
133054.578125,133077.546875,133380.375,133520.203125,133311.25,133466.828125,133544.078125,104853.640625,-0.62939453125,0.21484375,-0.477294921875,-0.09146341681480408,2.5,0.24390244483947754,20.0,11102.0,890835.069511041
133058.5,133081.84375,133384.296875,133524.3125,133315.90625,133471.03125,133541.84375,104795.9765625,-0.63232421875,0.215576171875,-0.48046875,-0.12195122241973877,2.4695122241973877,0.12195122241973877,20.0,11103.0,890835.073394541
132998.515625,133022.109375,133324.3125,133464.40625,133255.828125,133411.21875,133477.640625,104699.4140625,-0.6318359375,0.216796875,-0.47705078125,-0.12195122241973877,2.408536672592163,0.15243902802467346,20.0,11104.0,890835.104480958
132982.953125,133006.828125,133308.578125,133448.859375,133240.265625,133395.921875,133462.53125,104690.7421875,-0.631591796875,0.217041015625,-0.47802734375,-0.15243902802467346,2.3475608825683594,0.15243902802467346,20.0,11105.0,890835.104607083
133023.8125,133047.0625,133349.875,133489.890625,133280.859375,133436.15625,133513.765625,104825.9296875,-0.6337890625,0.21630859375,-0.480712890625,-0.15243902802467346,2.4390244483947754,0.21341463923454285,20.0,11106.0,890835.104766208
133036.328125,133059.75,133362.40625,133502.40625,133293.640625,133449.03125,133521.984375,104795.703125,-0.6318359375,0.216064453125,-0.47900390625,-0.15243902802467346,2.5,0.18292683362960815,20.0,11107.0,890835.104896166
132987.875,133011.46875,133313.84375,133453.59375,133245.09375,133400.578125,133468.53125,104701.203125,-0.632080078125,0.21728515625,-0.479736328125,-0.21341463923454285,2.5,0.24390244483947754,20.0,11108.0,890835.10500675
132957.203125,132980.625,133282.640625,133422.5625,133214.078125,133369.90625,133436.15625,104658.6484375,-0.631103515625,0.2158203125,-0.478759765625,-0.21341463923454285,2.4695122241973877,0.21341463923454285,20.0,11109.0,890835.105112291
132995.109375,133018.265625,133321.09375,133461.1875,133251.796875,133407.375,133484.078125,104791.5078125,-0.629638671875,0.216064453125,-0.4775390625,-0.15243902802467346,2.5,0.18292683362960815,20.0,11110.0,890835.105220916
133012.90625,133036.15625,133338.796875,133479.078125,133269.859375,133425.078125,133500.171875,104793.3828125,-0.631591796875,0.216064453125,-0.477783203125,-0.12195122241973877,2.5609755516052246,0.12195122241973877,20.0,11111.0,890835.105324625
132978.9375,133002.625,133304.46875,133444.5625,133236.15625,133391.28125,133458.78125,104692.53125,-0.63134765625,0.215576171875,-0.476806640625,-0.060975611209869385,2.4695122241973877,0.09146341681480408,20.0,11112.0,890835.105429041
132936.109375,132959.359375,133261.1875,133401.109375,133193.15625,133348.1875,133414.171875,104633.4296875,-0.63232421875,0.216064453125,-0.477294921875,-0.18292683362960815,2.4390244483947754,0.12195122241973877,20.0,11113.0,890835.105612208
132968.65625,132991.53125,133294.09375,133434.1875,133225.609375,133380.8125,133456.1875,104750.375,-0.6328125,0.216796875,-0.47900390625,-0.09146341681480408,2.378048896789551,0.09146341681480408,20.0,11114.0,890835.105719875
132994.9375,133018.1875,133320.5625,133460.65625,133251.71875,133407.546875,133484.796875,104791.234375,-0.6328125,0.217041015625,-0.4794921875,-0.12195122241973877,2.408536672592163,0.12195122241973877,20.0,11115.0,890835.105824833
132972.5,132995.65625,133297.578125,133437.5,133229.0,133384.578125,133453.234375,104687.5234375,-0.6318359375,0.216796875,-0.48095703125,-0.12195122241973877,2.5304877758026123,0.15243902802467346,20.0,11116.0,890835.105929833
132924.578125,132947.8125,133249.296875,133389.21875,133180.984375,133336.296875,133401.46875,104611.6171875,-0.630615234375,0.21484375,-0.482177734375,-0.27439025044441223,2.4390244483947754,0.12195122241973877,20.0,11117.0,890835.1060355
132950.046875,132973.5625,133275.578125,133415.15625,133207.015625,133362.125,133434.734375,104703.9765625,-0.629150390625,0.215087890625,-0.477783203125,-0.18292683362960815,2.408536672592163,0.12195122241973877,20.0,11118.0,890835.106140708
132982.328125,133005.9375,133308.125,133448.140625,133239.28125,133394.578125,133472.375,104781.046875,-0.63037109375,0.2138671875,-0.476318359375,-0.18292683362960815,2.5304877758026123,0.18292683362960815,20.0,11119.0,890835.106245333
132968.203125,132991.359375,133293.28125,133433.03125,133224.890625,133380.453125,133449.921875,104693.78125,-0.6318359375,0.216064453125,-0.477783203125,-0.060975611209869385,2.4695122241973877,0.12195122241973877,20.0,11120.0,890835.106690875
132910.53125,132933.515625,133235.53125,133375.0,133167.40625,133322.875,133387.078125,104592.3984375,-0.630126953125,0.2177734375,-0.47705078125,-0.060975611209869385,2.4695122241973877,0.09146341681480408,20.0,11121.0,890835.107926041
132927.171875,132950.671875,133252.609375,133392.4375,133184.296875,133339.6875,133409.0625,104651.8515625,-0.630859375,0.2177734375,-0.478759765625,-0.030487805604934692,2.4695122241973877,0.12195122241973877,20.0,11122.0,890835.112213916
132964.265625,132987.875,133290.25,133430.53125,133221.578125,133376.96875,133454.671875,104762.265625,-0.63330078125,0.21484375,-0.47802734375,-0.12195122241973877,2.4695122241973877,0.15243902802467346,20.0,11123.0,890835.112345833
132960.328125,132984.03125,133286.046875,133426.140625,133217.5625,133373.03125,133443.484375,104690.7421875,-0.630126953125,0.215087890625,-0.475830078125,-0.18292683362960815,2.408536672592163,0.18292683362960815,20.0,11124.0,890835.114328833
132901.953125,132925.28125,133227.125,133366.78125,133159.0,133313.9375,133379.203125,104595.4375,-0.630126953125,0.21630859375,-0.477783203125,-0.15243902802467346,2.5609755516052246,0.21341463923454285,20.0,11125.0,890835.114410666
132904.28125,132927.515625,133229.546875,133369.546875,133161.6875,133316.4375,133383.671875,104611.2578125,-0.629638671875,0.216552734375,-0.478271484375,-0.27439025044441223,2.6524391174316406,0.21341463923454285,20.0,11126.0,890835.144686875
132946.03125,132969.453125,133271.734375,133412.109375,133203.34375,133358.375,133435.71875,104742.2421875,-0.63037109375,0.21484375,-0.478271484375,-0.15243902802467346,2.5304877758026123,0.27439025044441223,20.0,11127.0,890835.148990333
132952.46875,132975.71875,133277.734375,133418.1875,133209.609375,133364.90625,133436.609375,104691.9921875,-0.631591796875,0.21435546875,-0.477294921875,-0.09146341681480408,2.5609755516052246,0.3353658616542816,20.0,11128.0,890835.149120208
132892.203125,132915.8125,133217.5625,133357.921875,133149.4375,133305.0,133371.25,104601.78125,-0.631103515625,0.21435546875,-0.48046875,-0.09146341681480408,2.4390244483947754,0.15243902802467346,20.0,11129.0,890835.149228791
132869.3125,132892.65625,133194.5,133334.765625,133126.359375,133282.015625,133348.625,104579.7890625,-0.632080078125,0.214111328125,-0.4794921875,-0.09146341681480408,2.408536672592163,0.12195122241973877,20.0,11130.0,890835.149338333
132909.546875,132932.796875,133235.265625,133375.546875,133166.6875,133322.171875,133400.3125,104716.671875,-0.632080078125,0.215576171875,-0.47998046875,-0.12195122241973877,2.4390244483947754,0.09146341681480408,20.0,11131.0,890835.149444
132923.5,132947.109375,133249.125,133389.40625,133180.453125,133336.203125,133410.046875,104692.3515625,-0.632080078125,0.214599609375,-0.4794921875,-0.09146341681480408,2.4695122241973877,0.21341463923454285,20.0,11132.0,890835.150567083
132880.9375,132904.546875,133206.390625,133346.03125,133137.890625,133293.5625,133359.8125,104589.265625,-0.63134765625,0.214599609375,-0.478759765625,-0.09146341681480408,2.5609755516052246,0.21341463923454285,20.0,11133.0,890835.153134375
132850.1875,132874.234375,133175.453125,133315.28125,133107.40625,133262.796875,133327.890625,104541.8828125,-0.6298828125,0.215087890625,-0.480712890625,-0.030487805604934692,2.591463327407837,0.24390244483947754,20.0,11134.0,890835.153243208
132887.921875,132911.609375,133213.171875,133353.453125,133145.140625,133300.34375,133376.53125,104673.484375,-0.629150390625,0.216064453125,-0.48095703125,-0.060975611209869385,2.5,0.27439025044441223,20.0,11135.0,890835.155583291
132910.53125,132933.6875,133235.703125,133375.453125,133167.484375,133322.875,133397.984375,104688.2421875,-0.630615234375,0.21435546875,-0.47900390625,-0.09146341681480408,2.5304877758026123,0.24390244483947754,20.0,11136.0,890835.157808291
132879.59375,132903.03125,133204.59375,133344.15625,133136.640625,133292.21875,133359.984375,104590.609375,-0.63134765625,0.2138671875,-0.479248046875,-0.24390244483947754,2.4695122241973877,0.24390244483947754,20.0,11137.0,890835.191563708
132833.109375,132856.796875,133158.109375,133297.84375,133089.890625,133245.546875,133310.8125,104521.8515625,-0.632080078125,0.214111328125,-0.479248046875,-0.15243902802467346,2.378048896789551,0.15243902802467346,20.0,11138.0,890835.191696333
132865.5625,132889.078125,133190.734375,133330.65625,133122.078125,133277.8125,133351.84375,104634.5078125,-0.63232421875,0.2158203125,-0.47705078125,-0.15243902802467346,2.378048896789551,0.15243902802467346,20.0,11139.0,890835.191803458
132893.734375,132917.15625,133219.171875,133359.1875,133150.59375,133306.515625,133382.96875,104685.5546875,-0.632080078125,0.216552734375,-0.476806640625,0.0,2.5,0.12195122241973877,20.0,11140.0,890835.19190875
132872.453125,132895.875,133197.625,133337.984375,133129.5,133285.515625,133353.09375,104587.296875,-0.6318359375,0.215087890625,-0.476318359375,-0.030487805604934692,2.5609755516052246,0.18292683362960815,20.0,11141.0,890835.192014416
132818.890625,132842.140625,133143.625,133283.984375,133075.671875,133231.5,133294.625,104496.375,-0.633056640625,0.215087890625,-0.477783203125,-0.030487805604934692,2.5609755516052246,0.15243902802467346,20.0,11142.0,890835.192472875
132844.828125,132867.984375,133169.71875,133310.28125,133101.78125,133257.34375,133327.984375,104582.2890625,-0.63232421875,0.21533203125,-0.4775390625,-0.09146341681480408,2.5304877758026123,0.09146341681480408,20.0,11143.0,890835.195012208
132879.875,132903.296875,133205.578125,133345.40625,133136.921875,133292.484375,133369.109375,104671.25,-0.6318359375,0.21630859375,-0.4755859375,-0.12195122241973877,2.5,0.15243902802467346,20.0,11144.0,890835.195275041
132866.90625,132890.328125,133192.34375,133332.0,133123.953125,133279.421875,133348.546875,104589.8046875,-0.6318359375,0.216796875,-0.477783203125,-0.09146341681480408,2.4695122241973877,0.21341463923454285,20.0,11145.0,890835.1966845
132802.53125,132826.046875,133127.796875,133267.625,133059.484375,133214.875,133280.6875,104492.3515625,-0.630859375,0.215576171875,-0.47412109375,-0.09146341681480408,2.4390244483947754,0.18292683362960815,20.0,11146.0,890835.196810833
132812.546875,132836.0625,133137.71875,133277.46875,133069.59375,133224.796875,133294.09375,104536.0703125,-0.632080078125,0.21630859375,-0.478271484375,-0.060975611209869385,2.408536672592163,0.09146341681480408,20.0,11147.0,890835.230493625
132850.09375,132873.4375,133175.53125,133315.546875,133106.96875,133262.359375,133340.578125,104654.265625,-0.63134765625,0.215576171875,-0.478759765625,-0.060975611209869385,2.4695122241973877,0.09146341681480408,20.0,11148.0,890835.23056875
132850.640625,132874.0625,133176.15625,133315.8125,133107.859375,133262.984375,133333.609375,104583.0078125,-0.6328125,0.216552734375,-0.479248046875,-0.09146341681480408,2.5609755516052246,0.15243902802467346,20.0,11149.0,890835.233061583
132794.9375,132818.171875,133120.109375,133259.671875,133051.984375,133207.359375,133273.625,104488.953125,-0.630859375,0.216064453125,-0.477783203125,-0.12195122241973877,2.5304877758026123,0.060975611209869385,20.0,11150.0,890835.233129125
132787.15625,132810.3125,133112.140625,133252.25,133044.203125,133199.671875,133267.359375,104499.5,-0.630615234375,0.21533203125,-0.481689453125,-0.09146341681480408,2.4695122241973877,0.12195122241973877,20.0,11151.0,890835.235685791
132826.21875,132849.296875,133152.109375,133292.21875,133083.453125,133238.65625,133316.890625,104631.375,-0.632568359375,0.215087890625,-0.480224609375,-0.060975611209869385,2.5304877758026123,0.12195122241973877,20.0,11152.0,890835.235762125
132835.875,132859.125,133161.328125,133301.25,133093.109375,133248.5,133320.203125,104584.9765625,-0.629150390625,0.216552734375,-0.47802734375,-0.12195122241973877,2.5,0.15243902802467346,20.0,11153.0,890835.237006083
132785.453125,132808.96875,133110.546875,133250.109375,133042.328125,133197.984375,133264.5,104485.375,-0.630615234375,0.21484375,-0.481201171875,-0.09146341681480408,2.5,0.21341463923454285,20.0,11154.0,890835.238240708
132763.109375,132786.890625,133088.71875,133228.109375,133019.96875,133175.8125,133242.6875,104461.4140625,-0.628662109375,0.21533203125,-0.479736328125,-0.030487805604934692,2.378048896789551,0.21341463923454285,20.0,11155.0,890835.239938291
132802.703125,132826.9375,133129.3125,133268.515625,133060.375,133215.6875,133292.65625,104597.9375,-0.6298828125,0.215576171875,-0.4794921875,-0.09146341681480408,2.3475608825683594,0.18292683362960815,20.0,11156.0,890835.242506916
132821.390625,132845.171875,133147.203125,133286.9375,133078.625,133234.09375,133307.40625,104583.8125,-0.629638671875,0.216552734375,-0.477783203125,-0.12195122241973877,2.408536672592163,0.18292683362960815,20.0,11157.0,890835.245160125
132780.0,132803.34375,133105.078125,133244.921875,133036.78125,133192.34375,133259.21875,104486.71875,-0.6298828125,0.21435546875,-0.4794921875,-0.060975611209869385,2.621951103210449,0.030487805604934692,20.0,11158.0,890835.277503416
132740.84375,132764.359375,133065.5625,133205.578125,132997.703125,133153.09375,133217.015625,104426.3671875,-0.628662109375,0.21533203125,-0.47900390625,-0.21341463923454285,2.5,0.15243902802467346,20.0,11159.0,890835.277633958
132780.890625,132804.046875,133106.25,133246.265625,133038.125,133193.234375,133267.71875,104555.109375,-0.6298828125,0.216064453125,-0.478515625,-0.18292683362960815,2.5,0.12195122241973877,20.0,11160.0,890835.277738458
132805.390625,132828.453125,133130.65625,133270.484375,133062.34375,133217.203125,133292.21875,104580.328125,-0.629150390625,0.2158203125,-0.479248046875,-0.21341463923454285,2.5,0.09146341681480408,20.0,11161.0,890835.277847541
132773.75,132796.71875,133098.46875,133238.5625,133030.515625,133185.46875,133253.671875,104486.265625,-0.630126953125,0.21484375,-0.478759765625,-0.18292683362960815,2.5304877758026123,0.030487805604934692,20.0,11162.0,890835.277955666
132717.421875,132740.21875,133042.140625,133182.25,132974.546875,133129.3125,133194.765625,104410.6328125,-0.63037109375,0.21484375,-0.477783203125,-0.21341463923454285,2.5,0.09146341681480408,20.0,11163.0,890835.278061375
132746.203125,132769.09375,133071.203125,133211.03125,133002.984375,133158.1875,133232.125,104513.0,-0.632568359375,0.213134765625,-0.47802734375,-0.060975611209869385,2.408536672592163,0.09146341681480408,20.0,11164.0,890835.27887125
132776.875,132800.03125,133102.046875,133242.140625,133033.65625,133189.21875,133266.46875,104574.515625,-0.632080078125,0.214599609375,-0.477294921875,-0.15243902802467346,2.5,0.09146341681480408,20.0,11165.0,890835.281098
132761.140625,132784.46875,133086.21875,133226.234375,133018.1875,133173.75,133242.6875,104477.421875,-0.6318359375,0.215087890625,-0.480712890625,-0.09146341681480408,2.408536672592163,0.15243902802467346,20.0,11166.0,890835.281214958
132703.5625,132726.796875,133028.546875,133168.03125,132960.421875,133115.90625,133181.796875,104393.2890625,-0.63232421875,0.21435546875,-0.47802734375,-0.12195122241973877,2.4695122241973877,0.21341463923454285,20.0,11167.0,890835.282565125
132718.9375,132742.0,133044.203125,133183.9375,132975.796875,133131.28125,133202.71875,104467.765625,-0.6328125,0.216064453125,-0.47607421875,-0.12195122241973877,2.408536672592163,0.15243902802467346,20.0,11168.0,890835.284468958
132753.984375,132777.234375,133079.78125,133219.609375,133011.125,133166.421875,133244.65625,104563.4296875,-0.631103515625,0.21630859375,-0.4755859375,-0.09146341681480408,2.4695122241973877,0.21341463923454285,20.0,11169.0,890835.318947833
132748.265625,132771.59375,133073.25,133213.171875,133005.3125,133160.609375,133230.796875,104479.921875,-0.630615234375,0.21533203125,-0.477294921875,-0.060975611209869385,2.5,0.21341463923454285,20.0,11170.0,890835.354728791
132692.828125,132715.984375,133017.28125,133157.484375,132949.78125,133105.0,133169.640625,104381.0390625,-0.631103515625,0.215576171875,-0.47802734375,-0.060975611209869385,2.4390244483947754,0.12195122241973877,20.0,11171.0,890835.354818125
132701.234375,132723.9375,133025.875,133165.875,132958.09375,133113.21875,133181.625,104417.6953125,-0.632080078125,0.215087890625,-0.47802734375,-0.09146341681480408,2.4390244483947754,0.18292683362960815,20.0,11172.0,890835.354876333
132740.3125,132763.28125,133065.828125,133205.75,132997.265625,133152.5625,133230.078125,104540.5390625,-0.63134765625,0.21435546875,-0.478515625,-0.030487805604934692,2.408536672592163,0.21341463923454285,20.0,11173.0,890835.356274
132742.453125,132765.609375,133067.53125,133207.359375,132999.40625,133154.96875,133224.984375,104478.9375,-0.629638671875,0.214111328125,-0.481689453125,-0.12195122241973877,2.4390244483947754,0.15243902802467346,20.0,11174.0,890835.357636125
132682.453125,132705.4375,133006.921875,133146.84375,132939.140625,133094.796875,133161.046875,104387.03125,-0.630615234375,0.21630859375,-0.480712890625,-0.15243902802467346,2.5,0.060975611209869385,20.0,11175.0,890835.36164975
132668.0625,132691.40625,132992.703125,133132.984375,132924.84375,133080.3125,133147.90625,104378.4453125,-0.631591796875,0.21533203125,-0.4765625,-0.18292683362960815,2.5304877758026123,0.15243902802467346,20.0,11176.0,890835.361711791
132707.9375,132731.0,133033.65625,133173.65625,132964.8125,133120.28125,133198.609375,104514.4296875,-0.630859375,0.215576171875,-0.478271484375,-0.12195122241973877,2.5304877758026123,0.12195122241973877,20.0,11177.0,890835.36177275
132720.28125,132743.703125,133045.71875,133186.171875,132977.328125,133132.71875,133205.9375,104474.9140625,-0.63037109375,0.2158203125,-0.47998046875,-0.12195122241973877,2.4695122241973877,0.18292683362960815,20.0,11178.0,890835.361835625
132673.703125,132696.765625,132998.78125,133138.96875,132930.390625,133085.765625,133154.703125,104378.265625,-0.62939453125,0.214111328125,-0.477294921875,-0.060975611209869385,2.4390244483947754,0.18292683362960815,20.0,11179.0,890835.361895625
132644.28125,132667.265625,132969.28125,133109.28125,132901.0625,133056.453125,133124.125,104345.71875,-0.6298828125,0.21435546875,-0.480224609375,-0.030487805604934692,2.4390244483947754,0.18292683362960815,20.0,11180.0,890835.370413583
132685.40625,132708.65625,133011.125,133150.953125,132942.09375,133097.671875,133174.734375,104480.6328125,-0.62841796875,0.2138671875,-0.481201171875,-0.060975611209869385,2.378048896789551,0.21341463923454285,20.0,11181.0,890835.370502416
132704.359375,132727.609375,133029.890625,133169.546875,132961.234375,133116.53125,133191.453125,104476.1640625,-0.630859375,0.215576171875,-0.482421875,-0.12195122241973877,2.408536672592163,0.15243902802467346,20.0,11182.0,890835.370583375
132669.9375,132693.359375,132994.84375,133134.671875,132926.8125,133082.109375,133149.515625,104374.2421875,-0.6298828125,0.216552734375,-0.483642578125,-0.18292683362960815,2.5,0.09146341681480408,20.0,11183.0,890835.370663333
132627.296875,132650.71875,132952.015625,133091.9375,132884.15625,133039.375,133105.171875,104320.953125,-0.62939453125,0.215576171875,-0.47802734375,-0.18292683362960815,2.4390244483947754,0.030487805604934692,20.0,11184.0,890835.370739875
132660.203125,132683.625,132985.375,133125.65625,132917.421875,133072.546875,133148.09375,104440.2265625,-0.626708984375,0.214111328125,-0.476806640625,-0.21341463923454285,2.5,0.09146341681480408,20.0,11185.0,890835.370811
132686.03125,132709.28125,133011.5625,133151.9375,132943.609375,133098.828125,133175.359375,104475.8984375,-0.628662109375,0.2138671875,-0.4775390625,-0.18292683362960815,2.4390244483947754,0.09146341681480408,20.0,11186.0,890835.370890791
132659.296875,132682.1875,132984.296875,133124.125,132916.078125,133071.46875,133140.84375,104378.890625,-0.6318359375,0.216064453125,-0.48046875,-0.18292683362960815,2.3475608825683594,0.060975611209869385,20.0,11187.0,890835.372581833
132603.421875,132626.3125,132928.328125,133068.15625,132859.9375,133015.59375,133082.828125,104304.6875,-0.6318359375,0.216064453125,-0.48095703125,-0.15243902802467346,2.4390244483947754,0.12195122241973877,20.0,11188.0,890835.374830625
132628.640625,132651.53125,132953.8125,133093.8125,132885.40625,133041.0625,133115.09375,104398.7421875,-0.631103515625,0.2158203125,-0.478515625,-0.09146341681480408,2.408536672592163,0.15243902802467346,20.0,11189.0,890835.37669225
132659.5625,132682.8125,132985.1875,133125.296875,132916.703125,133072.265625,133150.5,104469.8203125,-0.63232421875,0.216552734375,-0.477783203125,-0.030487805604934692,2.4695122241973877,0.12195122241973877,20.0,11190.0,890835.376799166
132648.484375,132671.546875,132973.484375,133113.484375,132905.53125,133060.65625,133129.84375,104370.3984375,-0.631103515625,0.215576171875,-0.479736328125,-0.060975611209869385,2.4390244483947754,0.09146341681480408,20.0,11191.0,890835.378809875
132597.96875,132620.859375,132922.515625,133062.4375,132854.828125,133009.78125,133074.515625,104280.1875,-0.630859375,0.21630859375,-0.480712890625,-0.12195122241973877,2.5,0.12195122241973877,20.0,11192.0,890835.380637583
132614.953125,132637.84375,132939.859375,133079.96875,132872.0,133027.125,133097.671875,104346.6171875,-0.633056640625,0.216552734375,-0.4794921875,-0.060975611209869385,2.5304877758026123,0.15243902802467346,20.0,11193.0,890835.409631375
132652.421875,132675.21875,132977.859375,133117.6875,132909.109375,133064.40625,133142.546875,104452.3828125,-0.632568359375,0.214599609375,-0.47509765625,-0.15243902802467346,2.4390244483947754,0.12195122241973877,20.0,11194.0,890835.409746666
132647.671875,132670.65625,132972.578125,133112.5,132904.359375,133059.75,133129.40625,104375.671875,-0.6328125,0.21533203125,-0.474853515625,-0.12195122241973877,2.378048896789551,0.24390244483947754,20.0,11195.0,890835.415896
132587.515625,132610.484375,132911.875,133051.796875,132843.921875,132999.40625,133064.40625,104281.796875,-0.631591796875,0.2158203125,-0.475830078125,-0.12195122241973877,2.4695122241973877,0.27439025044441223,20.0,11196.0,890835.416002625
132591.0,132613.890625,132915.359375,133055.375,132847.0625,133002.796875,133071.015625,104307.2734375,-0.632568359375,0.214599609375,-0.477783203125,-0.060975611209869385,2.4695122241973877,0.21341463923454285,20.0,11197.0,890835.41610925
132629.703125,132652.78125,132955.15625,133095.078125,132886.125,133041.703125,133120.109375,104435.3046875,-0.6318359375,0.214599609375,-0.4775390625,-0.12195122241973877,2.4695122241973877,0.21341463923454285,20.0,11198.0,890835.4162155
132634.171875,132657.6875,132959.4375,133099.359375,132890.6875,133045.984375,133117.6875,104377.4609375,-0.630615234375,0.21533203125,-0.476806640625,-0.15243902802467346,2.5,0.18292683362960815,20.0,11199.0,890835.416320458
132579.640625,132603.0625,132904.71875,133044.734375,132836.328125,132991.8125,133057.609375,104277.7734375,-0.630126953125,0.215087890625,-0.47705078125,-0.12195122241973877,2.5,0.18292683362960815,20.0,11200.0,890835.4176015
132567.03125,132590.1875,132891.765625,133032.125,132823.71875,132979.375,133045.1875,104261.3203125,-0.6298828125,0.213623046875,-0.478271484375,-0.15243902802467346,2.408536672592163,0.12195122241973877,20.0,11201.0,890835.417708041
132611.828125,132635.078125,132937.0,133077.375,132868.515625,133024.0,133100.890625,104401.9609375,-0.628173828125,0.2138671875,-0.479736328125,-0.09146341681480408,2.408536672592163,0.09146341681480408,20.0,11202.0,890835.419479291
132624.875,132648.390625,132950.140625,133090.25,132881.84375,133037.21875,133109.28125,104375.9375,-0.629638671875,0.21533203125,-0.479248046875,-0.09146341681480408,2.408536672592163,0.060975611209869385,20.0,11203.0,890835.455071625
132577.21875,132600.46875,132901.953125,133041.875,132834.265625,132989.390625,133056.09375,104276.7890625,-0.63037109375,0.216064453125,-0.477294921875,-0.030487805604934692,2.5609755516052246,0.09146341681480408,20.0,11204.0,890835.455223416
132550.578125,132574.09375,132875.125,133014.875,132807.625,132962.921875,133026.234375,104223.59375,-0.630126953125,0.215087890625,-0.478759765625,-0.030487805604934692,2.378048896789551,0.15243902802467346,20.0,11205.0,890835.45692175
132592.78125,132616.75,132918.3125,133058.234375,132850.359375,133005.671875,133080.140625,104365.125,-0.630126953125,0.21484375,-0.48046875,-0.030487805604934692,2.5,0.09146341681480408,20.0,11206.0,890835.457028333
132613.25,132636.953125,132938.78125,133078.796875,132870.921875,133026.046875,133099.359375,104375.046875,-0.63232421875,0.215087890625,-0.4794921875,-0.030487805604934692,2.408536672592163,0.18292683362960815,20.0,11207.0,890835.459390416
132571.859375,132595.5625,132896.953125,133037.046875,132829.078125,132984.296875,133050.453125,104283.1328125,-0.633544921875,0.21484375,-0.478759765625,-0.12195122241973877,2.378048896789551,0.09146341681480408,20.0,11208.0,890835.459506708
132527.421875,132551.03125,132851.96875,132992.34375,132784.734375,132939.59375,133003.078125,104205.53125,-0.63232421875,0.21337890625,-0.480224609375,0.0,2.408536672592163,0.09146341681480408,20.0,11209.0,890835.460922208
132563.453125,132586.875,132888.546875,133029.0,132820.59375,132975.53125,133049.03125,104325.15625,-0.633056640625,0.2119140625,-0.47705078125,-0.060975611209869385,2.378048896789551,0.21341463923454285,20.0,11210.0,890835.461040666
132590.90625,132613.796875,132915.8125,133056.53125,132847.6875,133002.890625,133078.625,104372.546875,-0.6328125,0.215576171875,-0.4794921875,-0.030487805604934692,2.3475608825683594,0.18292683362960815,20.0,11211.0,890835.464671583
132563.640625,132586.703125,132888.71875,133028.734375,132820.859375,132976.25,133043.3125,104280.453125,-0.630615234375,0.2158203125,-0.481689453125,-0.12195122241973877,2.408536672592163,0.15243902802467346,20.0,11212.0,890835.464779458
132508.109375,132531.359375,132832.75,132973.03125,132765.421875,132921.0,132983.40625,104185.859375,-0.629638671875,0.215087890625,-0.477783203125,-0.15243902802467346,2.4695122241973877,0.060975611209869385,20.0,11213.0,890835.466581125
132536.09375,132559.53125,132860.921875,133001.546875,132793.328125,132948.625,133019.703125,104278.1328125,-0.631591796875,0.216064453125,-0.478515625,-0.18292683362960815,2.5,0.09146341681480408,20.0,11214.0,890835.480228541
132570.96875,132594.03125,132896.40625,133036.78125,132827.921875,132983.40625,133060.375,104361.28125,-0.633056640625,0.215087890625,-0.478515625,-0.060975611209869385,2.4390244483947754,0.21341463923454285,20.0,11215.0,890835.480356625
132556.75,132579.90625,132881.484375,133021.84375,132813.890625,132969.015625,133038.203125,104275.8984375,-0.6298828125,0.215087890625,-0.478515625,-0.12195122241973877,2.4695122241973877,0.21341463923454285,20.0,11216.0,890835.480465541
132496.765625,132519.640625,132820.859375,132961.5,132753.453125,132908.5625,132973.921875,104179.515625,-0.632080078125,0.21484375,-0.4755859375,-0.060975611209869385,2.408536672592163,0.12195122241973877,20.0,11217.0,890835.480570833
132511.328125,132534.484375,132836.234375,132976.609375,132768.203125,132923.5,132992.34375,104232.9765625,-0.629150390625,0.21630859375,-0.475341796875,-0.15243902802467346,2.5304877758026123,0.09146341681480408,20.0,11218.0,890835.480674958
132549.875,132573.03125,132875.671875,133015.328125,132807.0,132962.03125,133039.1875,104345.8125,-0.6298828125,0.215576171875,-0.47802734375,-0.15243902802467346,2.408536672592163,0.060975611209869385,20.0,11219.0,890835.487906208
132548.078125,132570.875,132872.984375,133012.90625,132805.125,132960.0625,133029.625,104272.8515625,-0.6318359375,0.216796875,-0.474609375,-0.18292683362960815,2.4390244483947754,0.09146341681480408,20.0,11220.0,890835.517399166
132488.0,132510.703125,132812.359375,132952.640625,132744.78125,132899.8125,132965.96875,104183.5390625,-0.630615234375,0.2158203125,-0.479248046875,-0.18292683362960815,2.408536672592163,0.18292683362960815,20.0,11221.0,890835.51752225
132479.328125,132502.578125,132804.234375,132944.515625,132736.1875,132891.484375,132960.15625,104198.375,-0.62890625,0.21484375,-0.477783203125,-0.12195122241973877,2.378048896789551,0.12195122241973877,20.0,11222.0,890835.520714916
132520.625,132543.703125,132845.625,132986.171875,132777.5,132932.796875,133011.125,104328.1953125,-0.628173828125,0.216064453125,-0.476318359375,-0.15243902802467346,2.4695122241973877,0.18292683362960815,20.0,11223.0,890835.520816
132530.5625,132553.53125,132855.546875,132995.921875,132787.59375,132942.546875,133014.421875,104276.0703125,-0.628662109375,0.21630859375,-0.478271484375,-0.21341463923454285,2.408536672592163,0.21341463923454285,20.0,11224.0,890835.523030166
132478.515625,132501.671875,132803.0625,132943.53125,132735.296875,132890.515625,132956.671875,104177.9921875,-0.630615234375,0.216796875,-0.4775390625,-0.15243902802467346,2.378048896789551,0.21341463923454285,20.0,11225.0,890835.523162708
132461.4375,132484.875,132785.546875,132926.359375,132718.046875,132873.515625,132938.34375,104150.90625,-0.629638671875,0.21630859375,-0.476806640625,-0.060975611209869385,2.408536672592163,0.24390244483947754,20.0,11226.0,890835.52421275
132502.75,132526.0,132827.828125,132968.65625,132759.609375,132914.734375,132991.359375,104293.59375,-0.631103515625,0.217041015625,-0.4755859375,-0.09146341681480408,2.4695122241973877,0.060975611209869385,20.0,11227.0,890835.525439708
132518.578125,132541.90625,132843.65625,132984.203125,132775.703125,132930.46875,133004.140625,104276.7890625,-0.630859375,0.2138671875,-0.47705078125,-0.12195122241973877,2.5,0.15243902802467346,20.0,11228.0,890835.527007833
132472.0,132495.0625,132796.359375,132936.640625,132728.5,132883.625,132950.765625,104180.9453125,-0.631103515625,0.21435546875,-0.478515625,-0.09146341681480408,2.3475608825683594,0.12195122241973877,20.0,11229.0,890835.530626708
132436.859375,132460.109375,132760.953125,132901.421875,132693.453125,132848.390625,132913.125,104119.8828125,-0.631591796875,0.215087890625,-0.478271484375,-0.18292683362960815,2.4695122241973877,0.15243902802467346,20.0,11230.0,890835.56201275
132477.625,132500.78125,132802.359375,132942.625,132734.3125,132889.703125,132964.625,104253.9921875,-0.63232421875,0.215087890625,-0.478515625,-0.18292683362960815,2.408536672592163,0.18292683362960815,20.0,11231.0,890835.563458458
132501.046875,132524.125,132825.59375,132966.140625,132757.65625,132912.765625,132987.421875,104274.109375,-0.631591796875,0.21435546875,-0.4755859375,-0.12195122241973877,2.4390244483947754,0.12195122241973877,20.0,11232.0,890835.5635295
132468.6875,132491.75,132792.96875,132933.78125,132725.1875,132880.046875,132949.609375,104178.6171875,-0.630859375,0.21435546875,-0.4765625,-0.15243902802467346,2.5,0.21341463923454285,20.0,11233.0,890835.563596541
132416.296875,132439.546875,132740.390625,132881.125,132672.890625,132827.828125,132893.640625,104107.1875,-0.632080078125,0.21533203125,-0.47802734375,-0.18292683362960815,2.5304877758026123,0.15243902802467346,20.0,11234.0,890835.563663416
132446.875,132470.390625,132771.421875,132911.875,132703.5625,132858.671875,132932.890625,104215.1875,-0.632568359375,0.21630859375,-0.476806640625,-0.09146341681480408,2.408536672592163,0.18292683362960815,20.0,11235.0,890835.565502583
132476.640625,132499.984375,132801.8125,132941.828125,132733.515625,132888.625,132965.96875,104271.2421875,-0.629638671875,0.213623046875,-0.478515625,-0.09146341681480408,2.4390244483947754,0.18292683362960815,20.0,11236.0,890835.565598916
132458.578125,132481.375,132782.59375,132923.328125,132715.09375,132870.296875,132938.4375,104169.6796875,-0.62890625,0.21337890625,-0.47705078125,-0.060975611209869385,2.4695122241973877,0.18292683362960815,20.0,11237.0,890835.566900875
132406.375,132429.4375,132730.109375,132871.015625,132662.78125,132818.09375,132881.75,104080.6328125,-0.6279296875,0.215576171875,-0.480224609375,-0.09146341681480408,2.5,0.18292683362960815,20.0,11238.0,890835.568033541
132432.296875,132455.1875,132756.75,132897.484375,132688.890625,132843.921875,132914.46875,104163.328125,-0.630615234375,0.215576171875,-0.48046875,-0.18292683362960815,2.5304877758026123,0.18292683362960815,20.0,11239.0,890835.569185125
132466.8125,132490.234375,132791.984375,132932.625,132723.859375,132878.796875,132956.046875,104256.8515625,-0.63134765625,0.214599609375,-0.4775390625,-0.12195122241973877,2.4695122241973877,0.27439025044441223,20.0,11240.0,890835.600922583
132454.734375,132478.4375,132779.828125,132920.375,132712.046875,132867.078125,132937.265625,104178.7109375,-0.629638671875,0.216552734375,-0.479736328125,-0.15243902802467346,2.5304877758026123,0.24390244483947754,20.0,11241.0,890835.606036791
132390.359375,132414.0625,132715.453125,132855.546875,132647.59375,132802.53125,132869.140625,104083.9375,-0.631103515625,0.216064453125,-0.479248046875,-0.09146341681480408,2.5609755516052246,0.12195122241973877,20.0,11242.0,890835.60610725
132393.765625,132417.28125,132718.578125,132858.671875,132650.546875,132805.75,132875.9375,104124.078125,-0.631591796875,0.216064453125,-0.479248046875,-0.09146341681480408,2.5609755516052246,0.12195122241973877,20.0,11243.0,890835.606158833
132433.109375,132456.53125,132758.453125,132898.90625,132690.328125,132845.171875,132923.953125,104241.6484375,-0.63037109375,0.2158203125,-0.479736328125,-0.15243902802467346,2.378048896789551,0.15243902802467346,20.0,11244.0,890835.606208375
132435.0625,132457.875,132759.890625,132899.984375,132692.109375,132847.0625,132917.421875,104171.1953125,-0.630859375,0.2158203125,-0.4794921875,-0.09146341681480408,2.4390244483947754,0.15243902802467346,20.0,11245.0,890835.608025583
132380.265625,132403.515625,132704.453125,132844.828125,132637.3125,132791.984375,132856.890625,104068.7421875,-0.63232421875,0.215576171875,-0.477783203125,-0.09146341681480408,2.4390244483947754,0.18292683362960815,20.0,11246.0,890835.6080875
132379.015625,132402.171875,132703.109375,132843.484375,132635.78125,132790.8125,132855.90625,104068.828125,-0.630859375,0.214111328125,-0.4765625,-0.030487805604934692,2.4695122241973877,0.18292683362960815,20.0,11247.0,890835.609176583
132420.140625,132443.109375,132744.953125,132885.234375,132676.921875,132832.125,132908.21875,104209.109375,-0.632080078125,0.213134765625,-0.478271484375,-0.060975611209869385,2.5,0.24390244483947754,20.0,11248.0,890835.6104695
132430.234375,132453.046875,132754.703125,132895.15625,132687.015625,132842.140625,132913.046875,104173.96875,-0.63232421875,0.21337890625,-0.477294921875,-0.12195122241973877,2.5,0.21341463923454285,20.0,11249.0,890835.611686208
132375.171875,132397.515625,132699.0,132839.453125,132631.9375,132787.0625,132852.15625,104077.3203125,-0.6318359375,0.212890625,-0.47900390625,-0.09146341681480408,2.5,0.15243902802467346,20.0,11250.0,890835.612882166
132350.3125,132373.296875,132674.046875,132814.609375,132606.734375,132762.203125,132826.046875,104036.1015625,-0.631591796875,0.213623046875,-0.477783203125,-0.09146341681480408,2.4390244483947754,0.030487805604934692,20.0,11251.0,890835.658018166
132392.515625,132415.84375,132717.234375,132857.609375,132648.84375,132804.3125,132880.3125,104177.546875,-0.632080078125,0.212646484375,-0.47900390625,-0.09146341681480408,2.591463327407837,0.060975611209869385,20.0,11252.0,890835.658120166
132410.65625,132434.0,132735.296875,132875.75,132667.171875,132822.46875,132895.78125,104171.734375,-0.632568359375,0.213623046875,-0.476806640625,-0.060975611209869385,2.378048896789551,0.15243902802467346,20.0,11253.0,890835.658177625
132367.5625,132390.71875,132691.84375,132832.484375,132624.34375,132779.28125,132846.609375,104076.9609375,-0.6298828125,0.214111328125,-0.476806640625,-0.15243902802467346,2.4390244483947754,0.21341463923454285,20.0,11254.0,890835.658234458
132325.640625,132348.703125,132649.640625,132790.015625,132582.40625,132737.171875,132802.890625,104014.109375,-0.62890625,0.21484375,-0.477783203125,-0.09146341681480408,2.4695122241973877,0.18292683362960815,20.0,11255.0,890835.658293375
132362.921875,132385.53125,132687.109375,132827.390625,132619.0625,132774.28125,132850.09375,104142.0546875,-0.63134765625,0.21533203125,-0.478759765625,-0.12195122241973877,2.408536672592163,0.15243902802467346,20.0,11256.0,890835.658354166
132387.953125,132410.84375,132712.40625,132852.515625,132644.28125,132799.578125,132875.671875,104173.078125,-0.629150390625,0.21533203125,-0.48193359375,-0.12195122241973877,2.408536672592163,0.3048780560493469,20.0,11257.0,890835.660419958
132360.765625,132383.65625,132684.78125,132825.0625,132617.375,132772.40625,132840.0,104069.453125,-0.631103515625,0.217041015625,-0.480224609375,-0.18292683362960815,2.4390244483947754,0.3048780560493469,20.0,11258.0,890835.6605085
132312.140625,132334.75,132635.78125,132775.984375,132568.546875,132723.671875,132788.3125,103993.1015625,-0.62939453125,0.21630859375,-0.478759765625,-0.15243902802467346,2.4390244483947754,0.21341463923454285,20.0,11259.0,890835.66179175
132341.734375,132364.609375,132665.921875,132806.46875,132598.140625,132753.53125,132826.140625,104097.4375,-0.62890625,0.21533203125,-0.47900390625,-0.15243902802467346,2.4390244483947754,0.21341463923454285,20.0,11260.0,890835.665823458
132374.625,132397.703125,132699.265625,132839.8125,132631.3125,132786.703125,132863.5,104167.0859375,-0.629638671875,0.215576171875,-0.48193359375,-0.12195122241973877,2.5,0.12195122241973877,20.0,11261.0,890835.665899708
132358.453125,132381.328125,132682.734375,132823.1875,132615.3125,132770.25,132839.1875,104072.4921875,-0.63134765625,0.216552734375,-0.480712890625,-0.12195122241973877,2.5,0.18292683362960815,20.0,11262.0,890835.668164958
132300.59375,132324.03125,132624.515625,132765.15625,132557.5625,132712.5,132777.234375,103977.8984375,-0.630859375,0.216064453125,-0.47900390625,-0.030487805604934692,2.5304877758026123,0.18292683362960815,20.0,11263.0,890835.669180875
132320.625,132344.234375,132645.171875,132785.546875,132577.671875,132732.34375,132802.984375,104049.4296875,-0.630615234375,0.21484375,-0.4794921875,-0.060975611209869385,2.4695122241973877,0.18292683362960815,20.0,11264.0,890835.669243833
132358.265625,132381.6875,132683.4375,132823.8125,132615.3125,132769.90625,132847.421875,104150.9921875,-0.62890625,0.21337890625,-0.478759765625,-0.09146341681480408,2.408536672592163,0.12195122241973877,20.0,11265.0,890835.670412875
132351.203125,132374.265625,132675.65625,132816.125,132607.984375,132762.75,132831.59375,104077.4140625,-0.628662109375,0.21240234375,-0.4765625,-0.09146341681480408,2.4390244483947754,0.12195122241973877,20.0,11266.0,890835.700990541
132284.15625,132307.84375,132608.515625,132749.15625,132541.46875,132696.3125,132761.40625,103985.140625,-0.6318359375,0.215087890625,-0.477294921875,-0.030487805604934692,2.5,0.060975611209869385,20.0,11267.0,890835.703652916
132284.0625,132307.3125,132608.25,132748.984375,132540.84375,132695.953125,132765.15625,104010.1796875,-0.630126953125,0.2138671875,-0.47802734375,-0.030487805604934692,2.4390244483947754,0.060975611209869385,20.0,11268.0,890835.703735416
132323.484375,132346.28125,132648.390625,132788.765625,132579.90625,132735.484375,132814.421875,104137.4921875,-0.631103515625,0.215576171875,-0.47998046875,-0.09146341681480408,2.4695122241973877,0.12195122241973877,20.0,11269.0,890835.70379275
132328.671875,132351.390625,132653.3125,132793.40625,132585.265625,132740.578125,132811.921875,104074.015625,-0.631103515625,0.21337890625,-0.478515625,0.0,2.3475608825683594,0.060975611209869385,20.0,11270.0,890835.703848583
132277.53125,132300.515625,132601.359375,132741.640625,132533.859375,132689.078125,132753.984375,103973.5234375,-0.631103515625,0.212890625,-0.479248046875,0.030487805604934692,2.378048896789551,0.060975611209869385,20.0,11271.0,890835.7039045
132265.828125,132288.796875,132589.46875,132730.109375,132521.96875,132677.0,132743.875,103969.5,-0.630615234375,0.21435546875,-0.480712890625,-0.060975611209869385,2.408536672592163,0.060975611209869385,20.0,11272.0,890835.705680291
132307.671875,132330.46875,132632.21875,132772.578125,132563.8125,132719.03125,132796.71875,104107.5390625,-0.629150390625,0.21533203125,-0.47607421875,-0.030487805604934692,2.408536672592163,0.030487805604934692,20.0,11273.0,890835.705762333
132318.9375,132341.90625,132643.828125,132783.75,132575.796875,132730.65625,132803.875,104076.3359375,-0.630859375,0.2138671875,-0.47509765625,-0.09146341681480408,2.378048896789551,0.09146341681480408,20.0,11274.0,890835.706954833
132271.8125,132294.703125,132596.0,132736.1875,132528.765625,132683.4375,132748.890625,103969.5,-0.631103515625,0.216552734375,-0.477783203125,-0.12195122241973877,2.378048896789551,0.12195122241973877,20.0,11275.0,890835.710575666
132250.625,132273.515625,132574.28125,132714.828125,132507.3125,132662.15625,132725.28125,103924.96875,-0.6318359375,0.21728515625,-0.477783203125,-0.12195122241973877,2.4695122241973877,0.030487805604934692,20.0,11276.0,890835.742026125
132293.09375,132315.984375,132617.453125,132757.828125,132549.78125,132704.8125,132779.546875,104068.46875,-0.630615234375,0.215576171875,-0.4814453125,-0.18292683362960815,2.4390244483947754,0.18292683362960815,20.0,11277.0,890835.743171666
132313.5625,132336.453125,132638.015625,132778.21875,132569.984375,132725.375,132799.046875,104075.625,-0.6298828125,0.21484375,-0.480712890625,-0.09146341681480408,2.5,0.15243902802467346,20.0,11278.0,890835.743225666
132271.1875,132293.8125,132595.28125,132735.484375,132527.515625,132682.90625,132750.859375,103982.1015625,-0.63037109375,0.21533203125,-0.480224609375,-0.09146341681480408,2.4390244483947754,0.18292683362960815,20.0,11279.0,890835.743271958
132226.125,132249.109375,132550.140625,132690.5,132482.640625,132637.671875,132701.953125,103907.1796875,-0.630126953125,0.215087890625,-0.479736328125,-0.09146341681480408,2.408536672592163,0.12195122241973877,20.0,11280.0,890835.745610125
132263.59375,132286.5625,132588.140625,132728.765625,132520.1875,132675.125,132749.328125,104030.3828125,-0.630859375,0.21728515625,-0.48046875,-0.15243902802467346,2.378048896789551,0.12195122241973877,20.0,11281.0,890835.745676625
132291.921875,132315.078125,132616.65625,132757.296875,132548.609375,132704.0,132779.546875,104073.1171875,-0.630126953125,0.217041015625,-0.479736328125,-0.15243902802467346,2.408536672592163,0.09146341681480408,20.0,11282.0,890835.746754958
132264.484375,132287.375,132588.671875,132729.21875,132521.078125,132676.296875,132744.328125,103977.8984375,-0.630615234375,0.21533203125,-0.480224609375,-0.030487805604934692,2.5,0.09146341681480408,20.0,11283.0,890835.747905
132210.75,132233.71875,132534.765625,132675.390625,132467.25,132622.375,132686.75,103888.765625,-0.630615234375,0.217529296875,-0.476806640625,-0.09146341681480408,2.4390244483947754,0.09146341681480408,20.0,11284.0,890835.779913375
132239.171875,132262.0625,132563.1875,132704.359375,132495.6875,132650.890625,132722.78125,103987.2890625,-0.629150390625,0.217529296875,-0.47802734375,-0.15243902802467346,2.5,0.18292683362960815,20.0,11285.0,890835.780007541
132273.59375,132296.75,132598.234375,132738.78125,132530.28125,132685.3125,132762.03125,104065.34375,-0.630615234375,0.21728515625,-0.477783203125,-0.09146341681480408,2.4390244483947754,0.15243902802467346,20.0,11286.0,890835.780084208
132258.046875,132281.296875,132582.5,132722.6875,132514.828125,132669.9375,132737.265625,103977.8125,-0.63134765625,0.21533203125,-0.480712890625,-0.12195122241973877,2.408536672592163,0.18292683362960815,20.0,11287.0,890835.786141625
132197.515625,132220.3125,132521.703125,132661.890625,132454.46875,132609.40625,132675.3125,103887.6875,-0.63134765625,0.21630859375,-0.47998046875,-0.060975611209869385,2.4695122241973877,0.15243902802467346,20.0,11288.0,890835.786223666
132208.515625,132231.3125,132533.234375,132673.078125,132465.203125,132620.40625,132692.03125,103948.21875,-0.632080078125,0.2138671875,-0.48095703125,-0.12195122241973877,2.4695122241973877,0.24390244483947754,20.0,11289.0,890835.786273958
132245.265625,132268.140625,132570.4375,132710.4375,132501.859375,132656.984375,132736.109375,104056.1328125,-0.631103515625,0.214599609375,-0.479736328125,-0.12195122241973877,2.4390244483947754,0.21341463923454285,20.0,11290.0,890835.786322833
132245.53125,132268.5,132570.25,132710.625,132502.578125,132657.0625,132727.4375,103972.359375,-0.630615234375,0.213623046875,-0.480224609375,-0.09146341681480408,2.4695122241973877,0.12195122241973877,20.0,11291.0,890835.788516333
132190.8125,132213.421875,132514.46875,132654.828125,132447.140625,132602.078125,132667.609375,103880.71875,-0.63037109375,0.214599609375,-0.479736328125,-0.12195122241973877,2.4390244483947754,0.12195122241973877,20.0,11292.0,890835.788592333
132187.953125,132210.5625,132511.6875,132652.328125,132444.28125,132599.40625,132667.53125,103901.7265625,-0.631103515625,0.213623046875,-0.4765625,-0.12195122241973877,2.4390244483947754,0.09146341681480408,20.0,11293.0,890835.78864275
132229.34375,132252.046875,132553.890625,132694.4375,132485.671875,132640.703125,132718.9375,104032.53125,-0.63232421875,0.21435546875,-0.47705078125,-0.12195122241973877,2.378048896789551,0.21341463923454285,20.0,11294.0,890835.788691625
132235.875,132258.84375,132560.421875,132700.609375,132492.375,132647.671875,132719.65625,103977.9921875,-0.630859375,0.21484375,-0.478515625,-0.15243902802467346,2.4390244483947754,0.18292683362960815,20.0,11295.0,890835.790687083
132183.125,132206.453125,132507.3125,132647.5,132439.890625,132594.84375,132662.4375,103879.9140625,-0.63037109375,0.21630859375,-0.48193359375,-0.060975611209869385,2.591463327407837,0.15243902802467346,20.0,11296.0,890835.790756166
132165.78125,132188.9375,132489.96875,132630.25,132422.375,132577.3125,132644.109375,103864.265625,-0.631591796875,0.21630859375,-0.48193359375,-0.09146341681480408,2.5609755516052246,0.21341463923454285,20.0,11297.0,890835.822102208
132208.0625,132230.953125,132532.796875,132672.890625,132464.84375,132619.421875,132696.859375,104002.84375,-0.632080078125,0.213623046875,-0.478271484375,-0.09146341681480408,2.5,0.12195122241973877,20.0,11298.0,890835.822204833
132223.625,132246.234375,132548.34375,132688.265625,132480.3125,132635.15625,132708.46875,103980.1328125,-0.633056640625,0.214599609375,-0.477294921875,-0.15243902802467346,2.5609755516052246,0.24390244483947754,20.0,11299.0,890835.825848625
132179.71875,132202.609375,132503.90625,132643.75,132436.40625,132591.265625,132659.03125,103875.796875,-0.631591796875,0.216064453125,-0.478515625,-0.15243902802467346,2.5304877758026123,0.24390244483947754,20.0,11300.0,890835.825922
132148.703125,132172.03125,132472.625,132612.8125,132405.390625,132560.0625,132625.953125,103827.6953125,-0.63037109375,0.21630859375,-0.478759765625,-0.12195122241973877,2.5304877758026123,0.18292683362960815,20.0,11301.0,890835.825977333
132188.484375,132211.8125,132513.390625,132653.84375,132445.078125,132600.03125,132675.390625,103964.671875,-0.630615234375,0.214599609375,-0.481201171875,-0.060975611209869385,2.5609755516052246,0.09146341681480408,20.0,11302.0,890835.828240583
132210.484375,132233.90625,132535.65625,132675.9375,132467.078125,132622.203125,132697.203125,103979.0625,-0.63134765625,0.213134765625,-0.48046875,0.0,2.4695122241973877,0.060975611209869385,20.0,11303.0,890835.830860916
132172.65625,132195.90625,132497.46875,132637.578125,132429.703125,132584.640625,132652.0625,103880.0,-0.631103515625,0.21337890625,-0.478515625,-0.060975611209869385,2.5609755516052246,0.030487805604934692,20.0,11304.0,890835.831002958
132130.734375,132154.15625,132455.1875,132595.375,132387.59375,132542.171875,132605.5625,103798.640625,-0.629638671875,0.212158203125,-0.478515625,-0.12195122241973877,2.5,0.09146341681480408,20.0,11305.0,890835.831830541
132168.453125,132191.609375,132493.265625,132633.28125,132425.234375,132580.171875,132652.859375,103919.96875,-0.631103515625,0.214599609375,-0.47705078125,-0.09146341681480408,2.5,0.060975611209869385,20.0,11306.0,890835.833214833
132197.25,132220.671875,132522.15625,132662.15625,132453.84375,132608.96875,132684.34375,103972.890625,-0.6298828125,0.21484375,-0.4765625,-0.12195122241973877,2.4390244483947754,0.09146341681480408,20.0,11307.0,890835.863782708
132171.765625,132194.75,132495.78125,132636.234375,132428.1875,132583.03125,132650.8125,103883.3125,-0.631103515625,0.214599609375,-0.47900390625,-0.12195122241973877,2.4695122241973877,0.030487805604934692,20.0,11308.0,890835.8639015
132111.140625,132134.390625,132435.421875,132575.53125,132367.75,132522.421875,132587.78125,103792.2890625,-0.630615234375,0.216552734375,-0.47607421875,-0.12195122241973877,2.5609755516052246,0.12195122241973877,20.0,11309.0,890835.8640435
132135.90625,132158.984375,132460.46875,132601.09375,132392.515625,132547.28125,132619.15625,103877.3203125,-0.629638671875,0.21826171875,-0.4775390625,-0.12195122241973877,2.4390244483947754,0.09146341681480408,20.0,11310.0,890835.866920125
132171.3125,132194.46875,132496.578125,132637.125,132428.359375,132583.03125,132660.828125,103966.28125,-0.62939453125,0.216796875,-0.4755859375,-0.09146341681480408,2.4390244483947754,0.09146341681480408,20.0,11311.0,890835.867173041
132160.765625,132183.828125,132485.5,132625.6875,132417.71875,132572.40625,132641.59375,103881.34375,-0.62890625,0.21533203125,-0.478271484375,-0.09146341681480408,2.408536672592163,0.15243902802467346,20.0,11312.0,890835.867946333
132101.578125,132124.640625,132425.6875,132566.234375,132358.359375,132513.65625,132577.046875,103778.7890625,-0.629150390625,0.2138671875,-0.477294921875,-0.09146341681480408,2.4695122241973877,0.18292683362960815,20.0,11313.0,890835.869440875
132115.171875,132138.421875,132439.546875,132580.171875,132372.3125,132527.34375,132594.84375,103828.59375,-0.6318359375,0.21630859375,-0.476318359375,-0.030487805604934692,2.4390244483947754,0.060975611209869385,20.0,11314.0,890835.870526166
132154.15625,132177.40625,132479.0625,132619.421875,132411.015625,132566.140625,132643.125,103947.59375,-0.629638671875,0.21484375,-0.4775390625,-0.09146341681480408,2.5,0.09146341681480408,20.0,11315.0,890835.871930416
132153.171875,132176.59375,132477.8125,132618.171875,132410.03125,132565.328125,132635.15625,103883.84375,-0.628173828125,0.21484375,-0.478271484375,-0.12195122241973877,2.4695122241973877,0.15243902802467346,20.0,11316.0,890835.906046833
132089.6875,132113.109375,132414.0625,132554.0625,132346.640625,132501.671875,132566.234375,103784.875,-0.62939453125,0.21337890625,-0.479736328125,-0.18292683362960815,2.408536672592163,0.18292683362960815,20.0,11317.0,890835.906162625
132085.671875,132108.640625,132409.59375,132549.515625,132342.265625,132496.84375,132564.078125,103791.3125,-0.63037109375,0.212890625,-0.481689453125,-0.12195122241973877,2.5,0.15243902802467346,20.0,11318.0,890835.906261666
132128.671875,132151.65625,132453.84375,132593.046875,132385.453125,132540.125,132617.90625,103925.1484375,-0.630615234375,0.212646484375,-0.47900390625,-0.060975611209869385,2.5304877758026123,0.12195122241973877,20.0,11319.0,890835.906363208
132136.890625,132160.40625,132462.15625,132601.640625,132394.125,132548.890625,132620.328125,103880.265625,-0.62939453125,0.21337890625,-0.480712890625,-0.12195122241973877,2.621951103210449,0.12195122241973877,20.0,11320.0,890835.906468166
132082.09375,132105.6875,132406.640625,132546.46875,132339.578125,132493.984375,132559.96875,103782.546875,-0.62939453125,0.21435546875,-0.4794921875,-0.030487805604934692,2.4695122241973877,0.24390244483947754,20.0,11321.0,890835.907723333
132056.25,132079.765625,132380.984375,132520.984375,132313.828125,132468.328125,132534.84375,103759.125,-0.6298828125,0.21484375,-0.47900390625,-0.09146341681480408,2.408536672592163,0.18292683362960815,20.0,11322.0,890835.912167291
132096.578125,132120.09375,132421.921875,132561.765625,132353.625,132508.65625,132586.34375,103896.6328125,-0.628662109375,0.2158203125,-0.478271484375,-0.15243902802467346,2.5304877758026123,0.18292683362960815,20.0,11323.0,890835.912277041
132113.828125,132137.171875,132438.90625,132579.015625,132370.875,132525.640625,132600.390625,103882.328125,-0.631591796875,0.216552734375,-0.4814453125,-0.15243902802467346,2.5609755516052246,0.15243902802467346,20.0,11324.0,890835.913865666
132072.96875,132096.484375,132397.609375,132537.53125,132330.015625,132484.78125,132551.5625,103778.34375,-0.632080078125,0.21630859375,-0.478759765625,-0.15243902802467346,2.4695122241973877,0.18292683362960815,20.0,11325.0,890835.913975875
132036.671875,132060.0,132360.859375,132500.875,132293.359375,132448.296875,132514.46875,103732.65625,-0.62939453125,0.2138671875,-0.478759765625,-0.18292683362960815,2.4695122241973877,0.24390244483947754,20.0,11326.0,890835.917957958
132072.25,132095.328125,132397.078125,132537.171875,132328.859375,132484.25,132560.59375,103862.2109375,-0.629638671875,0.21826171875,-0.478759765625,-0.12195122241973877,2.5,0.15243902802467346,20.0,11327.0,890835.982471916
132097.640625,132120.984375,132422.640625,132562.46875,132354.0625,132509.359375,132585.984375,103884.1171875,-0.62939453125,0.21630859375,-0.47900390625,-0.15243902802467346,2.5304877758026123,0.12195122241973877,20.0,11328.0,890835.982620166
132068.953125,132092.375,132393.5,132533.421875,132325.8125,132480.84375,132548.796875,103781.296875,-0.628662109375,0.21533203125,-0.478515625,-0.09146341681480408,2.5304877758026123,0.15243902802467346,20.0,11329.0,890835.985602541
132020.9375,132044.453125,132345.03125,132485.40625,132277.890625,132432.65625,132498.09375,103712.8125,-0.6298828125,0.21533203125,-0.480712890625,-0.09146341681480408,2.4695122241973877,0.15243902802467346,20.0,11330.0,890835.985717791
132049.640625,132072.875,132374.71875,132515.0,132306.6875,132461.4375,132535.828125,103819.296875,-0.630859375,0.214599609375,-0.480712890625,-0.09146341681480408,2.408536672592163,0.18292683362960815,20.0,11331.0,890835.987835625
132078.6875,132101.765625,132403.859375,132543.703125,132335.375,132489.96875,132568.203125,103881.5234375,-0.632080078125,0.212890625,-0.4814453125,-0.060975611209869385,2.408536672592163,0.09146341681480408,20.0,11332.0,890836.020884708
132063.5,132086.734375,132387.6875,132527.78125,132320.1875,132474.59375,132543.703125,103779.7734375,-0.631591796875,0.2138671875,-0.4814453125,-0.12195122241973877,2.378048896789551,0.15243902802467346,20.0,11333.0,890836.021004708
132012.078125,132035.234375,132336.09375,132476.109375,132268.953125,132423.171875,132488.453125,103688.3984375,-0.631591796875,0.21533203125,-0.47998046875,-0.09146341681480408,2.408536672592163,0.12195122241973877,20.0,11334.0,890836.021113583
132032.921875,132055.71875,132357.203125,132497.203125,132289.25,132443.921875,132514.734375,103768.15625,-0.630859375,0.216064453125,-0.478759765625,-0.030487805604934692,2.4390244483947754,0.12195122241973877,20.0,11335.0,890836.021230666
132069.578125,132092.640625,132394.5625,132534.578125,132326.265625,132481.03125,132558.71875,103865.515625,-0.631103515625,0.215087890625,-0.480224609375,-0.09146341681480408,2.4390244483947754,0.12195122241973877,20.0,11336.0,890836.021340166
132061.96875,132084.859375,132386.078125,132526.53125,132318.390625,132473.328125,132542.453125,103786.125,-0.630126953125,0.21484375,-0.480712890625,-0.15243902802467346,2.5,0.18292683362960815,20.0,11337.0,890836.021445458
131999.84375,132022.8125,132323.125,132463.859375,132256.4375,132411.109375,132475.296875,103689.4765625,-0.6298828125,0.21337890625,-0.480224609375,-0.12195122241973877,2.378048896789551,0.12195122241973877,20.0,11338.0,890836.021551916
132008.78125,132031.671875,132332.609375,132473.15625,132265.46875,132420.140625,132488.453125,103726.3125,-0.6298828125,0.215576171875,-0.48046875,-0.12195122241973877,2.5609755516052246,0.12195122241973877,20.0,11339.0,890836.021702583
132050.34375,132073.6875,132375.609375,132515.890625,132307.21875,132462.25,132540.125,103851.75,-0.630615234375,0.215576171875,-0.480712890625,-0.09146341681480408,2.5,0.21341463923454285,20.0,11340.0,890836.021892291
132052.40625,132075.921875,132377.21875,132517.140625,132309.0,132463.953125,132534.671875,103785.765625,-0.6298828125,0.21533203125,-0.480712890625,-0.12195122241973877,2.4695122241973877,0.09146341681480408,20.0,11341.0,890836.022012125
131995.546875,132018.703125,132319.90625,132459.828125,132251.96875,132406.734375,132473.25,103688.21875,-0.630126953125,0.2158203125,-0.47998046875,-0.12195122241973877,2.4695122241973877,0.09146341681480408,20.0,11342.0,890836.022121166
131985.078125,132008.15625,132309.1875,132449.546875,132241.5,132396.453125,132463.234375,103688.1328125,-0.630126953125,0.21728515625,-0.479248046875,-0.09146341681480408,2.5304877758026123,0.09146341681480408,20.0,11343.0,890836.022225958
132027.109375,132050.265625,132351.828125,132492.46875,132283.875,132438.375,132515.984375,103826.359375,-0.630615234375,0.217041015625,-0.480712890625,-0.12195122241973877,2.4390244483947754,0.12195122241973877,20.0,11344.0,890836.022351791
132037.65625,132060.640625,132362.03125,132502.578125,132294.25,132449.109375,132521.078125,103786.9296875,-0.631591796875,0.21630859375,-0.479248046875,-0.12195122241973877,2.4695122241973877,0.060975611209869385,20.0,11345.0,890836.022455375
131989.109375,132012.078125,132313.296875,132453.390625,132245.53125,132400.296875,132466.453125,103687.1484375,-0.63134765625,0.218017578125,-0.480224609375,-0.15243902802467346,2.4695122241973877,0.18292683362960815,20.0,11346.0,890836.022559125
131961.296875,131984.640625,132285.578125,132425.765625,132218.171875,132372.75,132438.90625,103657.2890625,-0.631591796875,0.215087890625,-0.48046875,-0.15243902802467346,2.4695122241973877,0.060975611209869385,20.0,11347.0,890836.027589958
132004.125,132027.46875,132328.765625,132469.140625,132260.453125,132415.40625,132491.84375,103794.078125,-0.63037109375,0.214599609375,-0.48046875,-0.15243902802467346,2.4390244483947754,0.12195122241973877,20.0,11348.0,890836.027698083
132024.0625,132047.125,132348.25,132488.984375,132280.3125,132435.25,132509.09375,103789.703125,-0.631103515625,0.216796875,-0.478515625,-0.12195122241973877,2.4695122241973877,0.030487805604934692,20.0,11349.0,890836.027804833
131987.140625,132010.203125,132311.0625,132451.515625,132243.5625,132398.59375,132465.640625,103690.0078125,-0.631103515625,0.2158203125,-0.479248046875,0.0,2.5,0.09146341681480408,20.0,11350.0,890836.027911541
131944.84375,131968.546875,132269.046875,132409.3125,132201.890625,132356.21875,132421.5625,103630.640625,-0.631591796875,0.216552734375,-0.4833984375,-0.030487805604934692,2.5,0.12195122241973877,20.0,11351.0,890836.028886958
131979.984375,132003.40625,132304.453125,132445.0,132236.40625,132391.4375,132466.1875,103755.546875,-0.630859375,0.215576171875,-0.482421875,-0.030487805604934692,2.4695122241973877,0.18292683362960815,20.0,11352.0,890836.031375791
132007.4375,132030.6875,132331.984375,132472.078125,132263.859375,132418.703125,132494.53125,103790.953125,-0.629638671875,0.214599609375,-0.480712890625,-0.12195122241973877,2.4390244483947754,0.27439025044441223,20.0,11353.0,890836.031485
131980.703125,132003.6875,132304.359375,132445.0,132237.125,132391.890625,132458.578125,103689.1171875,-0.62890625,0.21484375,-0.48046875,-0.12195122241973877,2.5609755516052246,0.15243902802467346,20.0,11354.0,890836.033806541
131931.703125,131954.6875,132255.1875,132395.28125,132187.859375,132342.4375,132406.015625,103607.3125,-0.631103515625,0.215087890625,-0.480224609375,-0.18292683362960815,2.5304877758026123,0.15243902802467346,20.0,11355.0,890836.033912875
131961.84375,131985.0,132286.125,132425.953125,132218.4375,132373.015625,132444.8125,103709.4140625,-0.62890625,0.21484375,-0.4794921875,-0.24390244483947754,2.5304877758026123,0.09146341681480408,20.0,11356.0,890836.034871958
131993.671875,132016.828125,132318.21875,132458.3125,132250.171875,132404.671875,132481.296875,103782.546875,-0.629638671875,0.214599609375,-0.478759765625,-0.21341463923454285,2.4390244483947754,0.15243902802467346,20.0,11357.0,890836.068036083
131974.796875,131998.234375,132299.078125,132439.359375,132231.484375,132385.8125,132454.03125,103694.75,-0.63037109375,0.21435546875,-0.477294921875,-0.12195122241973877,2.408536672592163,0.18292683362960815,20.0,11358.0,890836.068165625
131912.03125,131935.640625,132236.140625,132376.5,132168.8125,132323.046875,132389.46875,103609.09375,-0.62890625,0.215576171875,-0.4765625,-0.060975611209869385,2.5,0.15243902802467346,20.0,11359.0,890836.068269291
131924.828125,131947.625,132248.921875,132389.203125,132181.15625,132335.5625,132408.0625,103671.59375,-0.6298828125,0.21484375,-0.48046875,-0.18292683362960815,2.4390244483947754,0.21341463923454285,20.0,11360.0,890836.0683785
131960.59375,131983.828125,132285.3125,132425.5,132217.09375,132371.59375,132451.078125,103776.0234375,-0.629638671875,0.214111328125,-0.4814453125,-0.09146341681480408,2.408536672592163,0.21341463923454285,20.0,11361.0,890836.068483541
131959.0625,131982.671875,132283.34375,132423.265625,132215.390625,132370.078125,132440.4375,103688.7578125,-0.630126953125,0.2138671875,-0.479248046875,-0.12195122241973877,2.4695122241973877,0.18292683362960815,20.0,11362.0,890836.068588
131903.984375,131927.234375,132227.90625,132367.65625,132160.40625,132315.0,132380.078125,103598.640625,-0.630859375,0.2158203125,-0.47998046875,0.0,2.4695122241973877,0.18292683362960815,20.0,11363.0,890836.069190416
131904.796875,131927.78125,132228.984375,132368.90625,132161.3125,132315.984375,132385.0,103628.40625,-0.631103515625,0.215087890625,-0.483154296875,-0.060975611209869385,2.4695122241973877,0.09146341681480408,20.0,11364.0,890836.070570791
131944.765625,131967.921875,132269.578125,132409.59375,132201.71875,132355.9375,132434.890625,103756.890625,-0.6318359375,0.215087890625,-0.478271484375,0.030487805604934692,2.3475608825683594,0.060975611209869385,20.0,11365.0,890836.071726958
131950.578125,131973.8125,132274.9375,132414.859375,132207.265625,132361.484375,132434.0,103694.484375,-0.6318359375,0.21630859375,-0.47900390625,-0.060975611209869385,2.408536672592163,0.09146341681480408,20.0,11366.0,890836.07388575
131898.265625,131921.875,132222.28125,132362.46875,132155.046875,132309.28125,132376.78125,103594.7890625,-0.630615234375,0.216064453125,-0.47802734375,-0.15243902802467346,2.4390244483947754,0.09146341681480408,20.0,11367.0,890836.075050416
131883.25,131906.671875,132207.265625,132347.625,132139.9375,132294.4375,132361.75,103589.0703125,-0.631591796875,0.215087890625,-0.479248046875,-0.18292683362960815,2.408536672592163,0.18292683362960815,20.0,11368.0,890836.106152125
131923.390625,131946.453125,132248.203125,132388.3125,132179.8125,132334.484375,132412.09375,103726.84375,-0.631591796875,0.21435546875,-0.4775390625,-0.15243902802467346,2.4390244483947754,0.15243902802467346,20.0,11369.0,890836.106287416
131936.890625,131959.953125,132261.359375,132401.28125,132193.3125,132347.984375,132421.390625,103696.5390625,-0.632568359375,0.213623046875,-0.478759765625,-0.09146341681480408,2.408536672592163,0.21341463923454285,20.0,11370.0,890836.106390958
131891.75,131914.90625,132215.671875,132356.03125,132148.34375,132303.109375,132370.703125,103596.578125,-0.631591796875,0.213623046875,-0.4794921875,-0.09146341681480408,2.408536672592163,0.18292683362960815,20.0,11371.0,890836.110087541
131860.890625,131883.703125,132184.546875,132324.828125,132117.5,132271.984375,132338.421875,103559.8359375,-0.63232421875,0.215576171875,-0.4794921875,-0.12195122241973877,2.317073106765747,0.24390244483947754,20.0,11372.0,890836.110207708
131899.96875,131923.21875,132224.34375,132364.53125,132156.390625,132310.890625,132388.21875,103694.484375,-0.632568359375,0.21435546875,-0.478759765625,-0.15243902802467346,2.195122003555298,0.21341463923454285,20.0,11373.0,890836.112670791
131921.25,131944.765625,132245.703125,132386.15625,132178.03125,132332.4375,132408.25,103699.9375,-0.6298828125,0.214599609375,-0.47900390625,-0.060975611209869385,2.378048896789551,0.15243902802467346,20.0,11374.0,890836.114785541
131890.484375,131913.375,132214.40625,132354.25,132147.0,132301.046875,132369.71875,103595.953125,-0.62939453125,0.213623046875,-0.478271484375,-0.09146341681480408,2.4390244483947754,0.09146341681480408,20.0,11375.0,890836.114865166
131844.0,131867.25,132167.828125,132307.84375,132100.859375,132254.921875,132321.34375,103536.765625,-0.6298828125,0.213623046875,-0.4775390625,-0.060975611209869385,2.4695122241973877,0.15243902802467346,20.0,11376.0,890836.116421166
131874.046875,131897.546875,132198.765625,132338.875,132131.078125,132285.484375,132361.125,103654.6953125,-0.63134765625,0.21484375,-0.477294921875,-0.060975611209869385,2.3475608825683594,0.09146341681480408,20.0,11377.0,890836.14589
131901.75,131925.1875,132226.296875,132366.5,132158.53125,132312.765625,132390.28125,103698.59375,-0.63134765625,0.2158203125,-0.4765625,-0.15243902802467346,2.378048896789551,0.21341463923454285,20.0,11378.0,890836.146012333
131882.71875,131906.234375,132206.71875,132346.828125,132139.3125,132293.625,132361.671875,103593.0078125,-0.630615234375,0.21728515625,-0.4765625,-0.09146341681480408,2.5609755516052246,0.15243902802467346,20.0,11379.0,890836.151575041
131831.75,131855.09375,132155.140625,132295.5,132088.171875,132242.21875,132307.578125,103515.6640625,-0.63134765625,0.216064453125,-0.476806640625,-0.15243902802467346,2.5304877758026123,0.12195122241973877,20.0,11380.0,890836.151672375
131857.234375,131880.296875,132180.96875,132321.515625,132113.390625,132267.78125,132340.03125,103608.203125,-0.630859375,0.217041015625,-0.478271484375,-0.060975611209869385,2.5,0.12195122241973877,20.0,11381.0,890836.151746541
131891.203125,131914.546875,132215.578125,132356.125,132147.453125,132302.125,132379.375,103688.671875,-0.630615234375,0.216552734375,-0.476318359375,-0.12195122241973877,2.408536672592163,0.15243902802467346,20.0,11382.0,890836.151818708
131880.296875,131903.8125,132204.40625,132344.5,132136.546875,132291.578125,132358.984375,103598.3671875,-0.630859375,0.2158203125,-0.47509765625,-0.09146341681480408,2.4695122241973877,0.060975611209869385,20.0,11383.0,890836.151901541
131818.78125,131842.484375,132142.703125,132282.71875,132075.203125,132229.875,132294.703125,103512.5390625,-0.633056640625,0.213623046875,-0.478759765625,-0.09146341681480408,2.408536672592163,0.18292683362960815,20.0,11384.0,890836.153309625
131826.203125,131849.8125,132150.3125,132290.859375,132082.984375,132237.5625,132308.734375,103568.4140625,-0.63134765625,0.213134765625,-0.4794921875,-0.12195122241973877,2.378048896789551,0.18292683362960815,20.0,11385.0,890836.155702125
131864.46875,131887.71875,132189.203125,132329.65625,132121.34375,132276.015625,132355.046875,103680.625,-0.630126953125,0.215087890625,-0.477294921875,-0.12195122241973877,2.317073106765747,0.12195122241973877,20.0,11386.0,890836.155762583
131864.390625,131887.453125,132188.484375,132329.125,132121.078125,132275.75,132346.5625,103600.25,-0.628662109375,0.215576171875,-0.477294921875,-0.060975611209869385,2.5,0.15243902802467346,20.0,11387.0,890836.1570605
131812.078125,131835.15625,132135.828125,132275.921875,132068.953125,132223.359375,132288.890625,103496.890625,-0.6318359375,0.216552734375,-0.47900390625,-0.09146341681480408,2.4390244483947754,0.18292683362960815,20.0,11388.0,890836.1921985
131815.03125,131838.1875,132138.953125,132279.046875,132071.8125,132226.03125,132293.1875,103519.3359375,-0.6318359375,0.21484375,-0.47998046875,-0.060975611209869385,2.5,0.09146341681480408,20.0,11389.0,890836.192290291
131857.328125,131880.5625,132181.953125,132322.0625,132113.734375,132268.328125,132345.390625,103652.4609375,-0.63134765625,0.21337890625,-0.481689453125,-0.09146341681480408,2.5304877758026123,0.21341463923454285,20.0,11390.0,890836.192347458
131863.140625,131886.109375,132187.140625,132327.25,132119.46875,132274.21875,132345.3125,103601.9453125,-0.631103515625,0.213134765625,-0.478271484375,-0.09146341681480408,2.5,0.21341463923454285,20.0,11391.0,890836.192403375
131807.171875,131830.234375,132131.265625,132271.28125,132063.765625,132218.4375,132284.78125,103507.7109375,-0.62890625,0.213623046875,-0.478759765625,-0.060975611209869385,2.5304877758026123,0.15243902802467346,20.0,11392.0,890836.192471458
131789.546875,131812.625,132113.734375,132253.578125,132045.96875,132200.5625,132266.265625,103483.484375,-0.629150390625,0.213623046875,-0.47705078125,0.0,2.4695122241973877,0.18292683362960815,20.0,11393.0,890836.193741708
131833.359375,131856.609375,132158.09375,132298.09375,132089.59375,132244.453125,132321.25,103625.640625,-0.6298828125,0.212890625,-0.47705078125,-0.09146341681480408,2.4390244483947754,0.21341463923454285,20.0,11394.0,890836.195912791
131850.34375,131873.421875,132175.078125,132314.90625,132106.765625,132261.4375,132334.484375,103605.34375,-0.62939453125,0.212646484375,-0.4794921875,-0.09146341681480408,2.5,0.12195122241973877,20.0,11395.0,890836.195973166
131807.34375,131830.5,132131.53125,132271.71875,132063.859375,132218.703125,132286.03125,103504.1328125,-0.630126953125,0.215087890625,-0.4794921875,-0.12195122241973877,2.408536672592163,0.24390244483947754,20.0,11396.0,890836.196035
131773.1875,131796.34375,132097.015625,132237.21875,132029.703125,132184.546875,132248.5625,103452.0078125,-0.630615234375,0.21337890625,-0.4794921875,-0.09146341681480408,2.4390244483947754,0.15243902802467346,20.0,11397.0,890836.25688925
131814.140625,131837.46875,132138.78125,132278.78125,132070.375,132225.40625,132300.0625,103588.0859375,-0.632568359375,0.215576171875,-0.476318359375,-0.09146341681480408,2.408536672592163,0.12195122241973877,20.0,11398.0,890836.257009583
131837.109375,131860.546875,132161.75,132302.125,132093.4375,132248.296875,132322.859375,103607.7578125,-0.6298828125,0.216796875,-0.477783203125,-0.12195122241973877,2.3475608825683594,0.060975611209869385,20.0,11399.0,890836.260636875
131801.796875,131824.59375,132125.546875,132265.828125,132058.21875,132212.71875,132279.5,103511.46875,-0.63134765625,0.216796875,-0.476806640625,-0.09146341681480408,2.4390244483947754,0.12195122241973877,20.0,11400.0,890836.26074325
131754.40625,131777.484375,132077.796875,132218.53125,132010.921875,132165.59375,132228.546875,103432.875,-0.631103515625,0.214599609375,-0.4794921875,-0.09146341681480408,2.378048896789551,0.060975611209869385,20.0,11401.0,890836.26084925
131788.75,131811.984375,132113.03125,132253.65625,132045.34375,132200.109375,132272.96875,103549.015625,-0.629638671875,0.216064453125,-0.478271484375,-0.060975611209869385,2.4390244483947754,0.09146341681480408,20.0,11402.0,890836.263162041
131818.96875,131842.296875,132143.515625,132283.53125,132075.5625,132229.96875,132306.328125,103607.1328125,-0.630615234375,0.216064453125,-0.47705078125,-0.09146341681480408,2.5304877758026123,0.030487805604934692,20.0,11403.0,890836.26327925
131795.8125,131818.875,132119.90625,132259.921875,132052.765625,132206.90625,132274.40625,103513.25,-0.631103515625,0.2158203125,-0.476318359375,-0.09146341681480408,2.591463327407837,0.060975611209869385,20.0,11404.0,890836.263388791
131737.875,131761.203125,132061.4375,132201.984375,131994.65625,132148.96875,132213.78125,103427.78125,-0.6298828125,0.212890625,-0.47802734375,-0.030487805604934692,2.4390244483947754,0.12195122241973877,20.0,11405.0,890836.263495708
131758.078125,131781.59375,132082.0,132222.546875,132014.671875,132169.265625,132241.140625,103508.25,-0.629638671875,0.21484375,-0.477783203125,-0.09146341681480408,2.4390244483947754,0.09146341681480408,20.0,11406.0,890836.264708208
131792.859375,131815.921875,132116.953125,132257.5,132049.375,132203.6875,132281.734375,103598.28125,-0.6298828125,0.216552734375,-0.479248046875,-0.060975611209869385,2.4695122241973877,0.09146341681480408,20.0,11407.0,890836.268445208
131784.1875,131807.34375,132108.109375,132248.203125,132041.234375,132194.921875,132264.125,103506.1015625,-0.62939453125,0.214111328125,-0.4775390625,-0.060975611209869385,2.4390244483947754,0.15243902802467346,20.0,11408.0,890836.268560458
131729.828125,131753.515625,132053.484375,132193.765625,131987.046875,132140.921875,132206.8125,103415.0859375,-0.630615234375,0.21337890625,-0.478759765625,-0.060975611209869385,2.591463327407837,0.15243902802467346,20.0,11409.0,890836.270983541
131736.625,131760.21875,132060.640625,132200.640625,131993.3125,132147.453125,132217.09375,103463.71875,-0.63037109375,0.21435546875,-0.478515625,-0.09146341681480408,2.5,0.09146341681480408,20.0,11410.0,890836.300018333
131775.328125,131798.671875,132100.0625,132240.078125,132032.109375,132186.34375,132264.125,103582.09375,-0.63232421875,0.21337890625,-0.479736328125,-0.21341463923454285,2.4695122241973877,0.060975611209869385,20.0,11411.0,890836.300130708
131777.484375,131800.546875,132101.765625,132241.953125,132034.4375,132188.484375,132258.046875,103509.3203125,-0.629638671875,0.21435546875,-0.4775390625,-0.15243902802467346,2.5,0.12195122241973877,20.0,11412.0,890836.300240208
131724.375,131747.625,132048.03125,132188.578125,131980.96875,132135.109375,132200.828125,103411.0625,-0.62890625,0.215576171875,-0.477294921875,-0.09146341681480408,2.4390244483947754,0.060975611209869385,20.0,11413.0,890836.300346083
131718.734375,131741.8125,132042.75,132183.125,131975.515625,132129.46875,132196.625,103420.09375,-0.630126953125,0.2158203125,-0.476806640625,-0.12195122241973877,2.4695122241973877,0.030487805604934692,20.0,11414.0,890836.300464666
131760.046875,131782.84375,132084.765625,132225.140625,132016.90625,132170.78125,132248.390625,103556.703125,-0.632080078125,0.214599609375,-0.4794921875,-0.09146341681480408,2.4695122241973877,0.09146341681480408,20.0,11415.0,890836.300649125
131769.796875,131792.6875,132094.25,132234.4375,132026.21875,132180.53125,132252.234375,103515.3125,-0.632568359375,0.2177734375,-0.478759765625,-0.09146341681480408,2.4695122241973877,0.15243902802467346,20.0,11416.0,890836.300767583
131717.125,131739.9375,132040.609375,132180.96875,131973.1875,132127.78125,132193.765625,103418.9296875,-0.63232421875,0.21533203125,-0.4755859375,-0.09146341681480408,2.5,0.09146341681480408,20.0,11417.0,890836.300892291
131694.515625,131717.578125,132017.984375,132158.265625,131950.9375,132105.34375,132170.328125,103385.9375,-0.63134765625,0.21533203125,-0.47900390625,-0.09146341681480408,2.621951103210449,0.15243902802467346,20.0,11418.0,890836.300999208
131736.359375,131759.234375,132060.453125,132201.1875,131992.6875,132146.734375,132223.4375,103527.2890625,-0.63134765625,0.21435546875,-0.47900390625,-0.15243902802467346,2.4390244483947754,0.24390244483947754,20.0,11419.0,890836.3011055
131753.4375,131776.40625,132077.265625,132218.25,132009.765625,132163.890625,132237.84375,103516.828125,-0.63037109375,0.21435546875,-0.47607421875,-0.18292683362960815,2.5,0.15243902802467346,20.0,11420.0,890836.304335583
131714.71875,131737.25,132037.828125,132178.734375,131970.6875,132125.0,132192.421875,103417.40625,-0.63134765625,0.21630859375,-0.47900390625,-0.21341463923454285,2.5,0.24390244483947754,20.0,11421.0,890836.304446083
131676.0,131698.984375,131999.84375,132139.9375,131932.515625,132087.015625,132152.1875,103360.546875,-0.632080078125,0.215087890625,-0.479736328125,-0.15243902802467346,2.4390244483947754,0.24390244483947754,20.0,11422.0,890836.306521041
131713.109375,131736.078125,132037.65625,132177.578125,131969.703125,132124.203125,132198.765625,103490.0078125,-0.632080078125,0.21533203125,-0.47900390625,-0.060975611209869385,2.408536672592163,0.18292683362960815,20.0,11423.0,890836.306689958
131739.578125,131762.546875,132063.859375,132204.21875,131996.265625,132150.578125,132225.859375,103518.6171875,-0.63134765625,0.213623046875,-0.47900390625,-0.15243902802467346,2.4390244483947754,0.18292683362960815,20.0,11424.0,890836.308168458
131711.140625,131734.03125,132035.15625,132175.515625,131967.921875,132121.96875,132190.09375,103419.1953125,-0.63134765625,0.2138671875,-0.479248046875,-0.15243902802467346,2.408536672592163,0.09146341681480408,20.0,11425.0,890836.3115555
131660.359375,131683.328125,131984.1875,132124.734375,131916.953125,132071.0,132137.078125,103342.484375,-0.63037109375,0.21533203125,-0.478271484375,-0.18292683362960815,2.5,0.060975611209869385,20.0,11426.0,890836.343639583
131689.421875,131712.65625,132013.515625,132154.234375,131946.1875,132100.328125,132173.546875,103448.5234375,-0.63134765625,0.21484375,-0.47900390625,-0.18292683362960815,2.4695122241973877,0.030487805604934692,20.0,11427.0,890836.34376
131720.171875,131743.234375,132044.8125,132185.09375,131976.953125,132131.078125,132208.328125,103514.7734375,-0.63037109375,0.21435546875,-0.47802734375,-0.09146341681480408,2.5609755516052246,0.060975611209869385,20.0,11428.0,890836.345695125
131702.921875,131725.890625,132026.65625,132166.9375,131959.25,132113.46875,132182.21875,103419.5546875,-0.62939453125,0.214111328125,-0.478515625,-0.060975611209869385,2.5304877758026123,0.12195122241973877,20.0,11429.0,890836.345803208
131645.34375,131668.21875,131969.265625,132109.1875,131902.03125,132056.078125,132121.4375,103332.5625,-0.629638671875,0.214599609375,-0.479736328125,-0.030487805604934692,2.378048896789551,0.060975611209869385,20.0,11430.0,890836.34590975
131664.203125,131687.265625,131988.578125,132128.3125,131921.0625,132075.03125,132146.546875,103406.3203125,-0.6298828125,0.213623046875,-0.479248046875,0.0,2.4390244483947754,0.15243902802467346,20.0,11431.0,890836.348199958
131700.59375,131723.84375,132025.578125,132165.5,131957.71875,132111.59375,132190.359375,103507.3515625,-0.629638671875,0.21337890625,-0.482421875,-0.060975611209869385,2.4695122241973877,0.09146341681480408,20.0,11432.0,890836.348307583
131695.765625,131718.921875,132020.21875,132159.96875,131952.625,132106.5,132176.859375,103420.8984375,-0.62841796875,0.214599609375,-0.481689453125,0.0,2.5,0.060975611209869385,20.0,11433.0,890836.350147583
131642.203125,131665.09375,131965.765625,132105.78125,131898.890625,132052.765625,132117.765625,103322.546875,-0.62890625,0.216552734375,-0.478515625,-0.09146341681480408,2.4695122241973877,0.12195122241973877,20.0,11434.0,890836.350266291
131650.96875,131673.765625,131974.796875,132114.71875,131907.5625,132061.4375,132129.296875,103358.9375,-0.63037109375,0.216064453125,-0.47802734375,-0.15243902802467346,2.4695122241973877,0.21341463923454285,20.0,11435.0,890836.351489625
131691.921875,131715.34375,132016.640625,132156.828125,131948.609375,132102.75,132180.265625,103486.4296875,-0.6318359375,0.216552734375,-0.478759765625,-0.15243902802467346,2.621951103210449,0.18292683362960815,20.0,11436.0,890836.354041916
131695.234375,131718.46875,132019.328125,132159.515625,131952.0,132105.875,132176.5,103428.765625,-0.628662109375,0.216552734375,-0.48046875,-0.12195122241973877,2.591463327407837,0.12195122241973877,20.0,11437.0,890836.38528325
131634.875,131658.03125,131958.34375,132098.625,131891.75,132045.515625,132110.96875,103330.4140625,-0.62939453125,0.21435546875,-0.480224609375,-0.15243902802467346,2.4390244483947754,0.18292683362960815,20.0,11438.0,890836.385408708
131623.078125,131646.328125,131946.453125,132087.015625,131880.03125,132033.984375,132100.0625,103321.65625,-0.630859375,0.2158203125,-0.479736328125,-0.09146341681480408,2.408536672592163,0.09146341681480408,20.0,11439.0,890836.385508833
131665.90625,131688.96875,131990.0,132130.453125,131922.59375,132076.90625,132154.0625,103461.21875,-0.630615234375,0.216552734375,-0.478271484375,-0.09146341681480408,2.5,0.15243902802467346,20.0,11440.0,890836.385614166
131679.40625,131702.640625,132003.40625,132143.609375,131936.0,132090.671875,132163.09375,103429.03125,-0.628662109375,0.21875,-0.47998046875,-0.030487805604934692,2.5304877758026123,0.09146341681480408,20.0,11441.0,890836.389060958
131629.15625,131652.578125,131952.984375,132093.171875,131886.109375,132040.34375,132107.921875,103329.1640625,-0.62890625,0.21728515625,-0.476318359375,-0.060975611209869385,2.4390244483947754,0.15243902802467346,20.0,11442.0,890836.389178166
131600.28125,131623.4375,131923.921875,132064.125,131857.328125,132011.453125,132076.71875,103291.5234375,-0.629638671875,0.214111328125,-0.478515625,-0.12195122241973877,2.378048896789551,0.09146341681480408,20.0,11443.0,890836.390621333
131640.515625,131663.9375,131965.140625,132105.34375,131897.546875,132051.953125,132128.140625,103430.28125,-0.62841796875,0.2138671875,-0.480712890625,-0.15243902802467346,2.408536672592163,0.12195122241973877,20.0,11444.0,890836.390728708
131661.15625,131684.3125,131985.53125,132125.453125,131918.125,132072.25,132146.828125,103429.9296875,-0.629150390625,0.214111328125,-0.477783203125,-0.09146341681480408,2.378048896789551,0.18292683362960815,20.0,11445.0,890836.392562916
131625.671875,131648.5625,131949.40625,132089.421875,131882.71875,132036.765625,132104.703125,103328.4453125,-0.631591796875,0.21533203125,-0.479736328125,-0.030487805604934692,2.3475608825683594,0.09146341681480408,20.0,11446.0,890836.395153666
131582.03125,131605.109375,131905.515625,132045.96875,131838.546875,131992.953125,132058.9375,103270.3359375,-0.630615234375,0.21533203125,-0.47998046875,-0.030487805604934692,2.4390244483947754,0.09146341681480408,20.0,11447.0,890836.395266166
131617.703125,131640.78125,131941.71875,132082.359375,131874.046875,132028.890625,132103.546875,103391.9296875,-0.630859375,0.2158203125,-0.477783203125,-0.09146341681480408,2.5,0.21341463923454285,20.0,11448.0,890836.427103541
131645.25,131668.3125,131969.4375,132109.984375,131901.9375,132056.4375,132132.25,103430.734375,-0.630126953125,0.214599609375,-0.4765625,-0.18292683362960815,2.5304877758026123,0.18292683362960815,20.0,11449.0,890836.427212583
131619.40625,131642.296875,131942.890625,132083.703125,131876.09375,132030.40625,132097.375,103331.3125,-0.629638671875,0.215087890625,-0.4775390625,-0.15243902802467346,2.5,0.21341463923454285,20.0,11450.0,890836.427317875
131567.546875,131590.4375,131890.671875,132031.578125,131824.15625,131978.203125,132042.578125,103251.734375,-0.630859375,0.213623046875,-0.47900390625,-0.18292683362960815,2.408536672592163,0.12195122241973877,20.0,11451.0,890836.430861083
131594.375,131617.265625,131918.296875,132059.109375,131851.421875,132005.5625,132077.890625,103349.640625,-0.629638671875,0.21533203125,-0.47802734375,-0.060975611209869385,2.4390244483947754,0.15243902802467346,20.0,11452.0,890836.431019708
131625.3125,131648.203125,131949.859375,132090.40625,131882.359375,132036.5,132113.5625,103424.921875,-0.631103515625,0.216552734375,-0.479248046875,-0.060975611209869385,2.4390244483947754,0.12195122241973877,20.0,11453.0,890836.432580791
131612.703125,131635.40625,131936.453125,132076.640625,131869.5625,132023.4375,132091.84375,103329.078125,-0.631591796875,0.21533203125,-0.478515625,-0.15243902802467346,2.4390244483947754,0.09146341681480408,20.0,11454.0,890836.433893833
131557.359375,131580.25,131881.375,132021.390625,131814.3125,131968.453125,132033.0,103238.6875,-0.6328125,0.214599609375,-0.478759765625,-0.18292683362960815,2.4390244483947754,0.15243902802467346,20.0,11455.0,890836.435824833
131574.078125,131597.328125,131898.1875,132038.546875,131830.859375,131985.078125,132054.546875,103302.4296875,-0.63037109375,0.21484375,-0.48046875,-0.09146341681480408,2.591463327407837,0.15243902802467346,20.0,11456.0,890836.437618541
131609.75,131632.828125,131933.9375,132074.40625,131866.265625,132020.84375,132097.828125,103409.71875,-0.63037109375,0.215087890625,-0.482177734375,-0.060975611209869385,2.378048896789551,0.21341463923454285,20.0,11457.0,890836.437768166
131606.71875,131629.515625,131930.28125,132070.734375,131863.046875,132017.53125,132087.015625,103333.6328125,-0.631591796875,0.2138671875,-0.479248046875,-0.09146341681480408,2.4390244483947754,0.27439025044441223,20.0,11458.0,890836.467802208
131546.625,131569.609375,131870.109375,132010.828125,131803.046875,131957.453125,132022.8125,103241.6328125,-0.632080078125,0.21435546875,-0.480224609375,-0.09146341681480408,2.5304877758026123,0.18292683362960815,20.0,11459.0,890836.4679165
131547.265625,131570.140625,131870.734375,132011.375,131803.234375,131957.8125,132024.953125,103260.5,-0.63232421875,0.21337890625,-0.481689453125,-0.12195122241973877,2.4390244483947754,0.12195122241973877,20.0,11460.0,890836.468021416
131590.0,131612.609375,131914.0,132054.28125,131846.140625,132000.28125,132078.15625,103394.609375,-0.63134765625,0.213623046875,-0.47900390625,-0.09146341681480408,2.378048896789551,0.12195122241973877,20.0,11461.0,890836.468126666
131596.703125,131619.234375,131920.078125,132060.8125,131852.9375,132006.8125,132077.890625,103335.6015625,-0.6298828125,0.2138671875,-0.4794921875,-0.12195122241973877,2.4390244483947754,0.15243902802467346,20.0,11462.0,890836.468231833
131545.203125,131568.09375,131868.234375,132009.140625,131801.4375,131955.671875,132020.484375,103232.0703125,-0.630859375,0.21435546875,-0.480224609375,-0.15243902802467346,2.3475608825683594,0.12195122241973877,20.0,11463.0,890836.4701075
131533.9375,131556.90625,131856.96875,131997.875,131790.171875,131944.40625,132008.859375,103218.921875,-0.629638671875,0.21484375,-0.48193359375,-0.12195122241973877,2.4695122241973877,0.12195122241973877,20.0,11464.0,890836.471501166
131578.28125,131601.34375,131901.9375,132042.65625,131834.515625,131988.921875,132064.828125,103361.9765625,-0.630126953125,0.21435546875,-0.4814453125,-0.09146341681480408,2.4390244483947754,0.21341463923454285,20.0,11465.0,890836.473362666
131592.859375,131616.09375,131916.953125,132057.140625,131849.453125,132003.6875,132075.828125,103338.640625,-0.62939453125,0.2138671875,-0.481689453125,-0.030487805604934692,2.408536672592163,0.18292683362960815,20.0,11466.0,890836.476462958
131542.609375,131565.671875,131866.0,132006.453125,131798.765625,131952.890625,132018.875,103241.7265625,-0.629638671875,0.21435546875,-0.482177734375,-0.030487805604934692,2.5,0.15243902802467346,20.0,11467.0,890836.476616041
131513.109375,131536.171875,131836.046875,131976.59375,131768.984375,131923.21875,131986.421875,103188.703125,-0.63037109375,0.214599609375,-0.47802734375,-0.09146341681480408,2.4695122241973877,0.12195122241973877,20.0,11468.0,890836.514445458
131555.9375,131579.0,131879.671875,132020.046875,131812.171875,131966.21875,132041.046875,103329.1640625,-0.630615234375,0.2158203125,-0.479736328125,-0.09146341681480408,2.4695122241973877,0.09146341681480408,20.0,11469.0,890836.514597625
131578.375,131601.34375,131902.296875,132042.65625,131834.96875,131989.015625,132062.515625,103342.125,-0.630126953125,0.214599609375,-0.479736328125,-0.030487805604934692,2.317073106765747,0.18292683362960815,20.0,11470.0,890836.514698166
131539.296875,131562.375,131862.6875,132003.40625,131795.90625,131950.21875,132015.75,103244.3203125,-0.631103515625,0.215087890625,-0.478271484375,-0.030487805604934692,2.4390244483947754,0.24390244483947754,20.0,11471.0,890836.51552
131493.796875,131516.765625,131816.640625,131957.28125,131750.21875,131904.4375,131966.75,103165.8203125,-0.6337890625,0.21533203125,-0.477294921875,-0.030487805604934692,2.5304877758026123,0.18292683362960815,20.0,11472.0,890836.515647666
131529.109375,131552.265625,131852.671875,131993.125,131785.703125,131939.75,132012.53125,103286.7890625,-0.63330078125,0.2158203125,-0.47705078125,-0.09146341681480408,2.5304877758026123,0.21341463923454285,20.0,11473.0,890836.519953
131558.4375,131581.5,131882.171875,132022.71875,131814.859375,131968.90625,132044.359375,103337.390625,-0.631591796875,0.21533203125,-0.477294921875,-0.09146341681480408,2.5,0.27439025044441223,20.0,11474.0,890836.557405583
131533.671875,131556.46875,131856.96875,131997.515625,131790.0,131944.40625,132011.09375,103245.296875,-0.63037109375,0.214599609375,-0.47607421875,-0.18292683362960815,2.5,0.15243902802467346,20.0,11475.0,890836.5584545
131475.109375,131498.265625,131798.21875,131938.765625,131731.25,131885.75,131949.5,103160.1875,-0.629638671875,0.214599609375,-0.478271484375,-0.18292683362960815,2.4390244483947754,0.12195122241973877,20.0,11476.0,890836.558569375
131497.453125,131520.609375,131821.109375,131961.65625,131753.875,131908.109375,131980.25,103249.234375,-0.63037109375,0.21435546875,-0.478759765625,-0.18292683362960815,2.5,0.12195122241973877,20.0,11477.0,890836.560070166
131532.6875,131555.578125,131856.703125,131997.421875,131788.921875,131943.328125,132021.109375,103333.6328125,-0.632080078125,0.216552734375,-0.4775390625,-0.18292683362960815,2.5,0.21341463923454285,20.0,11478.0,890836.562684333
131523.390625,131546.359375,131847.046875,131987.5,131779.890625,131934.03125,132002.96875,103240.3828125,-0.630859375,0.216552734375,-0.47607421875,-0.12195122241973877,2.5,0.09146341681480408,20.0,11479.0,890836.564335916
131467.953125,131491.203125,131791.34375,131931.625,131724.1875,131878.515625,131943.953125,103150.7109375,-0.630615234375,0.21728515625,-0.478271484375,-0.12195122241973877,2.5,0.24390244483947754,20.0,11480.0,890836.564451041
131478.953125,131502.203125,131802.34375,131942.34375,131735.109375,131888.875,131958.984375,103202.7421875,-0.631103515625,0.21630859375,-0.480224609375,0.0,2.5,0.21341463923454285,20.0,11481.0,890836.566310875
131516.953125,131540.375,131841.140625,131981.234375,131773.28125,131927.234375,132005.640625,103317.8984375,-0.63134765625,0.215576171875,-0.48193359375,-0.12195122241973877,2.5304877758026123,0.18292683362960815,20.0,11482.0,890836.568802875
131518.921875,131542.609375,131842.921875,131983.03125,131775.78125,131929.46875,131999.484375,103244.140625,-0.632080078125,0.215576171875,-0.480712890625,-0.15243902802467346,2.591463327407837,0.21341463923454285,20.0,11483.0,890836.571328958
131460.71875,131483.953125,131784.09375,131924.46875,131717.125,131870.90625,131936.890625,103150.8828125,-0.631591796875,0.21484375,-0.48095703125,-0.18292683362960815,2.5,0.21341463923454285,20.0,11484.0,890836.571439208
131456.953125,131480.296875,131780.34375,131920.796875,131713.28125,131867.25,131934.84375,103163.40625,-0.631103515625,0.21484375,-0.478515625,-0.12195122241973877,2.4390244483947754,0.060975611209869385,20.0,11485.0,890836.602394416
131497.453125,131520.890625,131821.640625,131961.921875,131753.875,131908.28125,131986.25,103298.140625,-0.630126953125,0.21533203125,-0.478515625,-0.060975611209869385,2.378048896789551,0.030487805604934692,20.0,11486.0,890836.602512625
131505.5,131529.015625,131829.34375,131969.796875,131762.015625,131916.328125,131988.296875,103248.34375,-0.6318359375,0.213623046875,-0.47900390625,-0.060975611209869385,2.5,0.09146341681480408,20.0,11487.0,890836.602619625
131455.53125,131478.859375,131778.828125,131919.453125,131711.671875,131865.90625,131933.765625,103153.390625,-0.6337890625,0.21630859375,-0.476318359375,-0.12195122241973877,2.408536672592163,0.12195122241973877,20.0,11488.0,890836.602727541
131432.109375,131455.53125,131755.390625,131896.125,131688.4375,131842.75,131908.90625,103130.234375,-0.63330078125,0.216552734375,-0.477783203125,-0.12195122241973877,2.378048896789551,0.12195122241973877,20.0,11489.0,890836.602833125
131475.46875,131498.890625,131799.390625,131939.9375,131731.703125,131885.84375,131962.828125,103269.890625,-0.630859375,0.21484375,-0.478759765625,-0.09146341681480408,2.4695122241973877,0.15243902802467346,20.0,11490.0,890836.60293825
131494.0625,131517.578125,131818.078125,131958.265625,131750.390625,131904.890625,131977.9375,103251.46875,-0.62890625,0.21484375,-0.47705078125,-0.12195122241973877,2.5304877758026123,0.12195122241973877,20.0,11491.0,890836.603042375
131456.234375,131479.484375,131779.8125,131920.359375,131712.390625,131866.984375,131934.296875,103148.203125,-0.62939453125,0.2138671875,-0.478759765625,-0.21341463923454285,2.4390244483947754,0.12195122241973877,20.0,11492.0,890836.603147875
131421.640625,131444.890625,131745.109375,131885.65625,131677.609375,131832.109375,131897.28125,103102.7890625,-0.630126953125,0.21435546875,-0.47900390625,-0.12195122241973877,2.4390244483947754,0.18292683362960815,20.0,11493.0,890836.60326125
131459.28125,131482.96875,131783.46875,131923.921875,131715.609375,131869.921875,131944.9375,103233.6796875,-0.628662109375,0.21240234375,-0.48046875,-0.060975611209869385,2.4695122241973877,0.09146341681480408,20.0,11494.0,890836.603365541
131483.25,131506.3125,131807.078125,131947.625,131739.484375,131893.4375,131968.359375,103253.703125,-0.62890625,0.214599609375,-0.4814453125,-0.060975611209869385,2.4695122241973877,0.15243902802467346,20.0,11495.0,890836.603493333
131452.578125,131476.0,131776.234375,131916.59375,131709.171875,131863.046875,131931.0,103154.5546875,-0.6298828125,0.216552734375,-0.48046875,-0.12195122241973877,2.4390244483947754,0.18292683362960815,20.0,11496.0,890836.603611041
131401.703125,131425.3125,131724.90625,131865.71875,131658.390625,131812.078125,131877.609375,103082.1328125,-0.62744140625,0.2158203125,-0.47900390625,-0.09146341681480408,2.4695122241973877,0.18292683362960815,20.0,11497.0,890836.603722583
131433.265625,131457.046875,131757.546875,131897.90625,131690.046875,131843.90625,131917.3125,103191.1171875,-0.630615234375,0.21533203125,-0.478515625,-0.030487805604934692,2.621951103210449,0.21341463923454285,20.0,11498.0,890836.603820583
131464.375,131487.796875,131788.921875,131928.9375,131720.890625,131875.203125,131951.640625,103250.9296875,-0.6318359375,0.2138671875,-0.4794921875,-0.09146341681480408,2.4695122241973877,0.15243902802467346,20.0,11499.0,890836.605931875
131443.09375,131466.796875,131767.203125,131907.203125,131699.609375,131854.015625,131921.6875,103156.4296875,-0.629150390625,0.215087890625,-0.4755859375,-0.060975611209869385,2.4695122241973877,0.09146341681480408,20.0,11500.0,890836.606039958
131385.703125,131409.84375,131709.625,131849.71875,131642.296875,131796.796875,131859.921875,103065.859375,-0.631103515625,0.21533203125,-0.4794921875,-0.09146341681480408,2.4390244483947754,0.15243902802467346,20.0,11501.0,890836.640586083
131409.296875,131433.078125,131733.40625,131873.6875,131665.984375,131820.484375,131890.765625,103144.8984375,-0.631103515625,0.21533203125,-0.478515625,-0.030487805604934692,2.4390244483947754,0.09146341681480408,20.0,11502.0,890836.640696333
131445.953125,131469.296875,131770.328125,131910.34375,131702.203125,131856.421875,131933.671875,103241.0078125,-0.629638671875,0.214599609375,-0.47998046875,-0.12195122241973877,2.5,0.15243902802467346,20.0,11503.0,890836.640861875
131435.859375,131459.015625,131759.875,131899.875,131692.09375,131846.59375,131915.890625,103159.46875,-0.629638671875,0.2158203125,-0.4814453125,-0.15243902802467346,2.4695122241973877,0.12195122241973877,20.0,11504.0,890836.642648375
131375.15625,131398.125,131698.71875,131838.546875,131631.484375,131785.703125,131851.328125,103060.8515625,-0.630126953125,0.216796875,-0.47705078125,-0.12195122241973877,2.4695122241973877,0.09146341681480408,20.0,11505.0,890836.644416708
131382.03125,131405.1875,131705.59375,131845.609375,131638.28125,131792.765625,131861.609375,103104.0390625,-0.630126953125,0.2158203125,-0.4755859375,-0.09146341681480408,2.5304877758026123,0.030487805604934692,20.0,11506.0,890836.646215416
131424.40625,131447.296875,131748.15625,131888.171875,131680.75,131834.875,131912.75,103226.8828125,-0.6318359375,0.213623046875,-0.476318359375,-0.060975611209869385,2.4695122241973877,0.09146341681480408,20.0,11507.0,890836.646336375
131427.1875,131450.703125,131750.75,131890.84375,131683.609375,131837.5625,131907.921875,103159.6484375,-0.63037109375,0.21435546875,-0.47802734375,-0.18292683362960815,2.5,0.12195122241973877,20.0,11508.0,890836.646418666
131373.0,131396.703125,131696.296875,131836.484375,131629.328125,131783.5625,131849.453125,103060.671875,-0.629638671875,0.212890625,-0.4775390625,-0.09146341681480408,2.4695122241973877,0.060975611209869385,20.0,11509.0,890836.646494958
131367.546875,131390.796875,131690.578125,131831.125,131623.515625,131777.921875,131844.265625,103063.0,-0.629150390625,0.214111328125,-0.47705078125,-0.060975611209869385,2.408536672592163,0.15243902802467346,20.0,11510.0,890836.64830125
131409.484375,131432.640625,131733.5,131873.6875,131665.453125,131820.03125,131897.28125,103201.7578125,-0.629638671875,0.21533203125,-0.478759765625,-0.09146341681480408,2.5,0.18292683362960815,20.0,11511.0,890836.677489333
131421.1875,131444.703125,131745.03125,131885.484375,131677.4375,131832.015625,131903.546875,103162.8671875,-0.6318359375,0.21630859375,-0.47802734375,-0.12195122241973877,2.5,0.24390244483947754,20.0,11512.0,890836.677616416
131372.5625,131395.796875,131696.125,131836.3125,131629.0625,131783.109375,131849.71875,103061.65625,-0.630126953125,0.21533203125,-0.47900390625,-0.15243902802467346,2.408536672592163,0.15243902802467346,20.0,11513.0,890836.684302291
131349.125,131372.015625,131672.421875,131812.53125,131605.546875,131759.515625,131824.859375,103032.3359375,-0.631103515625,0.2158203125,-0.4775390625,-0.12195122241973877,2.4390244483947754,0.060975611209869385,20.0,11514.0,890836.684433458
131387.3125,131410.375,131711.5,131851.515625,131643.640625,131797.953125,131874.125,103172.34375,-0.631103515625,0.214111328125,-0.476318359375,-0.09146341681480408,2.378048896789551,0.18292683362960815,20.0,11515.0,890836.684535416
131405.8125,131429.15625,131729.921875,131870.015625,131662.765625,131816.640625,131890.671875,103166.171875,-0.63037109375,0.216064453125,-0.47509765625,-0.09146341681480408,2.4390244483947754,0.12195122241973877,20.0,11516.0,890836.684650333
131366.65625,131389.640625,131689.859375,131830.234375,131622.984375,131777.03125,131844.265625,103067.0234375,-0.62939453125,0.2158203125,-0.47900390625,-0.060975611209869385,2.5304877758026123,0.15243902802467346,20.0,11517.0,890836.684757416
131324.1875,131347.609375,131647.390625,131787.765625,131580.609375,131734.46875,131798.484375,103006.4921875,-0.629638671875,0.21630859375,-0.47998046875,-0.15243902802467346,2.408536672592163,0.12195122241973877,20.0,11518.0,890836.684863833
131360.84375,131384.09375,131684.59375,131824.859375,131617.53125,131771.21875,131846.140625,103133.2734375,-0.63134765625,0.217041015625,-0.48095703125,-0.060975611209869385,2.3475608825683594,0.18292683362960815,20.0,11519.0,890836.684968041
131387.84375,131411.1875,131712.296875,131852.21875,131644.71875,131798.9375,131874.3125,103166.53125,-0.6298828125,0.216796875,-0.4794921875,-0.060975611209869385,2.4390244483947754,0.18292683362960815,20.0,11520.0,890836.686610625
131361.109375,131384.453125,131685.125,131824.859375,131617.53125,131771.9375,131838.90625,103065.5,-0.62890625,0.21435546875,-0.479248046875,-0.030487805604934692,2.5,0.18292683362960815,20.0,11521.0,890836.715895958
131307.921875,131331.15625,131631.75,131771.484375,131564.515625,131718.734375,131782.84375,102989.7734375,-0.62841796875,0.215576171875,-0.478759765625,-0.12195122241973877,2.5609755516052246,0.15243902802467346,20.0,11522.0,890836.716026416
131336.34375,131359.5,131660.171875,131800.1875,131592.859375,131747.078125,131819.953125,103091.703125,-0.63037109375,0.217041015625,-0.4775390625,-0.12195122241973877,2.4390244483947754,0.18292683362960815,20.0,11523.0,890836.719393958
131369.34375,131392.3125,131693.265625,131833.8125,131625.9375,131780.15625,131857.046875,103161.2578125,-0.630615234375,0.217041015625,-0.475830078125,-0.12195122241973877,2.4695122241973877,0.09146341681480408,20.0,11524.0,890836.7194875
131352.703125,131375.78125,131676.1875,131816.375,131609.125,131763.4375,131831.484375,103068.8984375,-0.630126953125,0.21533203125,-0.47607421875,-0.15243902802467346,2.5,0.12195122241973877,20.0,11525.0,890836.721813583
131290.21875,131313.453125,131613.78125,131754.0625,131546.625,131701.125,131766.21875,102984.9453125,-0.6298828125,0.213623046875,-0.477294921875,-0.15243902802467346,2.378048896789551,0.060975611209869385,20.0,11526.0,890836.721899083
131304.515625,131327.9375,131628.625,131768.71875,131560.9375,131715.34375,131787.140625,103051.9140625,-0.629638671875,0.217041015625,-0.47998046875,-0.15243902802467346,2.4390244483947754,0.18292683362960815,20.0,11527.0,890836.722896041
131341.890625,131365.5,131666.34375,131806.453125,131598.21875,131752.71875,131831.390625,103154.015625,-0.6318359375,0.215576171875,-0.480712890625,-0.030487805604934692,2.4390244483947754,0.21341463923454285,20.0,11528.0,890836.724462875
131340.734375,131364.234375,131664.375,131804.65625,131596.875,131751.46875,131820.9375,103064.96875,-0.632080078125,0.21630859375,-0.48046875,-0.09146341681480408,2.5,0.15243902802467346,20.0,11529.0,890836.725423458
131287.796875,131310.953125,131611.1875,131751.546875,131543.765625,131698.171875,131763.4375,102970.5546875,-0.63134765625,0.21630859375,-0.479248046875,-0.09146341681480408,2.5,0.12195122241973877,20.0,11530.0,890836.726984541
131292.984375,131316.140625,131616.453125,131756.921875,131549.046875,131703.546875,131771.140625,103004.796875,-0.630126953125,0.215087890625,-0.479248046875,-0.09146341681480408,2.4695122241973877,0.12195122241973877,20.0,11531.0,890836.760542583
131333.484375,131356.640625,131657.234375,131797.515625,131589.546875,131744.125,131821.46875,103133.09375,-0.63037109375,0.21533203125,-0.4794921875,-0.12195122241973877,2.3475608825683594,0.24390244483947754,20.0,11532.0,890836.760679333
131337.78125,131360.671875,131660.984375,131801.625,131593.921875,131748.25,131819.0625,103074.3515625,-0.629638671875,0.21533203125,-0.484130859375,-0.18292683362960815,2.408536672592163,0.18292683362960815,20.0,11533.0,890836.760776833
131281.0,131304.078125,131604.03125,131744.671875,131537.515625,131691.921875,131757.359375,102976.546875,-0.630859375,0.21533203125,-0.4794921875,-0.09146341681480408,2.4695122241973877,0.12195122241973877,20.0,11534.0,890836.760890666
131269.375,131292.625,131592.765625,131733.21875,131526.0625,131680.03125,131745.46875,102964.7421875,-0.63037109375,0.2158203125,-0.478271484375,-0.21341463923454285,2.4695122241973877,0.060975611209869385,20.0,11535.0,890836.760997875
131312.5625,131336.078125,131636.671875,131777.03125,131569.078125,131722.859375,131800.28125,103105.828125,-0.631103515625,0.21484375,-0.476318359375,-0.09146341681480408,2.408536672592163,0.15243902802467346,20.0,11536.0,890836.763068916
131325.53125,131348.6875,131649.265625,131789.734375,131581.5,131736.171875,131808.0625,103077.125,-0.629638671875,0.2138671875,-0.479736328125,-0.09146341681480408,2.591463327407837,0.24390244483947754,20.0,11537.0,890836.763178375
131275.28125,131298.4375,131598.578125,131738.953125,131531.34375,131685.65625,131750.84375,102977.4375,-0.62890625,0.214111328125,-0.47900390625,-0.15243902802467346,2.4695122241973877,0.24390244483947754,20.0,11538.0,890836.764258041
131247.125,131270.71875,131570.859375,131711.140625,131503.625,131657.859375,131722.40625,102932.375,-0.63037109375,0.216796875,-0.478271484375,-0.21341463923454285,2.5609755516052246,0.18292683362960815,20.0,11539.0,890836.765620125
131288.515625,131312.03125,131612.34375,131752.890625,131544.578125,131698.984375,131774.796875,103072.296875,-0.6328125,0.218505859375,-0.479248046875,-0.12195122241973877,2.5,0.09146341681480408,20.0,11540.0,890836.766764083
131309.796875,131333.390625,131633.71875,131774.0,131565.9375,131720.34375,131794.640625,103078.1953125,-0.630859375,0.21826171875,-0.478759765625,-0.09146341681480408,2.591463327407837,0.060975611209869385,20.0,11541.0,890836.801362666
131272.421875,131295.84375,131595.890625,131736.171875,131528.65625,131682.984375,131749.765625,102981.015625,-0.631591796875,0.21533203125,-0.4775390625,-0.09146341681480408,2.4695122241973877,0.09146341681480408,20.0,11542.0,890836.801504291
131230.75,131253.46875,131553.515625,131694.328125,131486.734375,131640.953125,131705.0625,102910.5625,-0.631591796875,0.21337890625,-0.4794921875,-0.09146341681480408,2.5,0.12195122241973877,20.0,11543.0,890836.801608666
131264.734375,131287.703125,131588.5625,131729.015625,131520.53125,131675.109375,131749.5,103033.8515625,-0.630126953125,0.214111328125,-0.479736328125,-0.15243902802467346,2.591463327407837,0.09146341681480408,20.0,11544.0,890836.805582291
131291.828125,131314.625,131615.65625,131756.203125,131547.703125,131702.109375,131778.375,103076.140625,-0.631103515625,0.21533203125,-0.4755859375,-0.12195122241973877,2.5304877758026123,0.060975611209869385,20.0,11545.0,890836.805688291
131271.171875,131294.0625,131594.28125,131734.921875,131527.5,131681.546875,131749.140625,102976.9921875,-0.633544921875,0.21630859375,-0.47802734375,-0.09146341681480408,2.4390244483947754,0.09146341681480408,20.0,11546.0,890836.808003708
131218.328125,131241.390625,131541.53125,131681.71875,131474.65625,131628.4375,131693.171875,102892.9453125,-0.632568359375,0.217041015625,-0.480224609375,-0.18292683362960815,2.591463327407837,0.09146341681480408,20.0,11547.0,890836.80812375
131246.671875,131269.828125,131570.0625,131710.25,131502.828125,131657.40625,131728.75,102989.328125,-0.631103515625,0.2158203125,-0.4794921875,-0.12195122241973877,2.5609755516052246,0.030487805604934692,20.0,11548.0,890836.809252916
131280.109375,131303.171875,131603.859375,131743.859375,131536.265625,131690.484375,131767.5625,103069.6171875,-0.63134765625,0.21630859375,-0.47998046875,-0.15243902802467346,2.4390244483947754,0.060975611209869385,20.0,11549.0,890836.810478791
131267.859375,131291.28125,131591.25,131731.609375,131524.28125,131678.234375,131747.0,102978.421875,-0.63134765625,0.216552734375,-0.480224609375,-0.09146341681480408,2.5,0.09146341681480408,20.0,11550.0,890836.811773333
131212.25,131235.3125,131534.734375,131675.28125,131468.578125,131622.53125,131685.65625,102884.71875,-0.63134765625,0.21533203125,-0.47900390625,-0.12195122241973877,2.5,0.18292683362960815,20.0,11551.0,890836.812937708
131229.859375,131252.65625,131552.53125,131692.71875,131485.828125,131640.0625,131708.375,102944.265625,-0.630615234375,0.215576171875,-0.4794921875,-0.09146341681480408,2.4695122241973877,0.12195122241973877,20.0,11552.0,890836.814315041
131266.34375,131289.5,131590.171875,131730.28125,131522.84375,131676.984375,131753.96875,103056.5625,-0.6298828125,0.216552734375,-0.479736328125,-0.09146341681480408,2.4695122241973877,0.15243902802467346,20.0,11553.0,890836.856324291
131260.625,131284.21875,131584.1875,131724.28125,131517.03125,131671.359375,131740.28125,102985.5703125,-0.630126953125,0.21728515625,-0.481201171875,-0.18292683362960815,2.5304877758026123,0.15243902802467346,20.0,11554.0,890836.856607875
131198.84375,131222.265625,131522.046875,131662.0625,131454.984375,131609.21875,131675.203125,102891.4296875,-0.63037109375,0.214599609375,-0.480712890625,-0.18292683362960815,2.378048896789551,0.18292683362960815,20.0,11555.0,890836.856762
131195.984375,131219.578125,131519.453125,131659.640625,131452.21875,131606.71875,131674.484375,102906.8046875,-0.630859375,0.214111328125,-0.478759765625,-0.060975611209869385,2.4390244483947754,0.12195122241973877,20.0,11556.0,890836.858464333
131237.46875,131260.796875,131561.296875,131701.578125,131494.0625,131648.28125,131725.71875,103039.578125,-0.629638671875,0.215087890625,-0.474853515625,-0.15243902802467346,2.4390244483947754,0.060975611209869385,20.0,11557.0,890836.858604125
131245.0625,131268.3125,131568.265625,131708.640625,131501.578125,131655.625,131726.703125,102984.4140625,-0.63134765625,0.21435546875,-0.479736328125,-0.09146341681480408,2.5304877758026123,0.15243902802467346,20.0,11558.0,890836.859366
131195.359375,131218.59375,131517.84375,131658.5625,131451.765625,131605.8125,131671.53125,102887.5859375,-0.63037109375,0.215087890625,-0.4794921875,-0.15243902802467346,2.5609755516052246,0.18292683362960815,20.0,11559.0,890836.86054875
131181.3125,131204.375,131504.078125,131644.53125,131437.28125,131591.515625,131656.78125,102868.359375,-0.631103515625,0.2158203125,-0.483154296875,-0.12195122241973877,2.5,0.15243902802467346,20.0,11560.0,890836.869087375
131225.21875,131248.28125,131549.046875,131689.234375,131481.546875,131635.765625,131712.21875,103010.875,-0.62841796875,0.21533203125,-0.482666015625,-0.15243902802467346,2.4695122241973877,0.060975611209869385,20.0,11561.0,890836.869241291
131239.703125,131262.9375,131563.078125,131703.71875,131496.203125,131650.4375,131723.03125,102990.8515625,-0.63037109375,0.215576171875,-0.480712890625,-0.12195122241973877,2.4390244483947754,0.18292683362960815,20.0,11562.0,890836.869342833
131195.359375,131218.515625,131518.375,131658.75,131451.765625,131606.0,131673.140625,102894.375,-0.630615234375,0.215087890625,-0.478759765625,-0.12195122241973877,2.5,0.21341463923454285,20.0,11563.0,890836.8694425
131161.203125,131184.265625,131484.21875,131624.140625,131417.4375,131571.84375,131636.390625,102845.296875,-0.630126953125,0.215576171875,-0.4775390625,-0.09146341681480408,2.4390244483947754,0.12195122241973877,20.0,11564.0,890836.869705791
131199.90625,131223.0625,131523.828125,131663.75,131456.328125,131610.640625,131685.65625,102979.5859375,-0.6318359375,0.2158203125,-0.47802734375,-0.15243902802467346,2.408536672592163,0.060975611209869385,20.0,11565.0,890836.898649
131222.890625,131246.21875,131546.8125,131686.90625,131479.390625,131633.796875,131708.1875,102994.0703125,-0.630859375,0.2158203125,-0.476318359375,-0.09146341681480408,2.4695122241973877,0.030487805604934692,20.0,11566.0,890836.898737208
131190.96875,131214.21875,131514.09375,131654.28125,131447.296875,131601.265625,131669.484375,102895.6328125,-0.63037109375,0.216796875,-0.47900390625,-0.12195122241973877,2.5,0.060975611209869385,20.0,11567.0,890836.898786166
131140.546875,131163.703125,131463.3125,131603.5,131396.421875,131550.828125,131616.546875,102830.8984375,-0.6318359375,0.2138671875,-0.47607421875,-0.18292683362960815,2.5,0.030487805604934692,20.0,11568.0,890836.9018885
131171.84375,131194.90625,131495.21875,131635.328125,131427.625,131581.953125,131656.515625,102941.765625,-0.630126953125,0.2138671875,-0.4794921875,-0.18292683362960815,2.408536672592163,0.09146341681480408,20.0,11569.0,890836.901964666
131200.890625,131224.234375,131524.640625,131664.734375,131456.875,131611.1875,131688.34375,102995.140625,-0.63134765625,0.21484375,-0.4765625,-0.12195122241973877,2.4695122241973877,0.12195122241973877,20.0,11570.0,890836.904335208
131182.484375,131205.71875,131505.859375,131645.78125,131438.890625,131593.125,131660.71875,102894.375,-0.631591796875,0.216064453125,-0.477783203125,-0.15243902802467346,2.4390244483947754,0.09146341681480408,20.0,11571.0,890836.904405666
131131.96875,131155.203125,131454.90625,131595.09375,131388.375,131542.515625,131606.890625,102805.8671875,-0.63134765625,0.215576171875,-0.478515625,-0.15243902802467346,2.5,0.060975611209869385,20.0,11572.0,890836.905383625
131156.28125,131179.796875,131479.9375,131620.125,131412.609375,131567.109375,131637.828125,102893.0390625,-0.6298828125,0.216552734375,-0.479736328125,-0.15243902802467346,2.5304877758026123,0.12195122241973877,20.0,11573.0,890836.907714541
131190.4375,131214.21875,131514.625,131655.0,131446.765625,131601.625,131678.234375,102984.6796875,-0.6298828125,0.215576171875,-0.479248046875,-0.09146341681480408,2.5,0.12195122241973877,20.0,11574.0,890836.910586583
131182.65625,131206.078125,131506.046875,131646.765625,131438.984375,131593.578125,131661.703125,102897.953125,-0.628662109375,0.213623046875,-0.480224609375,-0.09146341681480408,2.4695122241973877,0.060975611209869385,20.0,11575.0,890836.910655416
131124.8125,131147.875,131448.015625,131588.109375,131381.140625,131535.359375,131600.28125,102806.7578125,-0.6318359375,0.214111328125,-0.47998046875,-0.09146341681480408,2.378048896789551,0.15243902802467346,20.0,11576.0,890836.911607625
131135.1875,131158.34375,131458.296875,131598.3125,131391.328125,131545.46875,131614.578125,102855.9296875,-0.630859375,0.213134765625,-0.479736328125,-0.15243902802467346,2.378048896789551,0.15243902802467346,20.0,11577.0,890836.944696166
131173.890625,131197.234375,131497.453125,131637.734375,131429.859375,131584.265625,131661.78125,102974.484375,-0.63037109375,0.212890625,-0.47900390625,-0.15243902802467346,2.4695122241973877,0.15243902802467346,20.0,11578.0,890836.944788
131175.765625,131199.015625,131498.984375,131639.4375,131432.1875,131586.234375,131656.421875,102904.9296875,-0.631591796875,0.213134765625,-0.47998046875,-0.15243902802467346,2.4695122241973877,0.15243902802467346,20.0,11579.0,890836.944835375
131122.125,131145.640625,131445.15625,131585.53125,131378.71875,131532.78125,131598.046875,102804.96875,-0.632080078125,0.214111328125,-0.478759765625,-0.12195122241973877,2.5304877758026123,0.060975611209869385,20.0,11580.0,890836.9448815
131117.390625,131140.71875,131440.15625,131580.421875,131373.625,131527.859375,131594.375,102817.84375,-0.6298828125,0.214111328125,-0.48291015625,-0.18292683362960815,2.5,0.09146341681480408,20.0,11581.0,890836.944928333
131158.0625,131181.3125,131481.546875,131621.90625,131414.3125,131568.265625,131645.421875,102954.015625,-0.631103515625,0.212158203125,-0.479248046875,-0.21341463923454285,2.408536672592163,0.15243902802467346,20.0,11582.0,890836.945392791
131169.0625,131192.578125,131492.546875,131632.640625,131425.484375,131579.171875,131650.4375,102910.2890625,-0.63134765625,0.2119140625,-0.4794921875,-0.060975611209869385,2.5,0.15243902802467346,20.0,11583.0,890836.947582958
131118.28125,131141.796875,131441.84375,131581.6875,131374.96875,131528.484375,131593.75,102809.4453125,-0.632568359375,0.213623046875,-0.4814453125,-0.12195122241973877,2.4695122241973877,0.15243902802467346,20.0,11584.0,890836.947645333
131099.515625,131123.015625,131422.71875,131562.71875,131355.921875,131509.96875,131574.34375,102779.3984375,-0.63134765625,0.215576171875,-0.47705078125,-0.09146341681480408,2.5,0.12195122241973877,20.0,11585.0,890836.949839125
131143.671875,131167.015625,131467.5,131607.515625,131399.921875,131554.140625,131629.328125,102921.46875,-0.631591796875,0.21435546875,-0.478515625,-0.12195122241973877,2.4390244483947754,0.24390244483947754,20.0,11586.0,890836.95208225
131161.828125,131185.078125,131485.296875,131625.3125,131417.890625,131572.296875,131644.265625,102913.2421875,-0.630859375,0.214599609375,-0.479248046875,-0.15243902802467346,2.5304877758026123,0.15243902802467346,20.0,11587.0,890836.985870708
131117.03125,131140.09375,131440.234375,131580.078125,131373.265625,131527.328125,131593.125,102818.2890625,-0.631591796875,0.2158203125,-0.47900390625,-0.09146341681480408,2.4390244483947754,0.15243902802467346,20.0,11588.0,890836.985962
131078.140625,131101.296875,131401.25,131541.171875,131334.5625,131488.25,131552.625,102759.4609375,-0.630615234375,0.21484375,-0.476318359375,-0.12195122241973877,2.5,0.12195122241973877,20.0,11589.0,890836.986010416
131114.796875,131137.953125,131438.625,131578.734375,131371.3125,131525.078125,131600.09375,102891.0703125,-0.630859375,0.21630859375,-0.477783203125,-0.15243902802467346,2.408536672592163,0.15243902802467346,20.0,11590.0,890836.987614666
131139.203125,131162.546875,131462.953125,131603.046875,131395.359375,131549.5,131624.953125,102918.0703125,-0.630126953125,0.2138671875,-0.478759765625,-0.030487805604934692,2.4695122241973877,0.18292683362960815,20.0,11591.0,890836.987698291
131108.984375,131132.40625,131432.109375,131572.296875,131364.875,131518.921875,131586.15625,102821.0625,-0.63134765625,0.215576171875,-0.477294921875,-0.15243902802467346,2.408536672592163,0.24390244483947754,20.0,11592.0,890836.991436
131059.8125,131083.140625,131382.484375,131523.125,131315.875,131469.921875,131533.21875,102740.5078125,-0.631591796875,0.214599609375,-0.47802734375,-0.18292683362960815,2.378048896789551,0.18292683362960815,20.0,11593.0,890836.991541666
131091.28125,131114.4375,131414.671875,131555.390625,131347.4375,131501.21875,131574.53125,102850.390625,-0.6298828125,0.21630859375,-0.47705078125,-0.12195122241973877,2.4695122241973877,0.18292683362960815,20.0,11594.0,890836.993110791
131122.390625,131145.828125,131445.953125,131586.59375,131378.453125,131532.78125,131609.671875,102914.9453125,-0.632568359375,0.217041015625,-0.477783203125,-0.09146341681480408,2.408536672592163,0.12195122241973877,20.0,11595.0,890836.994770333
131104.515625,131128.125,131427.625,131567.640625,131360.390625,131515.078125,131582.03125,102816.59375,-0.630615234375,0.217041015625,-0.478271484375,-0.060975611209869385,2.378048896789551,0.12195122241973877,20.0,11596.0,890836.994837333
131049.796875,131073.40625,131372.734375,131512.84375,131305.859375,131460.171875,131523.5625,102728.2578125,-0.632080078125,0.21533203125,-0.477294921875,-0.060975611209869385,2.4695122241973877,0.09146341681480408,20.0,11597.0,890836.9977475
131072.0625,131095.75,131395.359375,131535.359375,131328.21875,131482.265625,131552.359375,102805.8671875,-0.63134765625,0.21435546875,-0.47607421875,-0.060975611209869385,2.378048896789551,0.15243902802467346,20.0,11598.0,890837.030075458
131109.96875,131133.390625,131433.890625,131573.546875,131366.03125,131520.34375,131597.0625,102904.03125,-0.62890625,0.213623046875,-0.473876953125,-0.15243902802467346,2.5304877758026123,0.18292683362960815,20.0,11599.0,890837.030223125
131100.9375,131124.546875,131424.140625,131564.421875,131357.0,131511.140625,131580.78125,102826.609375,-0.62890625,0.215087890625,-0.47705078125,-0.12195122241973877,2.4695122241973877,0.15243902802467346,20.0,11600.0,890837.032271833
131037.90625,131061.6875,131360.671875,131500.765625,131293.96875,131447.84375,131513.8125,102731.296875,-0.63134765625,0.215576171875,-0.479248046875,-0.15243902802467346,2.4390244483947754,0.12195122241973877,20.0,11601.0,890837.032394958
131041.0390625,131064.90625,131364.234375,131504.34375,131297.09375,131451.140625,131520.53125,102764.46875,-0.63134765625,0.214599609375,-0.479248046875,-0.12195122241973877,2.4390244483947754,0.09146341681480408,20.0,11602.0,890837.036464208
131079.21875,131102.734375,131403.3125,131543.0625,131335.359375,131489.40625,131568.453125,102889.90625,-0.631591796875,0.214111328125,-0.4775390625,-0.18292683362960815,2.5304877758026123,0.18292683362960815,20.0,11603.0,890837.03657925
131084.671875,131108.09375,131408.046875,131547.96875,131340.8125,131494.78125,131566.21875,102822.40625,-0.6298828125,0.215576171875,-0.478515625,-0.060975611209869385,2.4695122241973877,0.060975611209869385,20.0,11604.0,890837.037503583
131031.6484375,131055.34375,131354.234375,131494.6875,131287.796875,131441.484375,131507.296875,102725.3125,-0.630615234375,0.215087890625,-0.479248046875,-0.12195122241973877,2.5304877758026123,0.09146341681480408,20.0,11605.0,890837.040404208
131021.2734375,131044.7890625,131344.21875,131484.3125,131277.421875,131431.03125,131497.90625,102723.5234375,-0.631103515625,0.212646484375,-0.478759765625,-0.09146341681480408,2.591463327407837,0.12195122241973877,20.0,11606.0,890837.070843208
131065.0859375,131088.59375,131388.828125,131528.84375,131321.328125,131475.203125,131552.890625,102863.890625,-0.6318359375,0.214111328125,-0.478515625,-0.15243902802467346,2.5,0.12195122241973877,20.0,11607.0,890837.070981916
131078.046875,131101.828125,131401.796875,131541.890625,131334.640625,131488.421875,131561.203125,102828.9296875,-0.63134765625,0.21337890625,-0.47998046875,-0.09146341681480408,2.4695122241973877,0.18292683362960815,20.0,11608.0,890837.071081166
131029.6796875,131053.4609375,131353.25,131493.4375,131286.1875,131439.96875,131506.75,102729.3359375,-0.631591796875,0.21533203125,-0.48095703125,-0.12195122241973877,2.4695122241973877,0.15243902802467346,20.0,11609.0,890837.0711795
131002.140625,131025.5703125,131325.53125,131465.546875,131258.921875,131412.703125,131477.96875,102695.71875,-0.63134765625,0.21435546875,-0.481689453125,-0.09146341681480408,2.4695122241973877,0.060975611209869385,20.0,11610.0,890837.071286833
131044.078125,131067.3203125,131368.171875,131507.828125,131300.5,131454.453125,131530.890625,102834.65625,-0.6318359375,0.213134765625,-0.47998046875,-0.09146341681480408,2.4695122241973877,0.09146341681480408,20.0,11611.0,890837.071391791
131065.4453125,131088.875,131389.1875,131529.203125,131321.859375,131476.0,131550.203125,102831.2578125,-0.62939453125,0.215087890625,-0.480712890625,-0.060975611209869385,2.4390244483947754,0.21341463923454285,20.0,11612.0,890837.071497875
131030.3984375,131054.0859375,131353.78125,131493.875,131286.90625,131441.125,131506.578125,102726.6484375,-0.63037109375,0.215576171875,-0.47998046875,-0.12195122241973877,2.408536672592163,0.18292683362960815,20.0,11613.0,890837.078354583
130990.4296875,131013.6796875,131313.453125,131453.5625,131246.40625,131400.625,131464.734375,102669.609375,-0.63134765625,0.214599609375,-0.481689453125,-0.18292683362960815,2.408536672592163,0.3048780560493469,20.0,11614.0,890837.078497
131025.9296875,131049.171875,131349.40625,131489.234375,131281.890625,131435.953125,131510.15625,102794.6875,-0.6337890625,0.215576171875,-0.4794921875,-0.09146341681480408,2.5304877758026123,0.18292683362960815,20.0,11615.0,890837.078623166
131053.015625,131076.078125,131376.484375,131516.234375,131308.984375,131463.03125,131538.3125,102831.703125,-0.63232421875,0.216552734375,-0.4794921875,-0.18292683362960815,2.4390244483947754,0.18292683362960815,20.0,11616.0,890837.078724791
131025.9296875,131048.6328125,131348.328125,131488.875,131281.984375,131435.765625,131502.828125,102734.6953125,-0.632568359375,0.213623046875,-0.479248046875,-0.060975611209869385,2.5304877758026123,0.15243902802467346,20.0,11617.0,890837.078824416
130974.609375,130997.765625,131297.28125,131437.46875,131231.109375,131384.8125,131448.546875,102652.7109375,-0.63134765625,0.2158203125,-0.47802734375,-0.060975611209869385,2.5609755516052246,0.18292683362960815,20.0,11618.0,890837.078921916
131003.75,131027.0859375,131327.234375,131466.96875,131260.078125,131414.046875,131486.28125,102753.203125,-0.6318359375,0.216796875,-0.481201171875,-0.060975611209869385,2.5,0.18292683362960815,20.0,11619.0,890837.0802855
131037.640625,131061.0625,131361.296875,131501.390625,131293.96875,131447.75,131524.109375,102827.4140625,-0.633056640625,0.21484375,-0.47802734375,-0.060975611209869385,2.5,0.18292683362960815,20.0,11620.0,890837.109972041
131022.7109375,131046.3125,131346.1875,131486.015625,131279.125,131432.734375,131500.765625,102739.703125,-0.631103515625,0.214111328125,-0.480712890625,-0.15243902802467346,2.378048896789551,0.15243902802467346,20.0,11621.0,890837.11078725
130960.03125,130983.4609375,131283.328125,131423.25,131216.359375,131370.046875,131435.40625,102650.7421875,-0.62841796875,0.216064453125,-0.47802734375,-0.15243902802467346,2.408536672592163,0.21341463923454285,20.0,11622.0,890837.110898791
130974.4296875,130997.671875,131297.546875,131438.0,131230.671875,131384.71875,131455.34375,102713.6875,-0.6298828125,0.214599609375,-0.48046875,-0.18292683362960815,2.4695122241973877,0.21341463923454285,20.0,11623.0,890837.111019
131011.796875,131035.40625,131335.546875,131475.734375,131268.21875,131422.265625,131500.59375,102819.1875,-0.6279296875,0.215087890625,-0.48095703125,-0.12195122241973877,2.5,0.27439025044441223,20.0,11624.0,890837.113659333
131008.9375,131032.8125,131332.5,131472.875,131265.453125,131419.671875,131489.140625,102738.359375,-0.63037109375,0.21533203125,-0.477783203125,-0.18292683362960815,2.5,0.24390244483947754,20.0,11625.0,890837.11378925
130953.4140625,130976.84375,131276.53125,131417.078125,131209.921875,131363.703125,131429.859375,102647.5234375,-0.62939453125,0.2158203125,-0.478515625,-0.15243902802467346,2.5304877758026123,0.12195122241973877,20.0,11626.0,890837.113890625
130952.5234375,130975.765625,131275.640625,131416.015625,131208.5,131362.359375,131432.109375,102679.3515625,-0.6318359375,0.21630859375,-0.477783203125,-0.12195122241973877,2.4390244483947754,0.15243902802467346,20.0,11627.0,890837.113998833
130992.484375,131015.9140625,131316.140625,131456.15625,131248.546875,131402.328125,131481.640625,102807.8359375,-0.6318359375,0.217529296875,-0.480712890625,-0.030487805604934692,2.4695122241973877,0.15243902802467346,20.0,11628.0,890837.120455291
130998.4765625,131021.90625,131321.5,131461.703125,131254.890625,131408.40625,131479.9375,102744.7109375,-0.6298828125,0.216552734375,-0.4794921875,-0.09146341681480408,2.408536672592163,0.12195122241973877,20.0,11629.0,890837.158322
130950.2890625,130973.53125,131273.140625,131413.140625,131206.34375,131360.125,131426.296875,102643.5,-0.629150390625,0.216064453125,-0.47705078125,-0.12195122241973877,2.378048896789551,0.18292683362960815,20.0,11630.0,890837.158395916
130938.578125,130961.640625,131261.328125,131401.25,131194.640625,131348.421875,131414.3125,102631.703125,-0.630859375,0.215087890625,-0.4765625,-0.09146341681480408,2.408536672592163,0.18292683362960815,20.0,11631.0,890837.158438625
130981.3125,131004.2890625,131304.703125,131444.625,131237.375,131391.15625,131468.140625,102773.5,-0.631103515625,0.216064453125,-0.47705078125,-0.12195122241973877,2.4695122241973877,0.15243902802467346,20.0,11632.0,890837.159654166
130995.171875,131018.6875,131318.828125,131458.65625,131251.59375,131405.8125,131477.96875,102746.0546875,-0.63232421875,0.21484375,-0.47802734375,-0.18292683362960815,2.408536672592163,0.18292683362960815,20.0,11633.0,890837.159702
130950.46875,130973.625,131273.578125,131413.328125,131206.703125,131361.109375,131425.484375,102644.9296875,-0.6318359375,0.212158203125,-0.478515625,-0.18292683362960815,2.4390244483947754,0.12195122241973877,20.0,11634.0,890837.161484
130922.03125,130945.28125,131244.53125,131384.890625,131178.359375,131332.5,131395.4375,102599.78125,-0.630126953125,0.213623046875,-0.478271484375,-0.060975611209869385,2.4390244483947754,0.18292683362960815,20.0,11635.0,890837.163754125
130962.890625,130986.2265625,131286.375,131426.640625,131219.046875,131373.359375,131448.1875,102737.828125,-0.630615234375,0.21533203125,-0.47900390625,-0.09146341681480408,2.378048896789551,0.24390244483947754,20.0,11636.0,890837.1709365
130984.171875,131007.2421875,131307.46875,131447.65625,131240.328125,131394.1875,131468.578125,102747.9296875,-0.63037109375,0.2158203125,-0.48095703125,-0.09146341681480408,2.5304877758026123,0.18292683362960815,20.0,11637.0,890837.171012375
130949.390625,130972.640625,131272.328125,131412.515625,131205.71875,131359.5,131427.09375,102649.3125,-0.63037109375,0.21484375,-0.481201171875,-0.060975611209869385,2.5304877758026123,0.18292683362960815,20.0,11638.0,890837.172139875
130907.4609375,130930.53125,131229.859375,131370.140625,131163.34375,131317.390625,131380.96875,102577.7890625,-0.631591796875,0.21728515625,-0.48046875,-0.030487805604934692,2.4695122241973877,0.12195122241973877,20.0,11639.0,890837.172222458
130945.7265625,130968.5234375,131268.3125,131408.953125,131201.515625,131355.5625,131428.796875,102700.546875,-0.630615234375,0.216552734375,-0.48388671875,-0.060975611209869385,2.4695122241973877,0.12195122241973877,20.0,11640.0,890837.172273958
130974.15625,130997.4921875,131297.28125,131437.90625,131230.484375,131384.53125,131459.640625,102748.9140625,-0.630615234375,0.215576171875,-0.479736328125,-0.12195122241973877,2.4695122241973877,0.18292683362960815,20.0,11641.0,890837.172320625
130949.2109375,130972.4609375,131272.0625,131412.171875,131205.28125,131359.6875,131427.453125,102658.34375,-0.630126953125,0.218017578125,-0.48046875,-0.15243902802467346,2.4695122241973877,0.15243902802467346,20.0,11642.0,890837.221944166
130889.046875,130912.3828125,131211.890625,131352.078125,131145.1875,131299.25,131365.671875,102579.578125,-0.628662109375,0.216064453125,-0.47900390625,-0.09146341681480408,2.5,0.12195122241973877,20.0,11643.0,890837.222088875
130910.4140625,130933.75,131233.890625,131373.71875,131166.65625,131320.796875,131393.65625,102667.1953125,-0.63037109375,0.215087890625,-0.476806640625,-0.09146341681480408,2.4390244483947754,0.12195122241973877,20.0,11644.0,890837.222193458
130944.8359375,130968.171875,131268.3125,131408.140625,131201.25,131355.21875,131433.0,102749.453125,-0.630859375,0.21484375,-0.47607421875,-0.09146341681480408,2.4695122241973877,0.18292683362960815,20.0,11645.0,890837.228694333
130935.8046875,130959.40625,131258.734375,131398.9375,131192.3125,131346.09375,131413.859375,102652.890625,-0.630859375,0.21533203125,-0.476806640625,-0.060975611209869385,2.4695122241973877,0.18292683362960815,20.0,11646.0,890837.228847833
130882.7890625,130906.2109375,131205.546875,131345.46875,131139.203125,131292.890625,131356.828125,102559.7265625,-0.630615234375,0.216552734375,-0.47802734375,-0.060975611209869385,2.408536672592163,0.15243902802467346,20.0,11647.0,890837.228965166
130896.734375,130920.0703125,131219.765625,131359.5,131152.796875,131306.9375,131375.78125,102617.3984375,-0.62890625,0.216064453125,-0.4775390625,-0.060975611209869385,2.4390244483947754,0.21341463923454285,20.0,11648.0,890837.229074041
130936.4296875,130959.9453125,131260.4375,131400.359375,131192.84375,131346.71875,131424.0625,102731.8359375,-0.6298828125,0.216064453125,-0.4765625,-0.09146341681480408,2.408536672592163,0.15243902802467346,20.0,11649.0,890837.2295425
130936.609375,130959.9453125,131259.453125,131399.921875,131192.765625,131346.359375,131416.453125,102658.703125,-0.630859375,0.216552734375,-0.479248046875,-0.030487805604934692,2.5304877758026123,0.15243902802467346,20.0,11650.0,890837.231851375
130876.9765625,130900.3984375,131199.546875,131340.109375,131133.390625,131286.8125,131352.34375,102567.328125,-0.63134765625,0.21533203125,-0.47900390625,-0.030487805604934692,2.5609755516052246,0.18292683362960815,20.0,11651.0,890837.232003958
130873.1328125,130896.640625,131196.25,131336.890625,131129.546875,131283.421875,131350.65625,102580.5625,-0.629638671875,0.21435546875,-0.4775390625,-0.15243902802467346,2.4695122241973877,0.12195122241973877,20.0,11652.0,890837.2321265
130915.328125,130938.7578125,131238.625,131379.359375,131171.484375,131325.625,131403.21875,102715.5625,-0.630859375,0.2138671875,-0.478271484375,-0.12195122241973877,2.317073106765747,0.27439025044441223,20.0,11653.0,890837.233872375
130924.984375,130948.5,131247.65625,131388.109375,131181.140625,131334.921875,131405.640625,102666.2109375,-0.630615234375,0.21240234375,-0.477783203125,-0.12195122241973877,2.5,0.15243902802467346,20.0,11654.0,890837.235561916
130872.5,130895.9296875,131194.8125,131335.453125,131128.828125,131282.4375,131347.875,102571.6171875,-0.630615234375,0.213623046875,-0.47802734375,-0.060975611209869385,2.5,0.21341463923454285,20.0,11655.0,890837.237004
130853.1953125,130876.078125,131175.6875,131315.96875,131109.34375,131263.390625,131329.46875,102551.234375,-0.630126953125,0.215576171875,-0.47705078125,-0.15243902802467346,2.4695122241973877,0.15243902802467346,20.0,11656.0,890837.240214625
130893.6015625,130916.671875,131216.625,131357.0,131149.75,131303.796875,131381.046875,102691.2421875,-0.630126953125,0.216064453125,-0.47802734375,-0.12195122241973877,2.4390244483947754,0.15243902802467346,20.0,11657.0,890837.271118208
130909.7890625,130932.40625,131232.71875,131373.09375,131165.9375,131319.53125,131393.296875,102670.859375,-0.63134765625,0.216796875,-0.480712890625,-0.12195122241973877,2.5304877758026123,0.15243902802467346,20.0,11658.0,890837.271248166
130869.9140625,130893.3359375,131192.9375,131332.953125,131126.515625,131279.9375,131346.625,102569.0234375,-0.631103515625,0.215576171875,-0.47998046875,-0.18292683362960815,2.5609755516052246,0.12195122241973877,20.0,11659.0,890837.2713515
130833.5234375,130857.21875,131156.8125,131296.734375,131090.03125,131244.078125,131311.21875,102530.2265625,-0.630615234375,0.215576171875,-0.478759765625,-0.18292683362960815,2.5609755516052246,0.09146341681480408,20.0,11660.0,890837.271448291
130870.625,130894.046875,131194.09375,131334.015625,131127.140625,131280.921875,131357.53125,102657.5390625,-0.630615234375,0.218505859375,-0.478515625,-0.12195122241973877,2.591463327407837,0.15243902802467346,20.0,11661.0,890837.27154575
130894.046875,130917.2109375,131217.53125,131357.625,131150.46875,131304.078125,131380.328125,102675.328125,-0.63134765625,0.21728515625,-0.477294921875,-0.030487805604934692,2.5304877758026123,0.12195122241973877,20.0,11662.0,890837.27165425
130867.2265625,130890.203125,131190.078125,131330.0,131123.296875,131276.796875,131345.5625,102567.6875,-0.631591796875,0.216796875,-0.480224609375,-0.12195122241973877,2.5304877758026123,0.21341463923454285,20.0,11663.0,890837.271760291
130824.1328125,130846.9296875,131146.71875,131286.546875,131080.46875,131233.796875,131298.890625,102500.09375,-0.63232421875,0.216064453125,-0.478271484375,-0.18292683362960815,2.5304877758026123,0.3048780560493469,20.0,11664.0,890837.271864958
130856.3203125,130879.2109375,131179.796875,131319.53125,131112.46875,131266.078125,131340.015625,102613.375,-0.630859375,0.216796875,-0.4765625,-0.12195122241973877,2.378048896789551,0.09146341681480408,20.0,11665.0,890837.275191041
130887.6171875,130910.6796875,131211.171875,131351.1875,131143.765625,131297.71875,131374.25,102671.484375,-0.630859375,0.215087890625,-0.478515625,-0.18292683362960815,2.4390244483947754,0.15243902802467346,20.0,11666.0,890837.275313041
130868.2109375,130891.28125,131190.875,131331.078125,131124.28125,131278.140625,131345.109375,102576.625,-0.63134765625,0.214111328125,-0.47705078125,-0.15243902802467346,2.4695122241973877,0.21341463923454285,20.0,11667.0,890837.276839375
130811.2578125,130834.4140625,131133.75,131274.03125,131067.6796875,131221.28125,131285.46875,102490.171875,-0.631591796875,0.21484375,-0.478271484375,-0.09146341681480408,2.5,0.18292683362960815,20.0,11668.0,890837.279077958
130832.453125,130855.515625,131155.75,131295.484375,131088.875,131242.109375,131313.546875,102571.53125,-0.630615234375,0.2138671875,-0.47802734375,-0.09146341681480408,2.4390244483947754,0.060975611209869385,20.0,11669.0,890837.279192916
130869.015625,130892.4375,131192.765625,131332.5,131125.53125,131278.859375,131356.546875,102665.671875,-0.631103515625,0.21337890625,-0.477294921875,-0.12195122241973877,2.5,0.060975611209869385,20.0,11670.0,890837.315826208
130860.5234375,130883.9453125,131183.8125,131323.5625,131116.859375,131270.71875,131339.828125,102583.328125,-0.629150390625,0.214599609375,-0.475341796875,-0.09146341681480408,2.4390244483947754,0.09146341681480408,20.0,11671.0,890837.315969625
130799.3671875,130822.5234375,131121.953125,131262.140625,131055.4296875,131209.296875,131274.5625,102486.59375,-0.630859375,0.215576171875,-0.478515625,-0.09146341681480408,2.3475608825683594,0.12195122241973877,20.0,11672.0,890837.319059125
130805.8046875,130829.234375,131129.109375,131269.109375,131062.046875,131215.921875,131286.015625,102532.28125,-0.632080078125,0.215087890625,-0.47607421875,-0.09146341681480408,2.378048896789551,0.09146341681480408,20.0,11673.0,890837.319180166
130843.7109375,130866.9609375,131167.1875,131307.375,131100.046875,131253.5625,131332.5,102650.4765625,-0.630126953125,0.21337890625,-0.47705078125,-0.09146341681480408,2.4695122241973877,0.060975611209869385,20.0,11674.0,890837.32048975
130846.578125,130870.1796875,131169.421875,131310.0625,131103.171875,131256.6875,131326.6875,102576.0,-0.63232421875,0.21533203125,-0.478759765625,-0.060975611209869385,2.5609755516052246,0.15243902802467346,20.0,11675.0,890837.320604541
130796.5078125,130819.9296875,131119.0,131259.640625,131052.8359375,131206.53125,131270.71875,102476.578125,-0.63330078125,0.21484375,-0.478515625,-0.12195122241973877,2.5609755516052246,0.18292683362960815,20.0,11676.0,890837.321738666
130791.6796875,130814.8359375,131114.703125,131254.8125,131048.0078125,131201.703125,131268.046875,102486.859375,-0.63134765625,0.214599609375,-0.478515625,-0.12195122241973877,2.4695122241973877,0.18292683362960815,20.0,11677.0,890837.323051375
130834.4140625,130857.75,131158.0625,131298.171875,131090.65625,131244.609375,131321.78125,102624.90625,-0.632568359375,0.214111328125,-0.48046875,-0.12195122241973877,2.5609755516052246,0.21341463923454285,20.0,11678.0,890837.324216875
130845.7734375,130869.5546875,131169.328125,131309.703125,131102.28125,131256.234375,131327.5,102584.2265625,-0.6318359375,0.21630859375,-0.48193359375,-0.12195122241973877,2.5609755516052246,0.15243902802467346,20.0,11679.0,890837.325420166
130796.8671875,130820.2890625,131119.890625,131260.078125,131053.4609375,131207.15625,131271.796875,102481.046875,-0.633544921875,0.217041015625,-0.476806640625,-0.09146341681480408,2.5304877758026123,0.15243902802467346,20.0,11680.0,890837.326834833
130779.5234375,130803.390625,131102.90625,131242.828125,131036.5625,131190.078125,131253.28125,102445.734375,-0.631591796875,0.21484375,-0.476806640625,-0.15243902802467346,2.408536672592163,0.12195122241973877,20.0,11681.0,890837.335961833
130824.046875,130847.734375,131148.140625,131288.15625,131081.0,131234.609375,131309.703125,102592.6328125,-0.6318359375,0.214111328125,-0.478271484375,-0.09146341681480408,2.408536672592163,0.12195122241973877,20.0,11682.0,890837.336092791
130842.8203125,130866.6015625,131166.390625,131306.390625,131099.421875,131253.375,131325.796875,102590.9296875,-0.632080078125,0.21533203125,-0.4775390625,-0.18292683362960815,2.5,0.15243902802467346,20.0,11683.0,890837.36602775
130795.34375,130819.3046875,131118.375,131258.65625,131052.2109375,131205.984375,131271.4375,102496.9609375,-0.6298828125,0.214599609375,-0.477294921875,-0.18292683362960815,2.408536672592163,0.12195122241973877,20.0,11684.0,890837.366100791
130755.0234375,130778.625,131077.6875,131217.609375,131011.4453125,131165.046875,131228.515625,102428.5703125,-0.629638671875,0.21630859375,-0.4775390625,-0.09146341681480408,2.4390244483947754,0.15243902802467346,20.0,11685.0,890837.369374666
130793.5546875,130816.984375,131116.859375,131256.6875,131049.2578125,131203.3125,131277.515625,102561.6015625,-0.6298828125,0.216064453125,-0.478759765625,-0.12195122241973877,2.4695122241973877,0.21341463923454285,20.0,11686.0,890837.36944875
130818.7734375,130842.4609375,131142.0625,131282.34375,131074.828125,131228.34375,131304.078125,102593.8828125,-0.63037109375,0.216796875,-0.479736328125,-0.12195122241973877,2.5304877758026123,0.21341463923454285,20.0,11687.0,890837.371935833
130790.875,130814.390625,131113.90625,131254.1875,131047.4765625,131200.8125,131267.0625,102495.625,-0.632080078125,0.21484375,-0.479248046875,-0.12195122241973877,2.408536672592163,0.15243902802467346,20.0,11688.0,890837.371996875
130741.609375,130764.859375,131064.4609375,131204.5625,130998.03125,131151.625,131215.296875,102421.7734375,-0.6318359375,0.215576171875,-0.47900390625,-0.15243902802467346,2.5,0.12195122241973877,20.0,11689.0,890837.3753765
130770.578125,130793.828125,131094.234375,131234.15625,131026.8203125,131180.6875,131254.1875,102527.359375,-0.630615234375,0.2138671875,-0.47705078125,-0.060975611209869385,2.5609755516052246,0.15243902802467346,20.0,11690.0,890837.375434583
130801.3359375,130824.8515625,131124.984375,131265.171875,131057.6640625,131211.71875,131288.609375,102594.328125,-0.62939453125,0.21484375,-0.4775390625,-0.15243902802467346,2.408536672592163,0.18292683362960815,20.0,11691.0,890837.376729125
130786.765625,130810.453125,131109.875,131249.796875,131043.09375,131196.78125,131264.109375,102496.6953125,-0.63037109375,0.216552734375,-0.47705078125,-0.21341463923454285,2.4390244483947754,0.18292683362960815,20.0,11692.0,890837.377917125
130734.640625,130758.1484375,131057.6640625,131197.3125,130990.7890625,131144.84375,131208.234375,102402.546875,-0.630615234375,0.21630859375,-0.477783203125,-0.18292683362960815,2.408536672592163,0.09146341681480408,20.0,11693.0,890837.408699708
130757.703125,130780.859375,131081.0,131220.75,131013.765625,131167.71875,131237.015625,102477.828125,-0.62939453125,0.21630859375,-0.47998046875,-0.15243902802467346,2.5609755516052246,0.030487805604934692,20.0,11694.0,890837.411138208
130794.6328125,130818.3203125,131118.375,131258.203125,131050.78125,131204.828125,131281.265625,102581.6328125,-0.628173828125,0.21533203125,-0.48095703125,-0.09146341681480408,2.591463327407837,0.09146341681480408,20.0,11695.0,890837.411260458
130787.2109375,130810.6328125,131109.875,131250.25,131043.09375,131197.40625,131266.25,102507.15625,-0.63134765625,0.21630859375,-0.4794921875,-0.12195122241973877,2.378048896789551,0.12195122241973877,20.0,11696.0,890837.411370333
130722.8359375,130746.3515625,131045.234375,131185.78125,130978.8984375,131132.59375,131197.40625,102410.421875,-0.63037109375,0.21630859375,-0.480712890625,-0.12195122241973877,2.5,0.18292683362960815,20.0,11697.0,890837.41148
130726.9453125,130750.640625,131049.7109375,131190.171875,130983.0078125,131136.703125,131205.09375,102439.65625,-0.630126953125,0.21484375,-0.477294921875,-0.030487805604934692,2.378048896789551,0.21341463923454285,20.0,11698.0,890837.413077041
130767.5390625,130791.0546875,131091.015625,131230.84375,131023.515625,131177.375,131255.34375,102567.0625,-0.630859375,0.215576171875,-0.477294921875,-0.060975611209869385,2.4695122241973877,0.21341463923454285,20.0,11699.0,890837.413188708
130771.203125,130795.1640625,131094.5,131234.15625,131027.5390625,131181.140625,131251.5,102505.7265625,-0.631591796875,0.21533203125,-0.47607421875,-0.12195122241973877,2.4390244483947754,0.18292683362960815,20.0,11700.0,890837.414284125
130717.296875,130740.984375,131040.0546875,131180.0625,130973.8046875,131127.140625,131192.484375,102411.1328125,-0.63232421875,0.21435546875,-0.478759765625,-0.12195122241973877,2.378048896789551,0.12195122241973877,20.0,11701.0,890837.415455666
130704.59375,130728.0234375,131027.0859375,131167.453125,130961.109375,131114.53125,131182.03125,102408.359375,-0.63232421875,0.21484375,-0.47900390625,-0.24390244483947754,2.378048896789551,0.12195122241973877,20.0,11702.0,890837.456771458
130746.53125,130769.5078125,131069.6484375,131209.84375,131002.7734375,131156.1875,131234.609375,102546.4921875,-0.63330078125,0.215576171875,-0.477783203125,-0.15243902802467346,2.408536672592163,0.12195122241973877,20.0,11703.0,890837.456905916
130758.6015625,130782.203125,131082.078125,131222.265625,131015.734375,131168.890625,131242.296875,102512.96875,-0.632568359375,0.216796875,-0.47998046875,-0.12195122241973877,2.4390244483947754,0.18292683362960815,20.0,11704.0,890837.457006208
130714.4296875,130738.2109375,131037.1875,131177.828125,130971.4765625,131124.984375,131192.21875,102411.9375,-0.632568359375,0.215087890625,-0.476806640625,-0.09146341681480408,2.5304877758026123,0.09146341681480408,20.0,11705.0,890837.4571145
130685.109375,130708.7109375,131007.8671875,131148.328125,130941.796875,131095.75,131161.640625,102379.6640625,-0.633544921875,0.216552734375,-0.475341796875,-0.030487805604934692,2.5,0.15243902802467346,20.0,11706.0,890837.457219541
130724.7109375,130748.140625,131048.1875,131188.734375,130981.046875,131135.09375,131211.796875,102515.203125,-0.63232421875,0.214599609375,-0.478271484375,-0.09146341681480408,2.4695122241973877,0.15243902802467346,20.0,11707.0,890837.4593535
130745.90625,130769.2421875,131069.2890625,131209.484375,131002.0546875,131155.921875,131230.9375,102518.6875,-0.631103515625,0.214599609375,-0.478515625,-0.060975611209869385,2.5,0.12195122241973877,20.0,11708.0,890837.459474125
130712.375,130735.7109375,131034.953125,131175.0625,130968.5234375,131122.3125,131189.0,102413.1875,-0.62841796875,0.213623046875,-0.475830078125,-0.060975611209869385,2.5304877758026123,0.15243902802467346,20.0,11709.0,890837.460515125
130673.125,130696.546875,130995.6171875,131136.171875,130929.453125,131083.140625,131148.234375,102352.9296875,-0.629638671875,0.2158203125,-0.476806640625,-0.060975611209869385,2.408536672592163,0.15243902802467346,20.0,11710.0,890837.461973875
130706.5625,130729.6328125,131029.5,131169.78125,130962.890625,131116.5,131191.234375,102478.6328125,-0.63134765625,0.21630859375,-0.478759765625,-0.060975611209869385,2.4390244483947754,0.18292683362960815,20.0,11711.0,890837.464491208
130735.0859375,130758.1484375,131058.3828125,131198.21875,130991.234375,131144.921875,131221.546875,102519.671875,-0.631103515625,0.2158203125,-0.47900390625,-0.15243902802467346,2.5,0.12195122241973877,20.0,11712.0,890837.465522625
130712.640625,130735.9765625,131035.2265625,131175.234375,130968.3515625,131122.390625,131190.078125,102418.640625,-0.630615234375,0.2138671875,-0.479248046875,-0.12195122241973877,2.4695122241973877,0.15243902802467346,20.0,11713.0,890837.466734125
130660.7890625,130683.8515625,130983.0078125,131123.203125,130917.03125,131070.5390625,131134.828125,102346.3125,-0.6318359375,0.216064453125,-0.481201171875,-0.18292683362960815,2.5,0.18292683362960815,20.0,11714.0,890837.467999166
130686.0,130708.890625,131008.7578125,131149.21875,130942.2421875,131096.015625,131168.4375,102439.7421875,-0.63134765625,0.216064453125,-0.481201171875,-0.12195122241973877,2.408536672592163,0.18292683362960815,20.0,11715.0,890837.469225458
130717.296875,130740.625,131040.765625,131181.046875,130973.890625,131127.765625,131205.09375,102516.09375,-0.629638671875,0.21533203125,-0.478271484375,-0.18292683362960815,2.4390244483947754,0.12195122241973877,20.0,11716.0,890837.502030958
130705.3984375,130728.9140625,131028.6953125,131168.625,130962.1796875,131115.78125,131183.734375,102419.4453125,-0.630615234375,0.214599609375,-0.476318359375,-0.15243902802467346,2.378048896789551,0.15243902802467346,20.0,11717.0,890837.502151833
130652.4765625,130675.359375,130975.0546875,131115.25,130908.890625,131062.3125,131126.515625,102330.484375,-0.630859375,0.214599609375,-0.47802734375,-0.12195122241973877,2.4390244483947754,0.12195122241973877,20.0,11718.0,890837.502252166
130666.6015625,130689.578125,130989.359375,131129.90625,130923.015625,131076.625,131146.890625,102394.859375,-0.630615234375,0.2138671875,-0.478515625,-0.12195122241973877,2.5,0.21341463923454285,20.0,11719.0,890837.502359083
130702.5390625,130725.515625,131025.8359375,131166.203125,130959.046875,131112.734375,131190.796875,102503.671875,-0.630615234375,0.21337890625,-0.476806640625,-0.060975611209869385,2.4390244483947754,0.12195122241973877,20.0,11720.0,890837.502465541
130702.09375,130724.984375,131024.40625,131164.78125,130958.2421875,131111.84375,131181.859375,102422.0390625,-0.630615234375,0.21533203125,-0.481201171875,-0.030487805604934692,2.4390244483947754,0.030487805604934692,20.0,11721.0,890837.502570958
130648.8046875,130671.78125,130970.8515625,131111.3125,130905.046875,131058.3828125,131123.203125,102326.640625,-0.63134765625,0.216064453125,-0.479248046875,0.0,2.4390244483947754,0.060975611209869385,20.0,11722.0,890837.502676708
130651.671875,130675.359375,130974.25,131114.4375,130908.0,131061.6015625,131127.9375,102346.9375,-0.631591796875,0.215087890625,-0.4765625,-0.060975611209869385,2.408536672592163,0.09146341681480408,20.0,11723.0,890837.502967166
130693.8671875,130717.296875,131017.1640625,131157.265625,130950.1953125,131104.0625,131180.515625,102481.046875,-0.63134765625,0.21484375,-0.474609375,-0.12195122241973877,2.5,0.060975611209869385,20.0,11724.0,890837.504231791
130701.828125,130724.890625,131024.4921875,131164.59375,130957.6171875,131111.484375,131181.3125,102428.75,-0.63037109375,0.2158203125,-0.476806640625,-0.12195122241973877,2.5304877758026123,0.060975611209869385,20.0,11725.0,890837.50560025
130644.9609375,130668.2109375,130967.546875,131107.546875,130900.9375,131054.625,131119.359375,102333.2578125,-0.63134765625,0.2158203125,-0.477783203125,-0.18292683362960815,2.5609755516052246,0.15243902802467346,20.0,11726.0,890837.537582666
130628.6015625,130651.84375,130951.0,131091.28125,130884.484375,131037.9921875,131103.078125,102315.203125,-0.630615234375,0.216064453125,-0.47998046875,-0.15243902802467346,2.5609755516052246,0.09146341681480408,20.0,11727.0,890837.540183833
130672.6796875,130696.28125,130996.0625,131136.171875,130928.921875,131082.34375,131158.34375,102457.0859375,-0.6298828125,0.213623046875,-0.477294921875,-0.18292683362960815,2.4390244483947754,0.15243902802467346,20.0,11728.0,890837.540316791
130687.703125,130711.3046875,131011.0859375,131151.453125,130944.03125,131097.71875,131169.78125,102435.8125,-0.629150390625,0.216064453125,-0.474853515625,-0.15243902802467346,2.408536672592163,0.15243902802467346,20.0,11729.0,890837.543755833
130640.7578125,130663.9140625,130963.6953125,131104.25,130897.0,131050.78125,131117.921875,102340.234375,-0.6328125,0.21875,-0.47802734375,-0.12195122241973877,2.378048896789551,0.12195122241973877,20.0,11730.0,890837.544016416
130605.625,130628.78125,130928.203125,131068.84375,130861.6875,131015.46875,131081.0,102294.8125,-0.6328125,0.217529296875,-0.481689453125,-0.060975611209869385,2.408536672592163,0.060975611209869385,20.0,11731.0,890837.545751208
130644.25,130667.671875,130967.71875,131108.09375,130900.3984375,131053.8203125,131130.359375,102429.1015625,-0.630859375,0.21728515625,-0.479736328125,-0.09146341681480408,2.317073106765747,0.09146341681480408,20.0,11732.0,890837.545864916
130667.9375,130691.09375,130991.5078125,131131.609375,130924.0,131077.875,131153.15625,102440.7265625,-0.629638671875,0.2158203125,-0.476318359375,-0.12195122241973877,2.408536672592163,0.12195122241973877,20.0,11733.0,890837.546731166
130638.703125,130661.953125,130961.375,131101.65625,130894.9453125,131048.546875,131114.96875,102335.140625,-0.629638671875,0.2138671875,-0.480712890625,-0.060975611209869385,2.5,0.060975611209869385,20.0,11734.0,890837.57911025
130594.1796875,130617.421875,130916.9375,131057.1328125,130850.421875,131003.6640625,131068.21875,102272.1953125,-0.632568359375,0.215576171875,-0.48193359375,0.0,2.621951103210449,0.09146341681480408,20.0,11735.0,890837.5791855
130627.6171875,130650.7734375,130950.734375,131091.015625,130883.6796875,131037.1875,131111.125,102387.6171875,-0.631591796875,0.21533203125,-0.482666015625,-0.12195122241973877,2.4390244483947754,0.12195122241973877,20.0,11736.0,890837.579239291
130658.5546875,130681.796875,130981.8515625,131122.125,130914.796875,131068.125,131144.21875,102439.65625,-0.630615234375,0.212646484375,-0.482666015625,-0.060975611209869385,2.4390244483947754,0.18292683362960815,20.0,11737.0,890837.57929
130637.6328125,130660.96875,130960.65625,131100.9375,130893.78125,131047.3828125,131114.96875,102342.6484375,-0.630615234375,0.212158203125,-0.47900390625,-0.060975611209869385,2.378048896789551,0.24390244483947754,20.0,11738.0,890837.579344208
130583.09375,130606.0703125,130905.3125,131045.6875,130838.7109375,130992.578125,131056.1484375,102260.484375,-0.62890625,0.211669921875,-0.477294921875,-0.030487805604934692,2.22560977935791,0.09146341681480408,20.0,11739.0,890837.57939675
130605.53125,130628.8671875,130927.9375,131068.75,130861.2421875,131014.8359375,131086.546875,102349.7109375,-0.631103515625,0.212158203125,-0.479736328125,-0.030487805604934692,2.3475608825683594,0.15243902802467346,20.0,11740.0,890837.579446541
130638.703125,130662.1328125,130961.8203125,131102.375,130894.6796875,131048.1875,131126.0625,102436.4375,-0.631103515625,0.21240234375,-0.47998046875,-0.09146341681480408,2.4390244483947754,0.27439025044441223,20.0,11741.0,890837.579938625
130628.9609375,130652.5625,130951.984375,131091.90625,130885.203125,131038.53125,131106.390625,102345.328125,-0.63232421875,0.21435546875,-0.481201171875,-0.18292683362960815,2.378048896789551,0.27439025044441223,20.0,11742.0,890837.582939333
130575.2265625,130598.828125,130897.984375,131038.0859375,130831.5546875,130984.890625,131047.7421875,102253.5078125,-0.631103515625,0.21533203125,-0.479736328125,-0.21341463923454285,2.4695122241973877,0.21341463923454285,20.0,11743.0,890837.582997125
130586.4921875,130609.6484375,130909.0703125,131049.3515625,130842.5546875,130996.0625,131064.90625,102306.6171875,-0.631103515625,0.215576171875,-0.47607421875,-0.21341463923454285,2.4390244483947754,0.24390244483947754,20.0,11744.0,890837.5850605
130624.578125,130647.734375,130947.875,131088.25,130880.7265625,131034.5078125,131112.375,102424.7265625,-0.630615234375,0.216064453125,-0.477783203125,-0.18292683362960815,2.4390244483947754,0.21341463923454285,20.0,11745.0,890837.587438875
130625.46875,130648.359375,130948.140625,131088.421875,130881.3515625,131035.1328125,131105.40625,102353.5546875,-0.630126953125,0.216552734375,-0.477783203125,-0.15243902802467346,2.4390244483947754,0.12195122241973877,20.0,11746.0,890837.6012745
130572.546875,130595.34375,130895.03125,131035.2265625,130828.3359375,130982.296875,131047.7421875,102248.7734375,-0.630126953125,0.21923828125,-0.477294921875,-0.12195122241973877,2.4695122241973877,0.09146341681480408,20.0,11747.0,890837.601355041
130573.8828125,130597.1328125,130896.375,131036.921875,130829.9453125,130983.6328125,131049.890625,102260.5703125,-0.6298828125,0.21923828125,-0.476318359375,-0.09146341681480408,2.4390244483947754,0.09146341681480408,20.0,11748.0,890837.601415916
130616.171875,130639.328125,130939.2890625,131079.65625,130872.234375,131026.015625,131102.453125,102398.171875,-0.631103515625,0.217529296875,-0.477294921875,-0.09146341681480408,2.5,0.09146341681480408,20.0,11749.0,890837.605404125
130623.328125,130646.484375,130946.171875,131086.71875,130879.65625,131033.34375,131104.25,102356.0625,-0.630615234375,0.214599609375,-0.48046875,-0.15243902802467346,2.5,0.09146341681480408,20.0,11750.0,890837.634660708
130567.984375,130591.2265625,130890.7421875,131031.203125,130824.3125,130978.09375,131044.8828125,102260.75,-0.63232421875,0.215087890625,-0.4755859375,-0.060975611209869385,2.4695122241973877,0.09146341681480408,20.0,11751.0,890837.6350585
130545.09375,130568.4296875,130867.765625,131008.3125,130801.3359375,130955.203125,131021.1875,102231.6015625,-0.63232421875,0.21337890625,-0.4765625,-0.030487805604934692,2.591463327407837,0.18292683362960815,20.0,11752.0,890837.63517225
130588.0078125,130610.71875,130910.859375,131051.5859375,130843.890625,130997.5859375,131074.46875,102372.6015625,-0.6337890625,0.211669921875,-0.4755859375,-0.060975611209869385,2.591463327407837,0.15243902802467346,20.0,11753.0,890837.642790875
130605.625,130628.6015625,130928.5625,131069.109375,130861.6875,131015.5546875,131088.875,102360.8828125,-0.6328125,0.214111328125,-0.478759765625,-0.030487805604934692,2.5,0.24390244483947754,20.0,11754.0,890837.642903416
130560.6484375,130583.453125,130882.9609375,131023.421875,130816.4453125,130970.5859375,131036.921875,102265.84375,-0.632568359375,0.21337890625,-0.47705078125,-0.060975611209869385,2.4695122241973877,0.12195122241973877,20.0,11755.0,890837.64300675
130519.8828125,130542.7734375,130841.8359375,130982.828125,130775.8515625,130929.6328125,130995.171875,102208.984375,-0.63037109375,0.210693359375,-0.4794921875,-0.09146341681480408,2.4695122241973877,0.12195122241973877,20.0,11756.0,890837.645160208
130558.1484375,130581.21875,130881.0,131021.6328125,130814.1171875,130967.8125,131044.078125,102339.7890625,-0.630859375,0.211181640625,-0.478271484375,-0.12195122241973877,2.5,0.030487805604934692,20.0,11757.0,890837.645290125
130584.34375,130606.96875,130907.28125,131047.921875,130840.046875,130994.09375,131069.828125,102363.125,-0.63037109375,0.21337890625,-0.4755859375,-0.12195122241973877,2.5,0.09146341681480408,20.0,11758.0,890837.646408041
130557.34375,130580.765625,130880.015625,131020.6484375,130813.40625,130967.71875,131033.96875,102256.640625,-0.630859375,0.214111328125,-0.476806640625,-0.15243902802467346,2.4390244483947754,0.12195122241973877,20.0,11759.0,890837.648449791
130515.0546875,130538.125,130837.1015625,130977.6484375,130770.9375,130924.71875,130988.1953125,102184.84375,-0.62890625,0.213134765625,-0.47509765625,-0.18292683362960815,2.378048896789551,0.09146341681480408,20.0,11760.0,890837.650592916
130549.7421875,130572.9921875,130872.4140625,131012.6953125,130805.8046875,130959.3203125,131031.6484375,102297.9453125,-0.62939453125,0.215087890625,-0.47802734375,-0.09146341681480408,2.3475608825683594,0.12195122241973877,20.0,11761.0,890837.650705291
130580.3203125,130603.5703125,130903.796875,131043.71875,130836.5625,130989.8984375,131066.25,102359.90625,-0.630859375,0.21484375,-0.478759765625,-0.21341463923454285,2.408536672592163,0.12195122241973877,20.0,11762.0,890837.658804083
130560.828125,130583.71875,130883.3203125,131023.515625,130816.625,130970.2265625,131038.890625,102267.9921875,-0.63134765625,0.21728515625,-0.481689453125,-0.15243902802467346,2.4695122241973877,0.12195122241973877,20.0,11763.0,890837.689864458
130500.03125,130523.1015625,130822.4375,130962.890625,130756.0078125,130909.609375,130974.9609375,102187.5234375,-0.63232421875,0.21728515625,-0.478515625,-0.09146341681480408,2.4390244483947754,0.15243902802467346,20.0,11764.0,890837.690311625
130513.265625,130536.515625,130836.3828125,130976.84375,130769.328125,130923.015625,130995.53125,102263.609375,-0.630126953125,0.21728515625,-0.477783203125,-0.12195122241973877,2.5,0.12195122241973877,20.0,11765.0,890837.693372583
130548.7578125,130572.0078125,130872.0546875,131012.6015625,130804.734375,130957.9765625,131037.1875,102357.84375,-0.630859375,0.21923828125,-0.478271484375,-0.15243902802467346,2.4390244483947754,0.12195122241973877,20.0,11766.0,890837.693475458
130544.203125,130567.5390625,130867.046875,131007.5078125,130800.265625,130953.4140625,131022.6171875,102266.1171875,-0.631103515625,0.218017578125,-0.479736328125,-0.18292683362960815,2.5,0.15243902802467346,20.0,11767.0,890837.693554125
130491.5390625,130514.875,130814.4765625,130954.3125,130747.8671875,130901.2890625,130965.3984375,102173.3125,-0.6298828125,0.217041015625,-0.481689453125,-0.15243902802467346,2.4390244483947754,0.21341463923454285,20.0,11768.0,890837.695634
130498.9609375,130522.4765625,130821.9921875,130962.0859375,130755.46875,130909.0703125,130977.6484375,102218.7265625,-0.631591796875,0.21630859375,-0.48046875,-0.12195122241973877,2.5609755516052246,0.12195122241973877,20.0,11769.0,890837.695738875
130539.640625,130563.15625,130862.8515625,131003.6640625,130796.0625,130949.390625,131027.4453125,102341.578125,-0.631103515625,0.2158203125,-0.48095703125,-0.12195122241973877,2.5609755516052246,0.15243902802467346,20.0,11770.0,890837.696797875
130545.1875,130568.875,130868.03125,131008.671875,130801.3359375,130954.9375,131025.296875,102275.59375,-0.62939453125,0.213623046875,-0.481201171875,0.0,2.4390244483947754,0.09146341681480408,20.0,11771.0,890837.698063958
130489.9296875,130513.8046875,130812.78125,130953.1484375,130746.4375,130899.953125,130965.484375,102180.9140625,-0.631591796875,0.213623046875,-0.48046875,-0.09146341681480408,2.5,0.12195122241973877,20.0,11772.0,890837.699279666
130479.9140625,130503.609375,130802.5,130943.046875,130736.515625,130889.578125,130956.9921875,102182.4296875,-0.631591796875,0.212158203125,-0.47998046875,-0.09146341681480408,2.591463327407837,0.060975611209869385,20.0,11773.0,890837.70050075
130520.8671875,130544.46875,130844.25,130984.7109375,130777.4609375,130930.796875,131008.7578125,102320.7421875,-0.630615234375,0.2119140625,-0.479248046875,-0.12195122241973877,2.5,0.27439025044441223,20.0,11774.0,890837.703917333
